-- ----------------------------
-- Table structure for ACT_EVT_LOG
-- ----------------------------
DROP TABLE "ACT_EVT_LOG";
CREATE TABLE "ACT_EVT_LOG" (
  "LOG_NR_" NUMBER(19,0) VISIBLE NOT NULL,
  "TYPE_" NVARCHAR2(64) VISIBLE,
  "PROC_DEF_ID_" NVARCHAR2(64) VISIBLE,
  "PROC_INST_ID_" NVARCHAR2(64) VISIBLE,
  "EXECUTION_ID_" NVARCHAR2(64) VISIBLE,
  "TASK_ID_" NVARCHAR2(64) VISIBLE,
  "TIME_STAMP_" TIMESTAMP(6) VISIBLE NOT NULL,
  "USER_ID_" NVARCHAR2(255) VISIBLE,
  "DATA_" BLOB VISIBLE,
  "LOCK_OWNER_" NVARCHAR2(255) VISIBLE,
  "LOCK_TIME_" TIMESTAMP(6) VISIBLE,
  "IS_PROCESSED_" NUMBER(3,0) VISIBLE DEFAULT 0
)
LOGGING
NOCOMPRESS
PCTFREE 10
INITRANS 1
STORAGE (
  BUFFER_POOL DEFAULT
)
PARALLEL 1
NOCACHE
DISABLE ROW MOVEMENT
;

-- ----------------------------
-- Records of ACT_EVT_LOG
-- ----------------------------

-- ----------------------------
-- Table structure for ACT_GE_BYTEARRAY
-- ----------------------------
DROP TABLE "ACT_GE_BYTEARRAY";
CREATE TABLE "ACT_GE_BYTEARRAY" (
  "ID_" NVARCHAR2(64) VISIBLE NOT NULL,
  "REV_" NUMBER VISIBLE,
  "NAME_" NVARCHAR2(255) VISIBLE,
  "DEPLOYMENT_ID_" NVARCHAR2(64) VISIBLE,
  "BYTES_" BLOB VISIBLE,
  "GENERATED_" NUMBER(1,0) VISIBLE
)
LOGGING
NOCOMPRESS
PCTFREE 10
INITRANS 1
STORAGE (
  INITIAL 65536 
  NEXT 1048576 
  MINEXTENTS 1
  MAXEXTENTS 2147483645
  BUFFER_POOL DEFAULT
)
PARALLEL 1
NOCACHE
DISABLE ROW MOVEMENT
;

-- ----------------------------
-- Records of ACT_GE_BYTEARRAY
-- ----------------------------
INSERT INTO "ACT_GE_BYTEARRAY" VALUES ('2', '2', 'source', NULL, HEXTORAW('7B227265736F757263654964223A2231222C2270726F70657274696573223A7B2270726F636573735F6964223A226C65617665222C226E616D65223A22E8AFB7E58187E794B3E8AFB7E6B581E7A88B222C22646F63756D656E746174696F6E223A22222C2270726F636573735F617574686F72223A22737973222C2270726F636573735F76657273696F6E223A22222C2270726F636573735F6E616D657370616365223A22687474703A2F2F7777772E61637469766974692E6F72672F70726F63657373646566222C22657865637574696F6E6C697374656E657273223A22222C226576656E746C697374656E657273223A22222C227369676E616C646566696E6974696F6E73223A22222C226D657373616765646566696E6974696F6E73223A22227D2C227374656E63696C223A7B226964223A2242504D4E4469616772616D227D2C226368696C64536861706573223A5B7B227265736F757263654964223A227369642D33413341393934412D413436372D344137462D424634442D423238364138333342324545222C2270726F70657274696573223A7B226F766572726964656964223A227374617274222C226E616D65223A22E5BC80E5A78B222C22646F63756D656E746174696F6E223A22222C22657865637574696F6E6C697374656E657273223A22222C22696E69746961746F72223A226170706C79222C22666F726D6B6579646566696E6974696F6E223A222F6F612F6C656176652F666F726D222C22666F726D70726F70657274696573223A22227D2C227374656E63696C223A7B226964223A2253746172744E6F6E654576656E74227D2C226368696C64536861706573223A5B5D2C226F7574676F696E67223A5B7B227265736F757263654964223A227369642D31383343354245302D323343332D343931312D383046392D393246343939463641454232227D5D2C22626F756E6473223A7B226C6F7765725269676874223A7B2278223A34352C2279223A3332357D2C2275707065724C656674223A7B2278223A31352C2279223A3239357D7D2C22646F636B657273223A5B5D7D2C7B227265736F757263654964223A227369642D42334438444344332D453742412D343537342D393142342D334534383138393639323736222C2270726F70657274696573223A7B226F766572726964656964223A22646570744175646974222C226E616D65223A22E983A8E997A8E7BB8FE79086222C22646F63756D656E746174696F6E223A22222C226173796E6368726F6E6F7573646566696E6974696F6E223A2266616C7365222C226578636C7573697665646566696E6974696F6E223A2266616C7365222C22657865637574696F6E6C697374656E657273223A22222C226D756C7469696E7374616E63655F74797065223A224E6F6E65222C226D756C7469696E7374616E63655F63617264696E616C697479223A22222C226D756C7469696E7374616E63655F636F6C6C656374696F6E223A22222C226D756C7469696E7374616E63655F7661726961626C65223A22222C226D756C7469696E7374616E63655F636F6E646974696F6E223A22222C226973666F72636F6D70656E736174696F6E223A2266616C7365222C22757365727461736B61737369676E6D656E74223A7B2261737369676E6D656E74223A7B2263616E6469646174655573657273223A5B7B2276616C7565223A2261646D696E222C222424686173684B6579223A22344F45227D5D2C2263616E64696461746547726F757073223A5B7B2276616C7565223A226465707441646D696E222C222424686173684B6579223A22344F47227D5D2C2261737369676E6565223A2273797374656D227D7D2C22666F726D6B6579646566696E6974696F6E223A22222C2264756564617465646566696E6974696F6E223A22222C227072696F72697479646566696E6974696F6E223A22222C22666F726D70726F70657274696573223A22222C227461736B6C697374656E657273223A22227D2C227374656E63696C223A7B226964223A22557365725461736B227D2C226368696C64536861706573223A5B5D2C226F7574676F696E67223A5B7B227265736F757263654964223A227369642D41364638444246422D394446392D343241352D394438322D433733383730394242363646227D5D2C22626F756E6473223A7B226C6F7765725269676874223A7B2278223A3139302C2279223A3335307D2C2275707065724C656674223A7B2278223A39302C2279223A3237307D7D2C22646F636B657273223A5B5D7D2C7B227265736F757263654964223A227369642D31383343354245302D323343332D343931312D383046392D393246343939463641454232222C2270726F70657274696573223A7B226F766572726964656964223A22222C226E616D65223A22222C22646F63756D656E746174696F6E223A22222C22636F6E646974696F6E73657175656E6365666C6F77223A22222C22657865637574696F6E6C697374656E657273223A22222C2264656661756C74666C6F77223A2266616C7365227D2C227374656E63696C223A7B226964223A2253657175656E6365466C6F77227D2C226368696C64536861706573223A5B5D2C226F7574676F696E67223A5B7B227265736F757263654964223A227369642D42334438444344332D453742412D343537342D393142342D334534383138393639323736227D5D2C22626F756E6473223A7B226C6F7765725269676874223A7B2278223A38392E31353632352C2279223A3331307D2C2275707065724C656674223A7B2278223A34352E3630393337352C2279223A3331307D7D2C22646F636B657273223A5B7B2278223A31352C2279223A31357D2C7B2278223A35302C2279223A34307D5D2C22746172676574223A7B227265736F757263654964223A227369642D42334438444344332D453742412D343537342D393142342D334534383138393639323736227D7D2C7B227265736F757263654964223A227369642D31393630363034342D303641332D343336442D383032382D424233364338413635383844222C2270726F70657274696573223A7B226F766572726964656964223A22222C226E616D65223A22222C22646F63756D656E746174696F6E223A22222C2273657175656E6365666C6F776F72646572223A22227D2C227374656E63696C223A7B226964223A224578636C757369766547617465776179227D2C226368696C64536861706573223A5B5D2C226F7574676F696E67223A5B7B227265736F757263654964223A227369642D41464641393930422D413233362D344543452D383546462D333239303133363042444445227D2C7B227265736F757263654964223A227369642D43393533453846382D363431442D343038372D414244372D433741463944454138433035227D5D2C22626F756E6473223A7B226C6F7765725269676874223A7B2278223A3237352C2279223A3333307D2C2275707065724C656674223A7B2278223A3233352C2279223A3239307D7D2C22646F636B657273223A5B5D7D2C7B227265736F757263654964223A227369642D41364638444246422D394446392D343241352D394438322D433733383730394242363646222C2270726F70657274696573223A7B226F766572726964656964223A22222C226E616D65223A22222C22646F63756D656E746174696F6E223A22222C22636F6E646974696F6E73657175656E6365666C6F77223A22222C22657865637574696F6E6C697374656E657273223A22222C2264656661756C74666C6F77223A2266616C7365227D2C227374656E63696C223A7B226964223A2253657175656E6365466C6F77227D2C226368696C64536861706573223A5B5D2C226F7574676F696E67223A5B7B227265736F757263654964223A227369642D31393630363034342D303641332D343336442D383032382D424233364338413635383844227D5D2C22626F756E6473223A7B226C6F7765725269676874223A7B2278223A3233342E36343834343638373030303735352C2279223A3331302E343039373333353336323333387D2C2275707065724C656674223A7B2278223A3139302E36323838393638373939393234352C2279223A3331302E323139313732373133373636327D7D2C22646F636B657273223A5B7B2278223A35302C2279223A34307D2C7B2278223A32302E352C2279223A32302E357D5D2C22746172676574223A7B227265736F757263654964223A227369642D31393630363034342D303641332D343336442D383032382D424233364338413635383844227D7D2C7B227265736F757263654964223A227369642D35354136453745352D423344342D343541342D424137462D373931303930414135423135222C2270726F70657274696573223A7B226F766572726964656964223A2248524175646974222C226E616D65223A224852222C22646F63756D656E746174696F6E223A22222C226173796E6368726F6E6F7573646566696E6974696F6E223A2266616C7365222C226578636C7573697665646566696E6974696F6E223A2266616C7365222C22657865637574696F6E6C697374656E657273223A22222C226D756C7469696E7374616E63655F74797065223A224E6F6E65222C226D756C7469696E7374616E63655F63617264696E616C697479223A22222C226D756C7469696E7374616E63655F636F6C6C656374696F6E223A22222C226D756C7469696E7374616E63655F7661726961626C65223A22222C226D756C7469696E7374616E63655F636F6E646974696F6E223A22222C226973666F72636F6D70656E736174696F6E223A2266616C7365222C22757365727461736B61737369676E6D656E74223A7B2261737369676E6D656E74223A7B2263616E64696461746547726F757073223A5B7B2276616C7565223A226872222C222424686173684B6579223A22345544227D5D7D7D2C22666F726D6B6579646566696E6974696F6E223A22222C2264756564617465646566696E6974696F6E223A22222C227072696F72697479646566696E6974696F6E223A22222C22666F726D70726F70657274696573223A22222C227461736B6C697374656E657273223A22227D2C227374656E63696C223A7B226964223A22557365725461736B227D2C226368696C64536861706573223A5B5D2C226F7574676F696E67223A5B7B227265736F757263654964223A227369642D37363645374534322D364645312D344138312D383433452D424641323246394244423646227D5D2C22626F756E6473223A7B226C6F7765725269676874223A7B2278223A3435362E362C2279223A3335307D2C2275707065724C656674223A7B2278223A3335362E362C2279223A3237307D7D2C22646F636B657273223A5B5D7D2C7B227265736F757263654964223A227369642D44383942373034352D373233312D343243462D393044302D423435423831384443444135222C2270726F70657274696573223A7B226F766572726964656964223A22222C226E616D65223A22222C22646F63756D656E746174696F6E223A22222C2273657175656E6365666C6F776F72646572223A22227D2C227374656E63696C223A7B226964223A224578636C757369766547617465776179227D2C226368696C64536861706573223A5B5D2C226F7574676F696E67223A5B7B227265736F757263654964223A227369642D33423941463037372D394639442D343734302D413438332D334245444446373442354246227D2C7B227265736F757263654964223A227369642D46333245453541302D323733332D343332462D423142412D433044344244393437353037227D5D2C22626F756E6473223A7B226C6F7765725269676874223A7B2278223A3534312E362C2279223A3333307D2C2275707065724C656674223A7B2278223A3530312E362C2279223A3239307D7D2C22646F636B657273223A5B5D7D2C7B227265736F757263654964223A227369642D37363645374534322D364645312D344138312D383433452D424641323246394244423646222C2270726F70657274696573223A7B226F766572726964656964223A22222C226E616D65223A22222C22646F63756D656E746174696F6E223A22222C22636F6E646974696F6E73657175656E6365666C6F77223A22222C22657865637574696F6E6C697374656E657273223A22222C2264656661756C74666C6F77223A2266616C7365227D2C227374656E63696C223A7B226964223A2253657175656E6365466C6F77227D2C226368696C64536861706573223A5B5D2C226F7574676F696E67223A5B7B227265736F757263654964223A227369642D44383942373034352D373233312D343243462D393044302D423435423831384443444135227D5D2C22626F756E6473223A7B226C6F7765725269676874223A7B2278223A3530312E32343834343638373030303735372C2279223A3331302E343039373333353336323333387D2C2275707065724C656674223A7B2278223A3435372E323238383936383739393932352C2279223A3331302E323139313732373133373636327D7D2C22646F636B657273223A5B7B2278223A35302C2279223A34307D2C7B2278223A32302E352C2279223A32302E357D5D2C22746172676574223A7B227265736F757263654964223A227369642D44383942373034352D373233312D343243462D393044302D423435423831384443444135227D7D2C7B227265736F757263654964223A227369642D34313638304233432D303836442D344636442D393242302D424430344539413945324238222C2270726F70657274696573223A7B226F766572726964656964223A22222C226E616D65223A22222C22646F63756D656E746174696F6E223A22222C2273657175656E6365666C6F776F72646572223A22227D2C227374656E63696C223A7B226964223A224578636C757369766547617465776179227D2C226368696C64536861706573223A5B5D2C226F7574676F696E67223A5B7B227265736F757263654964223A227369642D46304432393030462D373343422D343041392D414442312D323632444643324232394446227D2C7B227265736F757263654964223A227369642D39364238313541432D423831442D344441432D383838332D414238334642424634304644227D5D2C22626F756E6473223A7B226C6F7765725269676874223A7B2278223A3635312E362C2279223A3333307D2C2275707065724C656674223A7B2278223A3631312E362C2279223A3239307D7D2C22646F636B657273223A5B5D7D2C7B227265736F757263654964223A227369642D35373736313832302D433644342D343644442D393038422D344330443834443742433736222C2270726F70657274696573223A7B226F766572726964656964223A227869616F6A6961222C226E616D65223A22E99480E58187222C22646F63756D656E746174696F6E223A22222C226173796E6368726F6E6F7573646566696E6974696F6E223A2266616C7365222C226578636C7573697665646566696E6974696F6E223A2266616C7365222C22657865637574696F6E6C697374656E657273223A22222C226D756C7469696E7374616E63655F74797065223A224E6F6E65222C226D756C7469696E7374616E63655F63617264696E616C697479223A22222C226D756C7469696E7374616E63655F636F6C6C656374696F6E223A22222C226D756C7469696E7374616E63655F7661726961626C65223A22222C226D756C7469696E7374616E63655F636F6E646974696F6E223A22222C226973666F72636F6D70656E736174696F6E223A2266616C7365222C22757365727461736B61737369676E6D656E74223A7B2261737369676E6D656E74223A7B2261737369676E6565223A22247B6170706C797D227D7D2C22666F726D6B6579646566696E6974696F6E223A22222C2264756564617465646566696E6974696F6E223A22222C227072696F72697479646566696E6974696F6E223A22222C22666F726D70726F70657274696573223A22222C227461736B6C697374656E657273223A22227D2C227374656E63696C223A7B226964223A22557365725461736B227D2C226368696C64536861706573223A5B5D2C226F7574676F696E67223A5B7B227265736F757263654964223A227369642D46443038414433382D373238432D343046362D414533302D363930443030423245374232227D5D2C22626F756E6473223A7B226C6F7765725269676874223A7B2278223A3833382E322C2279223A3335307D2C2275707065724C656674223A7B2278223A3733382E322C2279223A3237307D7D2C22646F636B657273223A5B5D7D2C7B227265736F757263654964223A227369642D37303038433330302D323034452D344632352D394137342D443932353038363930363341222C2270726F70657274696573223A7B226F766572726964656964223A22656E64222C226E616D65223A22E7BB93E69D9F222C22646F63756D656E746174696F6E223A22222C22657865637574696F6E6C697374656E657273223A22227D2C227374656E63696C223A7B226964223A22456E644E6F6E654576656E74227D2C226368696C64536861706573223A5B5D2C226F7574676F696E67223A5B5D2C22626F756E6473223A7B226C6F7765725269676874223A7B2278223A3931312E322C2279223A3332347D2C2275707065724C656674223A7B2278223A3838332E322C2279223A3239367D7D2C22646F636B657273223A5B5D7D2C7B227265736F757263654964223A227369642D46443038414433382D373238432D343046362D414533302D363930443030423245374232222C2270726F70657274696573223A7B226F766572726964656964223A22222C226E616D65223A22222C22646F63756D656E746174696F6E223A22222C22636F6E646974696F6E73657175656E6365666C6F77223A22222C22657865637574696F6E6C697374656E657273223A22222C2264656661756C74666C6F77223A2266616C7365227D2C227374656E63696C223A7B226964223A2253657175656E6365466C6F77227D2C226368696C64536861706573223A5B5D2C226F7574676F696E67223A5B7B227265736F757263654964223A227369642D37303038433330302D323034452D344632352D394137342D443932353038363930363341227D5D2C22626F756E6473223A7B226C6F7765725269676874223A7B2278223A3838322E3537352C2279223A3331307D2C2275707065724C656674223A7B2278223A3833382E3539303632352C2279223A3331307D7D2C22646F636B657273223A5B7B2278223A35302C2279223A34307D2C7B2278223A31342C2279223A31347D5D2C22746172676574223A7B227265736F757263654964223A227369642D37303038433330302D323034452D344632352D394137342D443932353038363930363341227D7D2C7B227265736F757263654964223A227369642D30374141314445302D384437452D343946342D384236372D463738303438454133373734222C2270726F70657274696573223A7B226F766572726964656964223A226D6F646966794170706C79222C226E616D65223A22E8B083E695B4E794B3E8AFB7222C22646F63756D656E746174696F6E223A22222C226173796E6368726F6E6F7573646566696E6974696F6E223A2266616C7365222C226578636C7573697665646566696E6974696F6E223A2266616C7365222C22657865637574696F6E6C697374656E657273223A22222C226D756C7469696E7374616E63655F74797065223A224E6F6E65222C226D756C7469696E7374616E63655F63617264696E616C697479223A22222C226D756C7469696E7374616E63655F636F6C6C656374696F6E223A22222C226D756C7469696E7374616E63655F7661726961626C65223A22222C226D756C7469696E7374616E63655F636F6E646974696F6E223A22222C226973666F72636F6D70656E736174696F6E223A2266616C7365222C22757365727461736B61737369676E6D656E74223A7B2261737369676E6D656E74223A7B2261737369676E6565223A22247B6170706C797D227D7D2C22666F726D6B6579646566696E6974696F6E223A22222C2264756564617465646566696E6974696F6E223A22222C227072696F72697479646566696E6974696F6E223A22222C22666F726D70726F70657274696573223A22222C227461736B6C697374656E657273223A22227D2C227374656E63696C223A7B226964223A22557365725461736B227D2C226368696C64536861706573223A5B5D2C226F7574676F696E67223A5B7B227265736F757263654964223A227369642D43434241433432322D443034432D344235352D414534322D383834333445434637344137227D5D2C22626F756E6473223A7B226C6F7765725269676874223A7B2278223A3330352C2279223A3230307D2C2275707065724C656674223A7B2278223A3230352C2279223A3132307D7D2C22646F636B657273223A5B5D7D2C7B227265736F757263654964223A227369642D33354239393743352D443834442D343044422D423632432D324141464546373430393833222C2270726F70657274696573223A7B226F766572726964656964223A22222C226E616D65223A22222C22646F63756D656E746174696F6E223A22222C2273657175656E6365666C6F776F72646572223A22227D2C227374656E63696C223A7B226964223A224578636C757369766547617465776179227D2C226368696C64536861706573223A5B5D2C226F7574676F696E67223A5B7B227265736F757263654964223A227369642D45454339324642452D344435332D343130382D393932332D333531453345333541463442227D2C7B227265736F757263654964223A227369642D33363639373232432D303531392D343030332D383835352D434646423230454231424136227D5D2C22626F756E6473223A7B226C6F7765725269676874223A7B2278223A3136302C2279223A3138307D2C2275707065724C656674223A7B2278223A3132302C2279223A3134307D7D2C22646F636B657273223A5B5D7D2C7B227265736F757263654964223A227369642D43434241433432322D443034432D344235352D414534322D383834333445434637344137222C2270726F70657274696573223A7B226F766572726964656964223A22222C226E616D65223A22222C22646F63756D656E746174696F6E223A22222C22636F6E646974696F6E73657175656E6365666C6F77223A22222C22657865637574696F6E6C697374656E657273223A22222C2264656661756C74666C6F77223A2266616C7365227D2C227374656E63696C223A7B226964223A2253657175656E6365466C6F77227D2C226368696C64536861706573223A5B5D2C226F7574676F696E67223A5B7B227265736F757263654964223A227369642D33354239393743352D443834442D343044422D423632432D324141464546373430393833227D5D2C22626F756E6473223A7B226C6F7765725269676874223A7B2278223A3230342E38303037393037383433383831342C2279223A3136302E34313336303139373934303738327D2C2275707065724C656674223A7B2278223A3136302E32383531343637313536313138362C2279223A3136302E32313932313035323035393231387D7D2C22646F636B657273223A5B7B2278223A35302C2279223A34307D2C7B2278223A32302E352C2279223A32302E357D5D2C22746172676574223A7B227265736F757263654964223A227369642D33354239393743352D443834442D343044422D423632432D324141464546373430393833227D7D2C7B227265736F757263654964223A227369642D41353641443744302D394344302D343138452D393541462D444533314332323833333332222C2270726F70657274696573223A7B226F766572726964656964223A2263656F4175646974222C226E616D65223A22E680BBE7BB8FE79086222C22646F63756D656E746174696F6E223A22222C226173796E6368726F6E6F7573646566696E6974696F6E223A2266616C7365222C226578636C7573697665646566696E6974696F6E223A2266616C7365222C22657865637574696F6E6C697374656E657273223A22222C226D756C7469696E7374616E63655F74797065223A224E6F6E65222C226D756C7469696E7374616E63655F63617264696E616C697479223A22222C226D756C7469696E7374616E63655F636F6C6C656374696F6E223A22222C226D756C7469696E7374616E63655F7661726961626C65223A22222C226D756C7469696E7374616E63655F636F6E646974696F6E223A22222C226973666F72636F6D70656E736174696F6E223A2266616C7365222C22757365727461736B61737369676E6D656E74223A7B2261737369676E6D656E74223A7B2263616E64696461746547726F757073223A5B7B2276616C7565223A2263656F222C222424686173684B6579223A22354130227D5D7D7D2C22666F726D6B6579646566696E6974696F6E223A22222C2264756564617465646566696E6974696F6E223A22222C227072696F72697479646566696E6974696F6E223A22222C22666F726D70726F70657274696573223A22222C227461736B6C697374656E657273223A22227D2C227374656E63696C223A7B226964223A22557365725461736B227D2C226368696C64536861706573223A5B5D2C226F7574676F696E67223A5B7B227265736F757263654964223A227369642D38424538303041412D313341322D343544422D384138392D413631353739364336394438227D5D2C22626F756E6473223A7B226C6F7765725269676874223A7B2278223A3638312E362C2279223A3230307D2C2275707065724C656674223A7B2278223A3538312E362C2279223A3132307D7D2C22646F636B657273223A5B5D7D2C7B227265736F757263654964223A227369642D37353333334141462D383537342D343336322D413138432D434430314534313834423932222C2270726F70657274696573223A7B226F766572726964656964223A22222C226E616D65223A22222C22646F63756D656E746174696F6E223A22222C2273657175656E6365666C6F776F72646572223A22227D2C227374656E63696C223A7B226964223A224578636C757369766547617465776179227D2C226368696C64536861706573223A5B5D2C226F7574676F696E67223A5B7B227265736F757263654964223A227369642D44323333363832372D394231342D343837342D384333442D314544304434313635393145227D2C7B227265736F757263654964223A227369642D38383131353635312D384332452D343530382D383332312D394232383943434230454642227D5D2C22626F756E6473223A7B226C6F7765725269676874223A7B2278223A3635312E362C2279223A38357D2C2275707065724C656674223A7B2278223A3631312E362C2279223A34357D7D2C22646F636B657273223A5B5D7D2C7B227265736F757263654964223A227369642D38424538303041412D313341322D343544422D384138392D413631353739364336394438222C2270726F70657274696573223A7B226F766572726964656964223A22222C226E616D65223A22222C22646F63756D656E746174696F6E223A22222C22636F6E646974696F6E73657175656E6365666C6F77223A22222C22657865637574696F6E6C697374656E657273223A22222C2264656661756C74666C6F77223A2266616C7365227D2C227374656E63696C223A7B226964223A2253657175656E6365466C6F77227D2C226368696C64536861706573223A5B5D2C226F7574676F696E67223A5B7B227265736F757263654964223A227369642D37353333334141462D383537342D343336322D413138432D434430314534313834423932227D5D2C22626F756E6473223A7B226C6F7765725269676874223A7B2278223A3633312E393933313436353638373637372C2279223A3131392E31333238323634393730373436327D2C2275707065724C656674223A7B2278223A3633312E383136323238343331323332342C2279223A38352E36393532393835303239323533387D7D2C22646F636B657273223A5B7B2278223A35302C2279223A34307D2C7B2278223A32302E352C2279223A32302E357D5D2C22746172676574223A7B227265736F757263654964223A227369642D37353333334141462D383537342D343336322D413138432D434430314534313834423932227D7D2C7B227265736F757263654964223A227369642D46304432393030462D373343422D343041392D414442312D323632444643324232394446222C2270726F70657274696573223A7B226F766572726964656964223A22222C226E616D65223A22E5B08FE4BA8E33E5A4A9222C22646F63756D656E746174696F6E223A22222C22636F6E646974696F6E73657175656E6365666C6F77223A22247B6461793C337D222C22657865637574696F6E6C697374656E657273223A22222C2264656661756C74666C6F77223A2266616C7365227D2C227374656E63696C223A7B226964223A2253657175656E6365466C6F77227D2C226368696C64536861706573223A5B5D2C226F7574676F696E67223A5B7B227265736F757263654964223A227369642D35373736313832302D433644342D343644442D393038422D344330443834443742433736227D5D2C22626F756E6473223A7B226C6F7765725269676874223A7B2278223A3733372E383038393839353034383035312C2279223A3331302E343336323530303636343739327D2C2275707065724C656674223A7B2278223A3635322E303032373239323435313934382C2279223A3331302E313631343036313833353230387D7D2C22646F636B657273223A5B7B2278223A32302E352C2279223A32302E357D2C7B2278223A35302C2279223A34307D5D2C22746172676574223A7B227265736F757263654964223A227369642D35373736313832302D433644342D343644442D393038422D344330443834443742433736227D7D2C7B227265736F757263654964223A227369642D39364238313541432D423831442D344441432D383838332D414238334642424634304644222C2270726F70657274696573223A7B226F766572726964656964223A22222C226E616D65223A22E5A4A7E4BA8EE7AD89E4BA8E33E5A4A9222C22646F63756D656E746174696F6E223A22222C22636F6E646974696F6E73657175656E6365666C6F77223A22247B6461793E3D337D222C22657865637574696F6E6C697374656E657273223A22222C2264656661756C74666C6F77223A2266616C7365227D2C227374656E63696C223A7B226964223A2253657175656E6365466C6F77227D2C226368696C64536861706573223A5B5D2C226F7574676F696E67223A5B7B227265736F757263654964223A227369642D41353641443744302D394344302D343138452D393541462D444533314332323833333332227D5D2C22626F756E6473223A7B226C6F7765725269676874223A7B2278223A3633322E303330323731353039313938322C2279223A3238392E353131373234323638363537327D2C2275707065724C656674223A7B2278223A3633312E373336313334373430383031382C2279223A3230302E393736353536393831333432387D7D2C22646F636B657273223A5B7B2278223A32302E352C2279223A32302E357D2C7B2278223A35302C2279223A34307D5D2C22746172676574223A7B227265736F757263654964223A227369642D41353641443744302D394344302D343138452D393541462D444533314332323833333332227D7D2C7B227265736F757263654964223A227369642D41464641393930422D413233362D344543452D383546462D333239303133363042444445222C2270726F70657274696573223A7B226F766572726964656964223A22222C226E616D65223A22E5908CE6848F222C22646F63756D656E746174696F6E223A22222C22636F6E646974696F6E73657175656E6365666C6F77223A22247B666C61673D3D2731277D222C22657865637574696F6E6C697374656E657273223A22222C2264656661756C74666C6F77223A2266616C7365227D2C227374656E63696C223A7B226964223A2253657175656E6365466C6F77227D2C226368696C64536861706573223A5B5D2C226F7574676F696E67223A5B7B227265736F757263654964223A227369642D35354136453745352D423344342D343541342D424137462D373931303930414135423135227D5D2C22626F756E6473223A7B226C6F7765725269676874223A7B2278223A3335362E303230333137393734393136382C2279223A3331302E343334313930393531323733377D2C2275707065724C656674223A7B2278223A3237352E33383734393435323530383332342C2279223A3331302E313637333731353438373236337D7D2C22646F636B657273223A5B7B2278223A32302E352C2279223A32302E357D2C7B2278223A35302C2279223A34307D5D2C22746172676574223A7B227265736F757263654964223A227369642D35354136453745352D423344342D343541342D424137462D373931303930414135423135227D7D2C7B227265736F757263654964223A227369642D33423941463037372D394639442D343734302D413438332D334245444446373442354246222C2270726F70657274696573223A7B226F766572726964656964223A22222C226E616D65223A22E5908CE6848F222C22646F63756D656E746174696F6E223A22222C22636F6E646974696F6E73657175656E6365666C6F77223A22247B666C61673D3D2731277D222C22657865637574696F6E6C697374656E657273223A22222C2264656661756C74666C6F77223A2266616C7365227D2C227374656E63696C223A7B226964223A2253657175656E6365466C6F77227D2C226368696C64536861706573223A5B5D2C226F7574676F696E67223A5B7B227265736F757263654964223A227369642D34313638304233432D303836442D344636442D393242302D424430344539413945324238227D5D2C22626F756E6473223A7B226C6F7765725269676874223A7B2278223A3631312E3333343337352C2279223A3331302E357D2C2275707065724C656674223A7B2278223A3534322E30303632352C2279223A3331302E357D7D2C22646F636B657273223A5B7B2278223A32302E352C2279223A32302E357D2C7B2278223A32302E352C2279223A32302E357D5D2C22746172676574223A7B227265736F757263654964223A227369642D34313638304233432D303836442D344636442D393242302D424430344539413945324238227D7D2C7B227265736F757263654964223A227369642D38383131353635312D384332452D343530382D383332312D394232383943434230454642222C2270726F70657274696573223A7B226F766572726964656964223A22222C226E616D65223A22E5908CE6848F222C22646F63756D656E746174696F6E223A22222C22636F6E646974696F6E73657175656E6365666C6F77223A22247B666C61673D3D2731277D222C22657865637574696F6E6C697374656E657273223A22222C2264656661756C74666C6F77223A2266616C7365227D2C227374656E63696C223A7B226964223A2253657175656E6365466C6F77227D2C226368696C64536861706573223A5B5D2C226F7574676F696E67223A5B7B227265736F757263654964223A227369642D35373736313832302D433644342D343644442D393038422D344330443834443742433736227D5D2C22626F756E6473223A7B226C6F7765725269676874223A7B2278223A3738382E322C2279223A3236392E3834313739363837357D2C2275707065724C656674223A7B2278223A3635322E303032373334333734393939392C2279223A36352E357D7D2C22646F636B657273223A5B7B2278223A32302E352C2279223A32302E357D2C7B2278223A3738382E322C2279223A36352E357D2C7B2278223A35302C2279223A34307D5D2C22746172676574223A7B227265736F757263654964223A227369642D35373736313832302D433644342D343644442D393038422D344330443834443742433736227D7D2C7B227265736F757263654964223A227369642D45454339324642452D344435332D343130382D393932332D333531453345333541463442222C2270726F70657274696573223A7B226F766572726964656964223A22222C226E616D65223A22E9878DE696B0E794B3E8AFB7222C22646F63756D656E746174696F6E223A22222C22636F6E646974696F6E73657175656E6365666C6F77223A22247B666C61673D3D2731277D222C22657865637574696F6E6C697374656E657273223A22222C2264656661756C74666C6F77223A2266616C7365227D2C227374656E63696C223A7B226964223A2253657175656E6365466C6F77227D2C226368696C64536861706573223A5B5D2C226F7574676F696E67223A5B7B227265736F757263654964223A227369642D42334438444344332D453742412D343537342D393142342D334534383138393639323736227D5D2C22626F756E6473223A7B226C6F7765725269676874223A7B2278223A3134302E34333431353535333730393934332C2279223A3236392E32383930363830393237333136377D2C2275707065724C656674223A7B2278223A3134302E31333631353639363239303035372C2279223A3138302E313837343934343037323638337D7D2C22646F636B657273223A5B7B2278223A32302E352C2279223A32302E357D2C7B2278223A35302C2279223A34307D5D2C22746172676574223A7B227265736F757263654964223A227369642D42334438444344332D453742412D343537342D393142342D334534383138393639323736227D7D2C7B227265736F757263654964223A227369642D43393533453846382D363431442D343038372D414244372D433741463944454138433035222C2270726F70657274696573223A7B226F766572726964656964223A22222C226E616D65223A22E4B88DE5908CE6848F222C22646F63756D656E746174696F6E223A22222C22636F6E646974696F6E73657175656E6365666C6F77223A22247B666C61673D3D2730277D222C22657865637574696F6E6C697374656E657273223A22222C2264656661756C74666C6F77223A2266616C7365227D2C227374656E63696C223A7B226964223A2253657175656E6365466C6F77227D2C226368696C64536861706573223A5B5D2C226F7574676F696E67223A5B7B227265736F757263654964223A227369642D30374141314445302D384437452D343946342D384236372D463738303438454133373734227D5D2C22626F756E6473223A7B226C6F7765725269676874223A7B2278223A3235352E343330323731353039313938322C2279223A3238392E353131373234323638363537327D2C2275707065724C656674223A7B2278223A3235352E313336313334373430383031382C2279223A3230302E393736353536393831333432387D7D2C22646F636B657273223A5B7B2278223A32302E352C2279223A32302E357D2C7B2278223A35302C2279223A34307D5D2C22746172676574223A7B227265736F757263654964223A227369642D30374141314445302D384437452D343946342D384236372D463738303438454133373734227D7D2C7B227265736F757263654964223A227369642D46333245453541302D323733332D343332462D423142412D433044344244393437353037222C2270726F70657274696573223A7B226F766572726964656964223A22222C226E616D65223A22E4B88DE5908CE6848F222C22646F63756D656E746174696F6E223A22222C22636F6E646974696F6E73657175656E6365666C6F77223A22247B666C61673D3D2730277D222C22657865637574696F6E6C697374656E657273223A22222C2264656661756C74666C6F77223A2266616C7365227D2C227374656E63696C223A7B226964223A2253657175656E6365466C6F77227D2C226368696C64536861706573223A5B5D2C226F7574676F696E67223A5B7B227265736F757263654964223A227369642D30374141314445302D384437452D343946342D384236372D463738303438454133373734227D5D2C22626F756E6473223A7B226C6F7765725269676874223A7B2278223A3532322E312C2279223A3238392E35313137313837357D2C2275707065724C656674223A7B2278223A3330352E30333738393036323439393939332C2279223A3136307D7D2C22646F636B657273223A5B7B2278223A32302E352C2279223A32302E357D2C7B2278223A3532322E312C2279223A3136307D2C7B2278223A35302C2279223A34307D5D2C22746172676574223A7B227265736F757263654964223A227369642D30374141314445302D384437452D343946342D384236372D463738303438454133373734227D7D2C7B227265736F757263654964223A227369642D44323333363832372D394231342D343837342D384333442D314544304434313635393145222C2270726F70657274696573223A7B226F766572726964656964223A22222C226E616D65223A22E4B88DE5908CE6848F222C22646F63756D656E746174696F6E223A22222C22636F6E646974696F6E73657175656E6365666C6F77223A22247B666C61673D3D2730277D222C22657865637574696F6E6C697374656E657273223A22222C2264656661756C74666C6F77223A2266616C7365227D2C227374656E63696C223A7B226964223A2253657175656E6365466C6F77227D2C226368696C64536861706573223A5B5D2C226F7574676F696E67223A5B7B227265736F757263654964223A227369642D30374141314445302D384437452D343946342D384236372D463738303438454133373734227D5D2C22626F756E6473223A7B226C6F7765725269676874223A7B2278223A3631312E323133383637313837352C2279223A3131392E313332383132357D2C2275707065724C656674223A7B2278223A3235352C2279223A36352E357D7D2C22646F636B657273223A5B7B2278223A32302E352C2279223A32302E357D2C7B2278223A3235352C2279223A36352E357D2C7B2278223A35302C2279223A34307D5D2C22746172676574223A7B227265736F757263654964223A227369642D30374141314445302D384437452D343946342D384236372D463738303438454133373734227D7D2C7B227265736F757263654964223A227369642D33363639373232432D303531392D343030332D383835352D434646423230454231424136222C2270726F70657274696573223A7B226F766572726964656964223A22222C226E616D65223A22E58F96E6B688E794B3E8AFB7222C22646F63756D656E746174696F6E223A22222C22636F6E646974696F6E73657175656E6365666C6F77223A22247B666C61673D3D2730277D222C22657865637574696F6E6C697374656E657273223A22222C2264656661756C74666C6F77223A2266616C7365227D2C227374656E63696C223A7B226964223A2253657175656E6365466C6F77227D2C226368696C64536861706573223A5B5D2C226F7574676F696E67223A5B7B227265736F757263654964223A227369642D37303038433330302D323034452D344632352D394137342D443932353038363930363341227D5D2C22626F756E6473223A7B226C6F7765725269676874223A7B2278223A3839372E322C2279223A3239352E357D2C2275707065724C656674223A7B2278223A3134302E352C2279223A32327D7D2C22646F636B657273223A5B7B2278223A32302E352C2279223A32302E357D2C7B2278223A3134302E352C2279223A32327D2C7B2278223A3839372E322C2279223A32327D2C7B2278223A31342C2279223A31347D5D2C22746172676574223A7B227265736F757263654964223A227369642D37303038433330302D323034452D344632352D394137342D443932353038363930363341227D7D5D2C22626F756E6473223A7B226C6F7765725269676874223A7B2278223A313230302C2279223A313035307D2C2275707065724C656674223A7B2278223A302C2279223A307D7D2C227374656E63696C736574223A7B2275726C223A227374656E63696C736574732F62706D6E322E302F62706D6E322E302E6A736F6E222C226E616D657370616365223A22687474703A2F2F62336D6E2E6F72672F7374656E63696C7365742F62706D6E322E3023227D2C227373657874656E73696F6E73223A5B5D7D'), NULL);
INSERT INTO "ACT_GE_BYTEARRAY" VALUES ('3', '1', 'source-extra', NULL, HEXTORAW('89504E470D0A1A0A0000000D49484452000003C10000019008060000008E05627B000000206348524D00007A26000080840000FA00000080E8000075300000EA6000003A98000017709CBA513C0000000467414D410000B18E7CFB5193000000017352474200AECE1CE900000006624B474400FF00FF00FFA0BDA793000000097048597300000EC400000EC401952B0E1B000020004944415478DAECDD0B5CD455FEFFF133DC51542A54BCA454966E5A59DA2F77B3A2B2B4DB661713CA94B2D2362DCD2C2B4DDD6A2BCB742DFFB67691D4122F95B55DD45CA5B2BC64A685655A8A8A8A898A0A027299FFF9CC7CBFFA659C019401E6F27A3E1EA799F9CE9791CE0C67CEFB7BCEF77C95020000000000000000000000000000000000000000000000000000000000000000000000000000000000000000000000000000000000000000000000000000000000000000000000000000000000000000000000000000000000000000000000000000000000000000000000000000000000000000085236AA005595949494A06F52A809000000C0EFA5A6A5A56506E3FF7818EF3D4E8004E0D154030000001010C6108281AA1B4B15000000007E27E807B508C138A9009C969636866A00000000FC4B525252D007E1103E060000000000423000000000008460000000000008C1000000000010820100000000200403000000004008060000000080100C000000000021180000000000423000000000008460000000000021180000000000423000000000008460000000000008C1000000000010820100000000200403000000004008060000000080100C0000000000211800002048A5A4A4C4520B004008060000087873E6CC195F5858B83F3939B907B50100846000008080357DFAF4090B162C78F4BAEBAE531111111F24252525522B00400806000088D2A58FE5714B5D2A9B42DCA582E7E4B512EAF27F6882F6F5D75F3FF2F0C30FABBE7DFBAA418306D50B0F0FFF4207E1CEB5F42B54568761BA74F6E53A04101CC2A80200001080FD9B6EBA145AB6C5EBD25B977F5B42B0EC17A74B8E2E6D74E9AECB420FAF293FDF4F97EB5C42B1F93A31BAA4E8B25A974B74F9569705B5F53F3C75EAD429AB56AD1AF0E4934FDACE3CF34CC7B6CE9D3BABFEFDFB47BDFDF6DB4B7BF5EA75E1DCB9737FAFE15FA32A757885514726799F4A8C7AB4D6E1A5BA7CACCB0A3ECE0008C1000000152B711340C718A12ABD829FFBCDCDF3B146505B61043C2B33A08DD465A211BAE7EA926CDC0F337E971AF5D24B2FCD5DB366CDED3A002B33009BAEB8E20A151A1A1AF3CE3BEFAC9011E1B4B4B4CC1AFE752AABC3762ECF2D366E9F95FF15E3FE34A30E4B6AAB0E01108201000002898C403EA2CB8355D8B7872A3F822C725CFA4C326A9962D9AFA9F1584695BFD225C9F8373BE972B79BD7F39A175F7CF183AD5BB7DE3A7AF468151F1FEF769FAE5DBBAAE2E2E2D366CC98B1BA9682F0C9D461AC516FED957314BD4F6DD52180E0C339C1000020D0BDAC4BAA11BC128DB0E56920C01C41CE348A4CD1DDA0CA8F464A207BC3785EC2DD07BA6428E708E85A230CCBBFD7AB26C3DBF3CF3F3F3F2B2BEB963163C6780CC0A62BAFBC5246854F898C8C5C919C9C1C57C3F57DB27528D3B53F36EA30BE36EA10002118000020D03CA6CB67BAAC331EA71B616C9A11CEDC79C872FF6A23D4BA9360BC46A64B69A14B764DFE4F3DFAE8A30BF7EFDFFFF7679E79C6D6B871E32AFD4CBF7EFD42BA74E9726A5454D48A5EBD7AC5D470BD57B70E3BD5741D022004030000049A9EBA64E992E6B27D9E724EB9FD42B91F11CEB384B103C6639FF1C4134F2C0D0B0BEB762201D83470E0C0F04B2EB924A1418306CB535252626BF0D7F4E93A0440080600000896006C92A9B8B9CAFD68B04CC54D344AEB0AFE0DF3E71394738A75825124F0797DCAB10EAD5143860CF9212424E48A91234786E8207B52AF3360C080D0F3CE3BEF9CD0D0D02FE4356BA8FE4FA60E7B5AEA30BB26EA100008C100002010C908A7AC3ABCBA92FD6E324298ABFF28E7B46929933DEC630638097B72CEAA9CC77A83E5675294F3BAB95E0BC00D1B36FCAE71E3C617CA08F0C90660D3430F3D14D1A64D9B0B75104EAFA1205CD53AFCDD52871B8CD02C3FF3BC3AB638160010820100002A2081AB3AD36FE75BEECB825772FDDB38557E81A681C676994E2DA3960B8CE0A78C2097AACB0C6FFCCFC8F9BB3AF4AE6AD6AC59C7E1C387DBA2A2AA9F59C3C3C3D5B061C3227510EEA81FCE4B4C4CF4F615433CD5A1AAA40E671ACF7536EECFE2E30CC0DBB8441200000806259504E3961E9E37AFF73B45975196ED3242F98A725E0E481681CA37B6871AFBCB34ECC1D5FDA5E5BCDDB0B0B0EFCF3EFBECB3EEBFFF7E9B84D7ECEC6C3574E8D0E3F67DF8E187D55FFFFAD772DB76EDDA258B681DB7EFB871E3D4E9A79FAE860C1912F9ECB3CF5EA5FF0D099BC9E9E9E9D5B9266F457528A3F36F2AE7F57FAD75986AD4976B1DCAFD4FBD518700E02A942A405575E8D02151398F6E7F959191914E8D0000FCC84FCA39DDD6935F9473C4D21D39B7F86D979F97EFC123C6CF7DA98E4DFD5DAACBFF8C7DFEAC6E008E88885873E18517260C1C383044DF776C8F8989510909096AC78E1D2A2F2F4FD9ED76E7FFE04F3FA91B6FBC5185841C9BE83776EC5875E8D0A1A38FCF3CF34C195956175C7081E3B10EBFEAF2CB2F0F5FB9726582BEDF3E3636F6E3CCCCCCB293FC952BAAC3CDCA392D7A9B4B1D9678A8C365DEA84300F4E9DD613A34000040F96BD89ECCF35E95949494101A1AFACB45175DD4FA81071ED077CB8F5B74EEDC59356BD64C9D73CE3947B7151414A84993261D7D3C67CE1CC7A8B1A979F3E6AA51A346127ACBBD968C2E8F1A35AA5E83060D7A9E71C6195302A50E0180100C0000E0072400D7AB576FE5D5575FDDF4BEFBEE0B710DC0A6810307AA7DFBF6A9FAF5EB1FDDB67AF56AB569D326C7F6CF3EFB4C9596963AB6CB6B141616AA071F7C50B97B3DFDEF49108E8A8C8CECA3FFCDE1BC0B0008C1000000A871C9C9C9ED2400F7E8D1234EDFF71880852C90D5B76F5FC7F468535959997AE9A597D4983163D49123478E6E971160D9B7A255A5E59AC3CF3FFFBC04E17FA6A4A4702E2E0042300000006ACE9D77DED9312C2C6C55CF9E3DE37AF5EA55A53EDA45175DE4284D9A3439BA2D3F3F5FEDDDBBF7E8E3860D1BAAB66DDBAA4B2EB9A4D2D73BF5D453D5E8D1A3A374F81E77F7DD773FC0BB0280100C0000801A09C03A787EDDAF5FBF889B6EBAE984FA6777DC7187B2D96CCA5C384BC888B0494693EFB9E79E2ABF9E8C08CBD4E8909090D7FBF6EDDB9B770740A0E11249401092F3CDF44D0A35010075CF6EB79FA903E7AD77DF7D77F4D5575F7DC20314322D5A2E8FF4C20B2F949B022DA2A3A31DE70157340DDA9DD6AD5BAB279F7C327CDCB871D37410AEAF5FB715EF142A919A969696493580100CC05749001E4D350040DD9351DCF8F878FB35D75C633BD9D7904B1FC908AE4C85362F992424FC9E77DE7927F59A32855AFF4ED11F7FFCF1DBBC4BA8A231540108C100FCC158AA0000EA8E8C04EFDAB5EBF6152B564474E9D225F4645E63F3E6CD2A2727A75C0016128A7FF9E51775EEB9E79EF06BFEF6DB6FEACB2FBF2C88888818C448302AC04175108201F857004E4B4B1B43350040DDBAF3CE3B5F9D3C79F257870F1F8EBEEAAAABC24FE467E5D247FA67555151D171CF49087EFDF5D71D2B469FC894E8AD5BB7AA7FFDEB5F47CACACAEE9F3973E67BBC43F024292989200CBFC3C25800000075ECFDF7DF5F5B5C5C7C696A6AEAA1254B96149FC8CFCE9933C7B11096F57C6099626D92E7F4EB56F9F5F6ECD9A3FEF9CF7F16D8EDF6C10460008460000000D488D9B36767E820DC69C68C197B3EF9E493A2AAFCCC9A356BD4BA75EB547676F6D16D32E21B171777F4F1810307D4860D1BD4EAD5AB2B7DBD43870EC93586F3F5EF3144FF1E53795700108201000050636475DDC2C2C24BE7CD9BB7EFFDF7DFCFAB685F99063D73E64C9597776C3719011E366C980459151E1E5E2E084F9B36CD11723D9111E01123461CCCCFCF1F470006400806000040AD05E1E2E2E2BF7DF1C5177B75703D505A5AEA76BF37DE78439D7AEAA9EAE0C18347B775EAD4C9B1AAB36CBFFEFAEB1DD70816F21A72B9A42953A6B87DADC3870FABD1A3471FC8CDCD9DBF75EBD67FF12E002004030000A0568370494949E292254B72274F9E7CD03508CBD4E6DDBB77AB8D1B371EDD26D70B1E3C78F0D1C7B260915C36C9B463C70EA543AE5ABA7469B9D7D2815B8D1C39728F7EEED39D3B77F64F4F4F2FE11D00400806000040AD07E1A2A2A22EAB56ADDA3669D2A41C3308CBF9BFE3C78F579999998E006BBAF7DE7B55444444B9D778ECB1C7CA3DDEB2658B9A3A75AAD261D7F158A6548F183142E7E9DD5FECDAB52B85000C20187089240000001F3577EEDCEC949494CBD6AC59F3E58B2FBE18A6036B6C7C7CBC9A356B56957EBE458B161EF79550FDDC73CF6DD781788D0ED68C0003081A8C04030000F8B0D4D4D4DCB0B0B0CB366CD8F0C3B871E3F659477FABE3D5575FDDBE65CB964D515151490460008460000000F852102ED441F8C68C8C8C1563C78EDD2BD398AB63F2E4C93FAF5DBB76534444C40DF2DAD4300042300000007C2E08EBD07ADBD6AD5B978C1A352AF76483F0A4499332BEFDF6DBC3F25A0460008460000000F874109E3973E61D3B76ECF8F0F1C71FDF57D1757FDD79EBADB77E5CBE7C79694949493799664D8D022004030000C0E7CD9A35ABFF9F7FFEF9E1B061C30EEDD9B3A7CA0178C99225A7DA6CB66E73E7CECDA316011082010000E03766CF9E7DFFA14387DE7DFAE9A70FCA65932A929696B6FC7FFFFB5F33BBDD9EA803740EB50780100C000000BFA3C3ED601D849F18397264AEA720FCE1871F2EFBE4934F9A8784845C27D71EA6D6001082010000E0CF41F88DC3870F0F1E3162C4E1CD9B37977B6ED1A2454BE6CE9DDB4ECE017EFFFDF7D7525B0040080E6671540100008161D6AC59338B8A8A1E1A33664CE12FBFFCE2D8F6C5175FA44F9B36ED5C7DF73A1D847FA7960080101C8C5ED3254A97785D9ED625469730AA050000FF979696965A5C5C3CEAB9E79E2B7DFAE9A7B74D9F3EBD83DE9CACB7AFA67600E01802507059A84B17E3FEC7BA0CD4E512CBE720C7B87FBF2E2554170000FEC56EB7DFA36F42376FDEDCCA66B35D376BD6AC746A050008C1C1FC5ECBE510E4CB30D1D8264786E7E992603C96E75E36F625040300E06774F03DD7BC1F1919490006004270509370DB4E977ECA391D7A83728E06BBFAB72E8554170000FE25292929D1FAB8A8A8481E2FA0660080101CAC862AE70870BA3A3612EC4E16550500805FBACDFAA0ACACEC3E4230001082E12423C172314159217A80722E9625649458A6410F568C060300E06F7A5A1FD86CB66EBD7AF58A993B776E1E55030084E06025C13656974F957334789E5164F5C8DF09BE0000F8A7DEBD7BCBC2972D752953C7AEFED1283434B487F15D0F00307089A4E0B256975CE55C202BC3B25DCE0F1EA18E2D90050000FC88CD66EB67DC2DB56EB7DBED3DA91D002004072BB926F047BA3C6BDC9FA5CB34A3BCA94B7B5DFEAB9C23C50000C0BFDC68DC86BB84E35B525252A2A81E003886E9D0C143C26DB2728E048B51BA2CA65A0000F06FC9C9C9EDEC76BB4C852E71D3B7AB5754542453A2E7535300E0C44870F0C8B20460914D950000E0FF7400EE6FDEF5F0FCCDD41200108251FE9C600000E0BFCCF37EC33D84E0DB52525238DD090008C1412B9E2A00002030DC79E79D1DF54D1B5D8A3DED63B3D91A14141474A5B600C0897382838F2C84250B64C81161737AB42C947599E212490000F895B2B2B2DB8CBB150E6C18AB477F4A8D0100213818BDA44BBA725E2738DDD89648000600C02FA518B7A115ED64B7DBBB27262686A5A7A797506500821DD3A1010000FC57CBAAEC2453A29B366D7A3BD505008C040713F9E29369CF6D7549B0DC2A97FB728438CDB80500003E2C2D2DCD667D9C94943446DF8CF61084DB51630040080E2679CA790EB09C0B9C69B9552EF7638C924B950100E0B7C6EA803C866A00004270305B60DCCA086FBA713FDDF27C3A550400000020D0714E3000000000206830121C7C1E52CE7385AC974892FBBD74F99DEA093CBD7BF71E61B3D95EF0F0F4E8A4A4A472E78EB99E5F060000001082E1CF7A5105C125242464ADDD6EA72200000000C5746820E0CD9A356B810EC1555DE82C8B1A03000000211880BF9B57C9F3B27AB8D2617901550500008040C674E8E011A5CB405D26EAD255392F8354E866BF0C5D72A8AEC0A2C3ED6C9BCD765F05BB38CE03D6FBBC476D01000080108C402097469229B1639473CA6B4B5D5AEBB2D5722B66E872B687800C3F55AF5EBD65858585727023CEC32EF575C9C9CECE5E466D01000080108C402023BFA9BAC4EB72A311861395F3FAC0E6ADC82600079ED4D4D4C2A4A4A44FF5DD14374F17E8126DB7DBE7A7A7A797505B00000020042310F4D1E536E3BE5C12E92D0FFBA5515501EB5D77215887DF109BCD26AB487F401501000080108C40F1BA728E04F750C622481EE452558149A63A376DDAF4900EBC0DACDBF5E3487D93B56BD7AEC5D41200000008C108244FE8F2872E6D8CFBB146E88DB5845FB9956B09332D36C0C854E7A4A424190D1E64D97C44970859159AA9D0000000200423D0FCDB08BC1D7499A9B8266CD0D16177A1CD661BE4E6A9FF513B00000008065C2738B8C80870822E9F1A417884728E0AB6A16A82C3EEDDBBE53AC07F5A3645E892535656F629B50300000042300289AC0EDD5F39CF079669AF320B60A61188656AF4725DBED065295515B88C29CF9FBB6C5E3077EEDC3C6A07000000C180E9D0C1432E7BF4A01180E512499D7559A18B5C3B76B2729E0B9C4935058572AB44DB6C36568506000000211801C7BAE8D132E51C01366D502C841534A2A2A25614161EBB14746464643AB50200008060C174E8E0E47A19A4422304275035812F353555DE6F39F021A3C09BF5632E8B05000080A0C14870F0B95D3947810BDD3CF7B2724E8D4EA79A4E8CDD6E8FDAB265CBA0BCBCBC3E870F1F6E9B9F9F1F555656E6B3BF6F4E4E8E5AB56A95EAD4A9D399F7DE7BAFDD577F4F1DD2ED9191917B23222256151717BFD2B56B57CE590750EB7EFCF1C7EB759BFE48515151E782828253F47D9BAFFEAEFA7B486DDCB8519D73CE39A3FBF7EF3FDA87DB7755AF5EBDFCE8E8E85F743B3FF5DC73CF7D8B4F1A0042306A822C8E75972EB7198F171A8158CE0BEE696C5B46359D181D7E07AE5EBD7A7C616161BDF8F87825A54183062A24C4B7275ADC7AEBAD3E5FB7D2D1D41DBAB883070F5E9F9D9DDDEDEBAFBFFE557740FB74EFDE3D834F1E809AB67CF9F28B743B3447B74367EAB6DDD6A85123BF68DFAFBFFE7A7F68DF25B0D7D7EDFBC5BB77EFBE58D7F5F33A10DFDDB163C7457CF200D434A64307175901F8635D9275B9C708BF137499A5CBA5BADCAD3837F8846CDBB66DFED6AD5BA79C76DA69F52EBEF862D5AA552B259D245FEF20F94D03A5EBB161C386AA65CB96AA73E7CE11A79F7EFA05322ABC64C9929BA91D00351C80EF282A2A5AD5AC59B3B374FB6EA37DAFB9F6BD53A74E7200B9496E6EEE82F5EBD78FA57600108251136275E9A24B9C2E2B95730AB44C8F6E49D59C5800D6E5E6F6EDDBAB162D5A38A676A166356FDE5C5D70C105D1BAF33463F1E2C5375223006A2A00979494CCD4ED7B28ED7BEDB5EFE79F7FBE6DDFBE7DA33232324652230008C1F066F84DD0A5A32E59CA799DE0D79573A1AC5146084EA09A2A2753A0376FDE7C73DBB66D1D47B25D15E5ED56596B67A88D4BFFA97E5B32466D5B334D151EDC41C57941FDFAF5A5A3D440774A672C5CB8B0033502C09B74BBD2AEB0B0F0DD76EDDA85BB6BDFC5FE6DDFA92D2B5E531B168F54BF7FFD82FA73D302555A5C40E579A17D6FDFBEBD2D272767CC77DF7DF77FD408004230AAAB9B2E3D9473D1AB4CE59CF66C86DE2EC6AD6CEF4A55554C16C1D25FD0E3656A9CA700BC7DCD3B2A2FE73755567A44D9CB4AD4E17D7FA86D3FBC4D10F66247292121A12C34347412B501C09B222323A7B76EDD3AC25300DEF3C762B57BE3E78EB65E941CC957FBB62E533B7E7A5F7F3F9451815E68DF75FD87EAEFDA39D406004230AA6BB12EDD7549D445568B4C51CEF381E556CEAFEC6FDC9760CC8269159055A065112C99BAE5CEBEADDF383A45AE2410E76C49A702BDA465CB96A78685859DFDE5975F76A1360078C3A2458B3ADA6CB6F6BA7D77DB3F92765C02AF3B87F76F51F939BF51895E20DFAFFA7D38FDABAFBEBA9CDA005013083BC1E55DE51C094E346E25F4A62AE708B12C92B59A2AAA9C5C06495680F6748E584105A3BDE6C801BCA3499326D93B76EC90D5CE57501B00AA2B3434B477B366CD223CB5EFD286CBEC9E8ADAF898C67FA122BDA069D3A621D9D9D9FFD077BFA636001082511D32129CA04B5BE3F65263BBDC8F2404578D5C075842B027F6D262CF3FCC5439AF8A8B8B6BA14370223501C04B21F886D8D8D830CF4D78C51750603AB4F7C87474DDBE5F464D002004A3BA649E56BA5194E5567CA9CB4BCAB948162A909F9F1F25D78944DDD3EF43337DD3989A00E00D252525ED68DF7D434C4C8C2A2A2A8AA726001082515D9F2AE7B467776E2200574D595919D789F411C6FB403B06C02BEC767B38EDBB4FB5EFBC19006AA68DA10A824A4E05CF6DA07ABC233CFA148FCF854532C20000FE2A34BC5EC5CF47C450490040080682CFA9ADFEA6C222EABBE93C45AB535B73052A00F05791314D55C3F8F3DD3E17D5B0856AD8E45C2A090008C140F0919541EBC7B575BBBD4193F6541000F8B1C66DAE75BBBDC9D93D18090600423010BC4A8B0B8EDB565274888A01007F6FDFDD5C079E361E0008C140D03A92BF476DFBE16D95B7E7D7E39ECBDFBB496D5BFDA6631F0080FFC9DDB15A65AD9DEEF6B95DEBE7A9DD1B3FE7324900E007585515F092033BD7A83DBF2F54251E4609C4E1DCAD2A73D514D5F8AC6E2AF6F42ECA66E3381400F83A69D7B37F9DEFF600A749C2EFFE6DDFA982FD5B54D3767F57D18D4EA7E20080100C042619D995A3FF32D25B1565A5471CFB1FD29DA926E75CAFA21C97BA0500F8A203BBD6AA3F372D50A547F2AAB47FE1A15D8E593FA79D91E8580C312434824A04001FC33014504D32B25BD5006C7578FF16B5F5FBFF508100E0A30EFDB9DE31CDB9AA01D824A3C2399B97A83D3A3C030008C140C09191DD93652F2BA10201C057DBF792A2EAFD3C6D3C00F824A643A3CA9A376F9EBB73E74ED5AA552B96C0B468D7ED392A01000250A3E617390A0020B030128C2A79E6996792F7EFDF3FFEBAEBAE537BF6EC19F7D4534FA5502B0000000008C10838C3870FBF6DDBB66D33060D1A14D2B76F5FF5C8238F84ECDEBDFBADA14387DE49ED0000000020042360C808704E4ECE9CC18307875E7491734AD805175C20413874FFFEFDD309C20000000008C1080863C78EEDB77DFBF69932026C0660D379E79DA7860C19E208C20F3DF4D02DD416000000004230FC3A00676666BE23539F5D03B04946841F7DF4D1D0BCBCBCD97DFBF6BD995A030000004008863F06E0BBCC002C41B72232223C6CD8B0707D774EBF7EFD6EA0F6000000001082E137860C19D273CB962DEFCA14E8CA02B035083FF6D863116565651F252727F7A016010000001082E1F36404383737779E7511ACAA92203C7CF8F0F0B0B0B08F7AF7EE7D23B50900000080100C9F356AD4A83E999999D34F26005B83F0B061C3A2222222E61284010000001082E1B301382B2BEBDD8A16C1AA2A99423D7CF87082300000000042307C8F4C8136037055CF01AE8C31353A2A3C3C7C0EE70803000000F025615441F03217C11A3C78F0D1009C9B9BAB1E7CF0C1E3F69D3469926ADCB8F1D1C7870F1F56FDFBF73F6EBFC99327AB534F3DD511841F7FFCF1E871E3C67DA083F06DB366CD5A408D03000000A86B8C0407294F8B60C5C6C63A4270BD7AF58E7D484242D41B6FBC51EEE7A74E9DAAC2C3C38F3E3EE59453549F3E7D1C01D864AC1A5D4FFFFC3CA646030000002004A3AE0270BF8A16C1BAFCF2CB55B366CD8E3E2E2B2B535BB66C51AB57AF763CFEEDB7DFD4CF3FFFAC8A8B8B1D8FC3C2C254C3860D558F1EC7CF7C9611E6C71F7F5C568D4EF36610D6AFD5857712D571C71D77744B4A4A1A494D000000108211F801F89DCA16C11A346850B9D1E0828202F5D65B6FA943870EA9D75E7BCD311DDA24FB3DF0C0032A3434D4ED6B9D7FFEF9116610AECE39C23AF876D065822E9B6C36DBF26078BFF2F2F2D4CA952B8F3E96E9EAAEDC6D9B33678EE3608549DE33EB634F3EFFFC73F5FEFBEF7B7C7EC78E1D2A2727E7B8ED23468C508585853E5D9789898961127CF56770A60EBF792121215FEACDCFD22A00F055D2FECBF780E9E5975FF6D8D62E59B2C4EDF7C1D6AD5B2BFC374A4A4AAAB40D000209E7040791679E7926D90CC0952D82151F1FEF18D9FDE28B2F1C015848F07DFEF9E7D5C183078FEED7A04103F5D7BFFE559D79E69915BE9E04E1E1C38797EA2FF0593AC4DE3D7BF6EC4FABF23BEBB09268B7DB6FD6A1B7B77ED82CD8DEB398981847C746C2E7ADB7DEAA860E1DAAEEB9E71E3577EE5C47BDB76CD952BDF0C20B8EF7497CF8E1872A2E2E4E7DF9E5978EC78B162D527FFBDBDF1CB7D75F7FBDA333B470E14275EFBDF73A46F0DDFD7BD6902B1D21EB7EA79D769ABAEAAAAB1CAF27A13A3F3FDFB17DFDFAF56AD5AA558ECE9904E9575E79C5EDEBD745F06DD6AC5917FD191AAACBD5FA73D448DFD21800F00B4545458E539466CC98A17EF8E107D5A85123151515E5765F09C8A9A9A98E767EDDBA758ED39BA44D7EECB1C7D4471F7DA4CE3AEB2CC77ED276EFDEBDFB68C8BEE4924B1CDF1DF21DF3D5575FA92BAEB8C2F1EF3DF7DC73AA69D3A6BC0900021223C1414207D0DBB66DDB3663D0A041555E055ABE10ADA3C132FD59BFC6D169D08EA3283AE8DC71C71D557A3DFDEF460F1B362C3C3434F4FD8AA64627272777D5E1F73519F1D50F97EAE032241803B04902AB045B21071B64BA7A93264DD4B5D75EABCE3DF75C4710B6D471B95183C8C848475095202CEFD5C08103D5A5975E5A6E24E1EEBBEF565F7FFDB5A348C769E3C68D471FEBF7C211C04DD2F9BAE9A69B1CB7EDDBB777FC2E52E4A089DCCAF6175F7CB1CE03B0CC38D09FA1B7F5EF754887DE6FE4E32C0198960080BF90515D6957CF3FFF7CC763699FE5FBC0DDAC1E09B112962524CB41C9BFFFFDEF8E9F95FB7250D20CC0420E764AB89D32658AE3FBBB7EFDFA8E039CB2BF90DB56AD5A1180010434468283808C004B00F6740EB02732BD59FF8CE3E8B239E2671D4593A3CCF2856C0DCA95B9F0C20BEB3FFEF8E379E3C68D93207CA78C08A7A4A444E95026E7F8F6D3E53AFD6F38BE797568E1CD53CE29D112624D32D22A072364E4553A2E561258A583231D1839BAFFE69B6F3ADE27B96F8E2048782DD708E8C06A767E446666E6D1C7321AD0A2458B72FB4B474B7E46468965DAB504E0ECEC6C4768167BF7EE3DEE676A9AE533F4B0FEFC5CA94B2C9F1C00FE6CF8F0E1EA9A6BAE71B4DFD2BECA01CFEFBEFB4E3DFBECB38ED940D2B69B61F9A79F7E5263C68C719CFAE08B4662000020004944415422073F85CC2292FD5D0F7C9BEDB37C57B46EDDDA715FBE53E4DFB0DE020021187E6BD4A8517DB66FDFEEB80CD289046053DBB66D1DAB3C4BE09205B24CB262B47C2177EEDCF9845F537F21C7E82FF77D3A08A7252525EDD5E1A5D5C9FCBFE99F1D5357A1B436C874B58F3FFE58A5A5A5A9091326383A32123065BAB2747AB2B2B21CEF8BEB810B192590A96FD2C191E02B230242A6438F1C39D2EDFF8F196065A441FE5DF3B1845B93BCAE846C39FFF7BFFFFDAF635F09C0E6E7C42423C1F2EFD4C628C2E6CD9B1D9D41FD192A30B79DE8C193BAFA1C017E2655B745995443ED92006C0655534242C2D1006C7CCF3B0E88CAC8EE2FBFFCE2B89583A5320A3C6BD62CC7E92BD75D779D9A387162B9B65AC873F2B372E0540E7ECA7468F3160008C1F04B292929B19B366D9A215F7E2713804D72E923EBE24C4246846FB9E596937ECD8E1D3B9EDAA04183A283070FB6AAC6FFE2E8BAA857992E2C81B2A649889405C7BEFFFEFBA347F2A5B322E76BF5EDDBD71186659AF4FDF7DF7FF46764AAB31CFD97FDA5E3B474E952C7E8EF3BEFBC73F4DC60991667ED544967AAA29160EB011129F2DAF2BBC9746C7324D80CDAF23991510A6B07AD264900B69EA3EE4F9F23C00F8DA10A7CCFE8D1A31D6DAE8C044BFB2B53A3A58D37BFA7E456BE3B3EF9E413C7E8B27940530E72CAF783CCF4622418002118012335353577ECD8B129E9E9E9EFE8E052E573815DC96AC132BA669D0A2D23C1324A29E7A49E8C1F7FFC71B70E2F0DF45D39E1B4856BC0AEE268DED8BAA8D773CE39A74E43931CE5974E8D0454E9F49824144BE745A62B4B3894202B61553A44DDBB777774826494D61CA9F5C69465191196C5534CD2C99211E8DAD2AB572FC7E8C68103075C9F92690B36A3F8E4E708F0978C4515D40D99C9238B61FDEF7FFF73845573FD07D759367230540E74CAA289126EE5BB5E82AE1C1095993E1290E5BECCE211E6014D192596EF09F9EE90B521AC23C1F26F03002118FEDB7B193DFADDA79E7AAA60C28409B31E7EF8E1139E122D5FA472AE91752AB4282D2D75AC4029D70E3ED129D112805F7EF9E5681D767B9BE70417141474D3C1B7BB7EBAA7BE6D5995D7494B4B1B531775DABF7FFF3AE914CAF4367384D5ECAC583B43D21192C5CC643F39EF57A6C599D39BE5B93FFEF8C3B1B2F3FFFDDFFF955B5D54DE634FD3A1DD5D0E49C8F9C0F273B2C096F5F21BB292696D2E8A250B85DD7EFBEDEABDF7DE8BB67E867469E91288437CED7304F883A4A42482701D90765516B492915D599B4366FCC82ACF323D5A16B292E7CD193D12705F7FFD7547FB2B8B19CAF784CCF8917DA64F9FEE982E6D9DED63256DBCB4E5AECFCBF78504654F2B510380BF6375E820F0AF7FFD6BCE29A79C72DB6BAFBD562A21A7AA24E8CA17ABF51C58EB08AD8CBE4D9B36ADDC35832BA343B32300EB507D977999A4D4D4D442B9AFC3C8E0ECECEC33F4A65E3A20BFA56FB3AC3F6B0FE26BDBC8117C99BA260731A4A3231D1B09B9728EB02B192596D15FE9045947FF65AAB2749E5C3B35F21E9AAB3CCBFEE79C73CED1C73252E04A3E0F32026D5D6DB4AE55F2190AB17C86B8F825009F278B1A0A3920694E7596038C126CE5F19021431C336F841CDC94F5216416904C6DAEEC9AF0F21A32722C0733E5E7DAB469E33855C63A1D5A0E9CBA99610300018391E0203171E2C4F9FA4BF3767D3BAFAAAB444B90B206DCF0F070D5BC7973B573E7CEA39749925B392F342525A5D2D7DBB871E3AE091326445903B0ABF4F4740929F38CE2B84EB0BEB94D971E3A80B709C6F74E82AB4C5593E9CF722EB0744EE408BD9C87EBE9DC5BE908C97467399A6F0DB542A6CB59A742571466DD8D02C86B4A874C9E733D9FD8171653E13304C09F4940350F709A6DB0B9AABF39C5594E439185AF841C14FDE69B6FD4C5175FACDAB56B57EE6A025632B5BA53A74E8E193FF27A72750793ACF160B6E1669B2E074EB94C120042300222083FF4D043BD264D9A34FBE1871F0EAF2808CBA8E382050BCA85E0E8E868F5F4D34F3B4625F7EDDBE7D876E8D021B562C50AC797A64C4DF544A640BFF2CA2B8DEC76BBC700EC4E5A5A5ABAE41AB9DFBB776FB9044E7F1D647AA8F2D35D03FD7D731CD997115E19093057F794A3F93245CE7AC923E920C93EF25EC8D17C791FE568BF757AB35C3243A6D9B9239DABCAA633CBBF619EF76BEE2BC15A3A6EB26898AFE13304C09F48383503AAAC7B605DFC50C86593A4DD37DBFEABAFBEDA71BD5F09CC723A8BB4D1725FDA7E99DD23EDBFDC97F65F1E9B0B199AEDB93C67866DEBFEF2FD21A1B9AEAFFB0E00846054DBE4C9933FD25F96D7FFFBDFFFFEEC91471E89F01484DF78E30D75E4C891A38FE55AC0F2A5DCA041033568D020356EDC38C7F9A0A2A0A0C0B1FF0B2FBCE0B8448FBB002C53A0F5DDBB66CD9A35FF647F771D9E57E89B15C1F8BEC968ADEBA52DA4B3E23A5D59A6C5094FE77F09396FD8131941A86C612BEBF372E9262123CB4F3EF9A4CFD763307F8600F81F99FD23A522D6993DE6CAFD55657E670040B0E19CE0203467CE9CC5C5C5C537BFF6DA6B856BD6AC39EEF965CB9639AE412B47824DB200872CC821FEF297BFA8F3CF3FDFB142B490B02CD36FE59C2257D67380AB1380839DA723F1B2DD9B47E9657AF389BC9E75BAB4B77F1700000080100CAFD18174415151D12D13274E2CB42E96959B9B2BA3C58E506B25D7ABB51A306040B915A3657AB49C97644E93163202FCEAABAFCA0870EF1399020D000000003585619B200FC277DC71C74DE3C78FFFEF902143A2646AB48C04BA5B11D8954C8FAE683F19013603B0FC3BD436000000005FC048709093A9D145454537C988F00F3FFC50EA8DD794003C61C28408630A3401180000000021183E19848BAA1B84CD29D0A5A5A57D99020D00000080100C9F0DC23AB8DE264178EDDAB5271584CD45B014E700030000002004C3D7C9D46509C2AFBCF28A4C8D3E72223F6B5D048B29D00000000008C1F09B205C5C5CDC73C28409C5550DC2E675803907180000000021187EC7B88E70CF575F7DF5C8EAD5ABF32BDA77E3C68DBB5E79E59506FA6E3FA640030000002004C36F83B0DD6EEF3561C204DB9A356B0EBADB47CE011E3B766C94DE4F4680E7536B0000000008C1F05B32B5B9A4A4E4E6F1E3C7DBBEFFFEFB7241D8BA0A340118000000002118014146847510BE75E2C489B655AB56ED3703B0790E3053A001000000F89330AA005509C277DC718704E18F5AB4687170C78E1DF575004E260003000000F0378C04A3CA4158DF7C9C9595D5506E09C00000000008C1086876BBFD77EB2D0000000010820100000000200403000000004008060000000080100C000000000021180000000000423000000000008460384559EEB7A13A00000000108211C826E812A34BBC2E4FE8D2529730AA0500000040B0200005978F75E9A24B892EDFEA92A2CB05C673128EB37589D5A597B10F000000001082E197642A74A12EE9BA241ADB96E932D3B89F603C3781AAAA58484888BDACACCCA66FA98C3AA6DF87ADFAA6053501C04B8EE8762582F6DD27DA77C70D350180108CEA18AD4B47E59C062DD3A137E8F21F37FB8D578C02577C34212AEACF43870E356DD4A8119551C7F6EFDF9FA16FF6501300BCC166B3AD3E78F060E7D8D8D8086AA36EE5E5E5A9B0B0B04DD404004230AAE349E51C014E376E133CEC974555552C3C3C7CD98103076E2304D7BDECECEC83FAE6576A028037D8EDF6257BF7EE3D4D87E0B6D446DDD2DFB3456565655F5013006A02F37D82538C71DB4139A73F0FD0E5665DC6188F39385281C2C2C271BB76ED2AD69D252AA36E65EEDBB74FCE69FF80AA00E0A510FC41767676ACBE6546541DDBB163C7211D826753130008C1A8AE5C23002F366E5FD7E5165DDED365A81182E5962FFF0A5C7EF9E5AB7407E9A79D3B77521975282323E34BFD3EECBCE69A6B56501B00BCE1DA6BAF5D5B5A5AFA636666E67A6AA3EE646565E5161717FF4CFB0E80100C6FD860045C59206B9E65FBEFBA3CA63C4F91868BC2C2C23EBA9374F8E0C18354461DC8CDCDFD78DFBE7D379595950DA536007893B42BDBB76F6F76E0C0815DD446EDCBCFCF2FDDB2654B596969E9C3D406004230AA4BAE09FC912E3D95F33248737599669429CA79A9A459C673A844F7EEDD37E88ED2CDEBD7AF3F4010AEFD00FCF3CF3F9F67B3D9EED7EF43063502C0DBEDBB6E5FEED2ED4C910EC2AC93518BF2F2F20EAF5BB74E163BEC47FB0E80100C6F9011E09B744953CE69D13205FA1E4BB95B97BF1ACFA10ABA75EBB6B8A4A4E476FD857D70DBB66DFB3847B8C665666464BCF9D34F3F5DA2EF3FA2EBFF53AA04404DB5EFBA4DBF5FB7EFD11B376E5CC439C2B5D0C06766AE5DB3664D7E6969E9FDB4EF0008C1F0966C55FE5C5FCEB3F15247497F615FA2BFBC572F5FBE7CCFA64D9B7EDCBF7F7FB6717D439FB579F366F5E28B2FAA3FFEF8C3A77F4FB90EF0DEBD7B3F5BBF7EFDAC6FBEF9E6F0BE7DFBCED0DBAEA18304A036DA77DDDE74CDCECE2EFBF6DB6FB3753BF4454E4ECE721D880FF8F2EFAD43BBA37DDFB06183AFB7EF25FAFBF257FDFB7EA5EB77F3B66DDB72F4B6AB68DF01D40656010E5E6BA902EF90A97372B368D1A28EBB76EDBA4D9744E59C561EE5ABBFF3871F7E28D7D85513274E54BD7AF5F2E5EA6DA19CD70196CB204D6291140075D0BE5F27EDFBDEBD7B6FD345DAF7485FFE9DCDF67DC78E1DBEDEBE8B7C5DBED76504ED3B0042306A52822E992EDBE274C9A16AAA475615F587830B2929295185858505725FCE677EEFBDF7A25353530B79070180F61D0008C108347259A46946088E57CE29D242462C93A99EE0A03B485DAC8F8B8A8A12F5CD026A060068DF0180108C4093A7CBBBBAA4EA225F8CE9C6F644AA26A8F4B33EB0DBEDFDE9240100ED3B00040B16C60A3EACFE8C6B5D1E27F6EAD52B866A0100BFD78DF61D002AC74870F018A89C53A05BEBD2D1B89569533225BAAD729E2B6C4AA5BA02537272720FBBDDDEDCB249560C8F0B0D0DEDA16FE7514300E0D7ED7B4B7D572E4F600E72D0BE03801B8C04078FD5CA39FD799DE5565662CCD465B7716B160E8E04A8B2B2B2EE1EDA809BA91D000888F6DDE6F214ED3B001082833E04AF75B975BD2FA584EA0A3C8989897270E31E0F6D404F5955945A0200BF6DDF533C8460DA7700200403C1A959B3665D6C365B23D7ED76BBFD88BE89292A2AEA412D0180DFB6EF727DFA52374FD3BE03800BA6BD069F7E468955C7569194FB32529C47F5042E639550B74F19CFCB94B9F9D41400044CFBAE68DF01E0788C04079F7B8C728BCB7D02700093A972BA13748DBBE76C365BA4D149922973B1D41600F857FBAE8EAD0A1DEA2104D3BE03002118082E4D9A3449D461B74505BB14C854BA828282AED41600F857FBAE6F6455E8624FFBD0BE030021184E09544110FDA1878454B63A68A8D151EA476D01805FB6EF159EE246FB0E0084E06094A88E4D978AD1E569AA24A82457F27C84FCC76EB77733A6D60100FC439299732BDA494E89A17D0700271AC3E02197414AD165B1729EFFBB4397696EF6CBD16538D51538EEB8E30E39F8715A55F69529734D9B36BD5DDF4DA3E600C02FC455B17D6F64B4EF2B8C7E408E9BDDE4524AED8C3E03001082E1F77275C9B43C4E370A029CEEF8743EC1FDDB516B001090DF07D2BECB41CE11BABCE8669742E5BC620400108211303AE8629E3B645E22496EB374F94C97055451E0993D7BF68BAE9D9DA4A4A431FA66B42E63D3D2D2C6504B00E09F741B6E7369DF13F5CD525DD2F573577AF83119E9EDA9B86C1200423082C0EBBA941845A644CD54CE694F128207EAD25197578CE7010040609283DE321AFC982E13F9DE07106C58182BB80C52C716D010320A9C6884DF4ECA39452A916A020020E0C90C213908FE912E2FEB72A32E72FA4CBC725E41424A1BAA094020622438B8642BE7A21732EA6B9EF7936B3CF7A4719B413501001014E4E0F73C5DBAE8F284A56FD8DDB89DADCBEF5413004230FC958C025FA0CBF3CAB99264A272AE16DD5A398F0497EAD248398FFADE447501001014FD40393D4AA643DFAD9C07C6A57F904ED50020042310BC6E7CB1C94218729D6039B26B4E7FEEADCB42E51C052EA4AA000008782D75795639678265531D008209E704071709B8B212E473CA798D40210742E4BAC009BAC8F564B3A8260000029A7CE7BF667CFF138001041D468283CB0A37F7171BB7B23AA49C2F6C3D4F180000049E19BA8CD225C7CD73C314D3A101043846828397BB2F3E19298EA16A00000868C32B08BA1F503D0008C1082432D23BA282E764718C6E54130000FEC966B399D7FCAD68B6DF8A0A9E4BA51601043AA643078FAEBA2C53CED15EB91FA38E2D8225E703F553CEC53112A92A0000FC93DD6E37D7F66879823F2ADFFFE9D42000423002899CE3B3D628728924B914525B5D7ED3658372AE0E0D000020E2158B66012004C3CF7DA59CAB419A0B5FCD53E58FFA2650450000C0D081100C80100C7F27D700BE4B3947816551ACBDCA39125C62947863BF28AA0A0080800FB839845C00C18A85B1822B04EF36BEF4E436CBB85F42D5000010346400E4B52A04E038AA0A40203784080EF26527AB41B6D3255339CF0356EAD80A9109CA39353A91AA02002060C9C1EF8F75F9D2A51F689E2E65923544D2A82E00846004CAFB2D539E7B28E77468593D723555030040D0986814AB44557E75E814AA0900211881E077E51C09965160B93C52A6B13DDBD82EE2A9260000821E6B840020042320641B25D312804DE6E358AA090080A0ED179A6B857457CEE9D0B9540B8040C3C258C1E7530FDB0B8DDBF9541100004169A4E5FEFD0460008460040B2E970000809F8A8A8A32BFC74FF4F4A64C5D5EB73CCEA136011082010000E0D3525353CD995D277A4EAF8460467E01108201000010D0642D9024E3BE5C1B3845B1660C00423000000002908C16F754E5478DD375794D972E846100846000000004924297C71288337579579797751948150108441CE1030000083E09BA7474138A67E9B25E977B74C9A29A0004224682010000824B4B5D9ED66599F1D85C093A5397645D661AFB14525500021123C1000000C1E77ECBFD3C5DA629E7659506E8F2BC11820180100C000000BF779F2E635CB6C9F4E7445DD6EA32449712231467535D0008C10082895C3AC3D37523653551A6CA01807F91F3806FD3A5B5F1B88D2E0B9573556865B4F98B75E9A04B0F5D52A93200818673820154440E9475F5F05C22D503F88D296EB6C941AE6FD4F18B23C1FF390E50A6A4A444B9794E467ACF53CE915F29EF19DB443BE3B322EDFB0202300042308060946374A6123D75B200F83433E06E55CEA9ADA638E59C127BBF2500217038A630171616C657615F09CA724E7082722E8CF5A0722E8CD58E6A0410A8980E0DA032AB7519A49C53E6DEA23A00BFD24F970C2314A5E8D2C912925E52CE29AFDD74799DAA0A5ACB8C102C1618B772903387AA0140080610CCA483DC4739570F1DA5B87624E02F3E53CEE9ADEB7459A14B9AB13DC1F83B96F22CD514D456BBD996AD58100B0021184090B50B7D3C3C27AB85FEAA9C53E5565255804F93A9B09D75196A04DD0C97E7471AA1B894AA8272AEFF90A938C8092008704E30007741D7DDF9BE322A305B979B74F956974BA82AC0A7C934677375F7F52ECF753642F1EF54130C61AAFCE0483C550220901B3C007095E6617BA23A76190D460B00DF36D308C22F188FAD8157A6C0CAC1AE96BAD4A7AAE0869C2FCE946800846000414D16C75A4635007E47A643CB290E31BA7431B645190158FA013F5045411970E5F3B0A2827D4AA8260084600495DEBD7B8FB0D96C2F78787A745252D268EB86B4B4341BB516D04618ED85F5522AB1C6363A4A806F7FCF9B7FA332353ACE727F85118439B8157C9F899795F35248408DF60FB5B1BA8F38869A0321187E21242464ADDD6EA722203E52CECB67DCE3B2BDA3D1914EA78A009F655EF226CA08BBAE81375197AB757992AA0A1A725064A12E6FAA63074964DA739CD1D69B974BFA83F61DD5ED1FEAC0CCBA032004C37FCC9A356B415252D27E7DF7942AECCEB9A181ED160FDBE5B2495C4712F00FA91EB6BF41D504A58946B14A54CED5A1332D8F8193EE1FEAB09C1B1515358F5A832F62756854D4787D50C92EA5C67E0BA8ADA0440006FC472155107CEFB7CD668BAAC66724866AC449F60F4DE9A9A9A9B43DF0498C04A3A2466EB6FE02BDAF82E74BF4F3A1BABC476D055CBB208BE8C8087F45E7FB4A0749569865F550C037C9290BFD75D95BC97E72207305D51550A45D6EA7BFA7E532471B4EE067ACFDC29B8D9F653A2B4EA87F68F136B5054230FC4EBD7AF596151515FDA91BBB26EE9ED70D60A4BEC9C9CECE665195C0625E27B86525FBB555C7CE3704E07BE43AC0DF561270E53C5039EFFF6CC56831947A5A1D5BFF41CE1367C60F3CF50FF7EAFEE16915EC96171D1D4DFF103E8BE9D0F048A6B0E806EEF38AF6D1CFCF4F4F4F6775E0C023D7094EF550328CDB858A95A1015F662E782423C22D8D906B9DE22A01C75CF48E000CF92C3CEFF2F9003CF50FFF5BC96EF3F47EB9D4167C1523C1A8CCBBBAA4B8D95EAC4B784848C8075451404BD2A59FD1919669752F512580DF493782B094EEBA1CD0A5B52E9395F3B2674C7785197A09BEA86EFFD0F41955044230FC964C758E8F8F3FA8EF3674792A5C97AC5DBB762DA696025A9A1180A5139DA89CAB8626502D805F314763361825D3F87B5E4DD504B5677599AD9CB37B5CF534B67380041EFB874D9B363D64B3D91AB8793A2F2A2AEA536A09BE8CE9D0A89031D579BACB66C705E2645568A6420300E0776466CF63EAD8E5905C7550CEF383018FFD431D80DFF5F0F40256850621187E4F87DD852E9BCA8CDBFF513B012BCC28327D52A6438F316EDB29E73985515411E077E4BCE0977599A6CB13CA39DA87E0D446396702E459B6C96723CEB83F5F97AE54134EB07F689A4DEDC01F3ABA408576EFDEBDA069D3A6D9369B2DDED814AA4B4E595919535D02D7EDBAC8FB2B5327C71ADB6295736A74A2118E01F8D7F77DBA2EACD60A5162B4E956B206845CF23087FE214EB27F28C138373A3A9A53E5E0F3180946A58C292FAE97C2593077EEDC3C6A27603BCB72AE988C08C45BB6CB798532026C5E1BB8A5624418F065326B4316C24A31FE5E533C94DBA9AAA0B3C268DF4728E7A8701F23FC4E50CE039DAF29AE1D8D93E81FEAC78B59151AFED2D905AAA2DC2A80BA916355E8C0252304F7A88A577D142D8C4E120BA700BE49428E5C27B8B203962D8DFE006B3C049764E59C1AFF82721ED8BCCC08C0B24D66010DA78A7012FDC3F7A81210821130A2A2A25614161E5BE3203232329D5A0968CB14D326017FF7BBE2205550D241A4C46EB7ABB2B2B28AFA793265F56CE53C582221B8D0F8BCBC450DA21AFDC305D40AFC01D3A15125C62A7F1B8C2FD7CD4C7509EEEF3CAA00F01BB15441F0D1015842AD0A0D0D8DAFA40D97EFF64CE35630388293EE1FCA678955A1E12F68ECEAF64B2A6ACB962D83F2F2F2FA1C3E7CB86D7E7E7E54595999CFFEBE3939396AD5AA55AA53A74E67DE7BEFBD765FFD3D7548B7474646EE8D888858555C5CFC4AD7AE5D97F2693B616394F31A91F3DC3C97A80B477A6BD18F3FFE78BD6E1B1E292A2AEA5C5050708ABE6FA356AADD4EA87AF5EAE5474747FFA2DB8BA9E79E7B6E208E7E25198127D5E57BFF2323F4F4E29310B04A8C7E469887E77AB869C7DB5942B1F959618A7C1DF9EDB7DFEED3ED7D7F5D3AE83E628C9FF40F13FAF7EFEFCBFD43A5DBFC03BACD5FA3FF36265E7CF1C59FF0492304A396E9F03B70F5EAD5E30B0B0BEBC5C7C72B290D1A34502121BE3D387FEBADB7FA7CDD4A40C8CBCB8B3B78F0E0F5D9D9D9DDBEFEFAEB5FF597489FEEDDBB67F0C9ABB2178D4E922C98D2591D1B39C854C7460C6E54CE15A45143962F5F7E91FE3CCFD19FE733751B616BD4A8915FB413FE403A94BA5EEBEB76E2E2DDBB775FACEBFA79DD39BABB63C78E8B02E87F532E7393E8B24D163E5AA9CB737C0A823A204B9B2EABFCAFB56C771DC1EBA638E05917E1B7E7FEFDFBDFF9F3CF3F4F91BE61F3E6CDE91F7AB7DD6FA4DBFD2B75BB7FC537DF7CF347717171AFABAEBA6A1D9FBCE0434FAA0E6CDBB66DFED6AD5BA79C76DA69F52EBEF862D5AA552B259D5B3AB65EFA50EB7A6CD8B0A16AD9B2A5EADCB973C4E9A79F7E818C0A2F59B2E4666AA7CA928C0ED28D466729D6E820B5B3EC134735D56800BEA3A8A86855B366CDCED2ED848D76A2E6DA894E9D3AC981C826B9B9B90BD6AF5F3F3680FE370B5D828DAC02FD070118CA7980E43655F1E5EE98D65AFB01F8855DBB767DD8A4499353E81FD678BB1FA26FCFD6DBBEFFEEBBEFEEA47608C1A88500ACCBCDEDDBB7572D5AB4704CCD40CD92A3A8175C7041B46EE8662C5EBCF8466AA44A12947371145938255339470B56189DA2AECA79F90CA6C9D560002E292999A9DB8950DA89DA6B27CE3FFF7CDBBE7DFB466564648C0CD0FF4D99FD3591771B8651BAF4D6658AD1AEB3DE431DFAE38F3FC6EFD9B3E709DDEEDB68F76BB5DD0FD7DFB7D3BEFEFA6B2E154708464D9129D09B376FBEB96DDBB68E2351AE8AF276ABACB533D4C6A5FF54BF2D19A3B6AD99A60A0FEEA0E2BCA07EFDFAD2D035D05F2A33162E5CD8811AA9922CE59C0EDDC5B22DDB08C34F2AE748704FAAC9BBF4E7B35D6161E1BBEDDAB50B77D74E88FDDBBE535B56BCA6362C1EA97EFFFA05F5E7A605AAB4B880CAF3423B211DD09C9C9C31DF7DF7DDFF05C8FFD623CA79F912F3FCE0143785BFE3E0256DF9645D64A6D49BCA395D7E96725E26A92BD5533B7EFDF5D79BB66FDF3E54F70F6DEEDAFDE2C25CB5EB970F1DEDBDB4FB992B27AB83D93F51715E6AF73B74E810A183702AFD4342306A802C82A53B56E3656A8BA700BC7DCD3B2A2FE73755567A44D9CB4AD4E17D7FA86D3FBC4D10F6624397909050161A1A3A89DAA81209C01D8DE06BB24E899629D2ABA926EF8A8C8C9CDEBA75EB084F0178CF1F8BD5EE8D9F3BDA0C5172245FEDDBBA4CEDF8E97DDDCE9451815E682774FD87EA367B4E80FC2FCDD6E52C23E0B4F7B04F0CEF7C5093F5323ED345AEEF3A5439AF1F3C58953F5F1835E8C081036FEAFEA1DB005C7A244F6DFD7EAA3AB0738DA3BD777C111FDAA57666CC51B93BF80AF656BB7FC61967444744447079304230BC4D56819645B064EA853BFBB67E73B471B392409CB3259D0AF492962D5B9E1A161676F6975F7ED985DAA8388B29E7F522C7B8794E2E8520D3A16544388BAAF29E458B1675B4D96CED753BE1B66D96F64002AF3B87F76F51F939BF51895E20EDB47E1F4EFFEAABAF2E0F80FF1D398825D35ECF53CE035879CAB95AB4B5CCE45D0F5AB2F8D50BC6E7C4BA08569E5150C356AD5A7575717171138FFDC3ED2B5449D141B7CFE5FCF125073FBDD7EE878486869E43FF901041E5FB0F00002000494441540C2F93CB20C92A7F9ECEF128A860B4D71CF181773469D244BEEC6FA3262AB4573917D169A9CBA5BA3CA1CBCBCAB9D2AC9C0B7C8F2E37504DDEA5BF807B376BD62CC2533B216D81CC12A1ADA8794D9B360D090B0BFB4700FD2F65EA7293729EEFDF8777189A9CFB7EB5724E89DEE0E679990DC479C235DFEE3F2EABFF7B6AF72B9A0D28832732520CEFD0DFBF8AFE2121185E26D7019615FE3CB197167BFE618EF279555C5C5C0B75FC654350DE2BBAA42BE728C1705DAE53CE6B8ACA5421733AF4BB5493D73B4337C4C6C686796E0A2A5E8B8C1101EF916989A5A5A59705E8DFB660B423B8F5313AFBA35CB6F7B7DC6FAD4B3C5555B30A0B0B2FA8B07F48BB5F6BF4F7EF29212121DDA9094230BC283F3F3F4AAEF386BAA7DF0739D4D7919AA89004DD19BACCD325D7B25DA63F7752CE55663919C9CB4A4A4ADAD14EF886989818555454140801C0DDF9BE32FD3941712E70306BAB9C07385D135691E5BE5C2E2C93AAAA590505058D69F77DA7DD2F2B2B3B979A080E615441ED900B74739D37DF60BC0F7CF62B2653E3AEF3F0DC838ACB23D508BBDD1E4E3BE153ED4420BC198B3D6C4F53CE15DE994B199CFEADCA1FE05446E0B55E439A76BE76DAFD10DA7D9F6AF74303EDFFAB77EFDE236C36DB0B1E9E1E9D949434DA65DBD8B4B4B43101FF7EF391F70DE1D1A7787C2E2C922384F029748CEA486878BD8A9F8F60600FC729ACE0B91CAA2768E5D096FB7FFFD0D147A4DD47E5E1FE84567AD781F9F7A0A8173E1ABEE1D4567FD30D597D379DDE68756A6B2ED50740A9C898A6AA61FCF96E9F8B6AD842356CC22C2E004743AE88A32AFC5B6C8B8B55586443374125C4D13FB48530B10D159B356B96ACFCBEAF2AFBDAEDF6DCC8C8C8798460D49A98C67F51F5E3DABADDDEA0497B2A088043E336D7BADDDEE4EC1E8C04033099D75CA451F073D18D4ED741B8F371DB25184BBB0F5431DC7E58C55DD35353530B09C1A855A5C505C76D2B293A44C50038D64EB8B99E386D050004AE1237EDBEBDACD871ED78A08A21787625BB98CB8CBF1D2C754208F60147F2F7A86D3FBCADF2F6FC7ADC73F97B37A96DABDF74EC0320B8E5EE58ADB2D64E77FBDCAEF5F3D4EE8D9F73B90C0008A0F0BBEB970FD5811DDFBB7D6ECBF2492A2FE7372A0A95AA57AFDE329BCDF6672599302F3A3A7A192118B5E2C0CE353A00BFA50EEFDFE2719FC3B95B55E6AA296AFFB6EFE8E00241DA11CA5AF79ECAFE75BEDB1101216D83B4115B755B5170603B9506007E4CFA85992B273BFA899EFA7EC585B92A6BED0CB57BC3276E6713022699E26CB7DB3FAF64B7797ABFDC60A913CEA6AF2332B22BA33632D25B1532E545F63FB4E757D5E49CEB5594E352B70002DD815D6BD59F9B16A8D22355BB924DE1A15D8ED923A79D91E85834252434824A04003F21613667CB5295BB7D4595073EF667AD5279391B55D3B63738D692013C785797147731433907463F0BA6CA6024B88EC8C86E5503B0951C19DCFAFD7FA84020081CFA73BD639A735503B0493A4E399B97A83D9B16508900E047A4CD3F99997F8E51E175EFA9C2833BA844B8959D9D2D539D0F7AC883795151519F128251E3AAB39881BD8C4BFB0141D14E941455EFE7692B002068FA87DEF87904AEF4F474E9144CF7F0F482605915DAC474E83AD2AEDB735402EA4CF3E6CD7377EEDCA95AB56AC592C23EAC51F38B1C05A82B575E79658BA54B972A9BCDB685DAF01F975D7659EB6FBEF946EE322CE8675A75EA4F25A0C6D8EDF685BA3D1F64796CD78F6DFAEEEC60AB0B46828120F3CC33CF24EFDFBF7FFC75D75DA7F6ECD933EEA9A79E4AA15600B89A3E7DFA84952B57DE276D454444C4FF4B4A4A4AA456FCE37DFBE1871F52E47D8B8C8C9CC8FB06C0B47BF76E394F6AA7F95802B0CEC1B95151518B09C10002D6F0E1C36FDBB66DDB8C41830685F4EDDB573DF2C82321BA417C6BE8D0A177D6D2AFD04697980A9E8FD2A57305CF77D325DEB8CF4C16A0864CD0BEFEFAEB471E7EF861256D856E33EA8587877FA10355E75AFA155AEA125BC1F36195B4157D7449E07DABF5F7CD9504F0A493FCD9042FBF873D7589E3AF1BC1CC9812BDC8BA4DE7E0C5C1B42AB4A2130904171901DEBE7DFBCCC18307875C7491738AED05175C204138F4D5575F9DAE83B074A0DEAFE15FA3AB2E6D7559E8E17909B857E8B2DAB2ED464B5B259DE20EBA64E972A92EEFB9EC0BA09AA64E9D3A65D5AA55039E7CF249DB99679EE9D8D6B97367D5BF7FFFA8B7DF7E7B69AF5EBD2E9C3B77EEEF35FC6BC801B3EE27D856C84132E9E0C9C13439D896623C2F6DC5C7BAACE07DABF1F7CD9DD84A9E4F32DE3379EF3AE92217BEDD60FC9CAC0A9869D9F705E300871C24914EFB4C5D86EB629ECBD8D9F8B91223F0DEACCBDBC67331C6E72A87BF7204B972AB44EB10FC5E30560223C14010183B766C3F09C032026C0660D379E79DA7860C1912BA7FFFFEE90F3DF4D02DB5F0EB480727DDA5AC353A2CD249DDEDB2BFAC56385F97AB8DDB54E3FE93460737867718F08E975E7A69EE9A356B065A8394E98A2BAE500F3CF0408CB622292929C107DB8AC5C63E971AE1E8155DFAE932CAD83F8CF7AD56DE3757952DB69366B4EBF29EED300270BAD1DEBB4ED13CA08B7C4FC9398C17EB72BB2EF7599E5F6DF91CAC36C2B0F9D99919E8074280AA888A8A2AF77710191919949792A8F12F04BBDD1EF5F3CF3FF7FBF1C71FEFDCB56B57C79D3B77D63B78F060586161A10A0B0BB33768D0A0F8D4534FDDD1B061C3EFF4EECF3EF1C413BFF1F104BC1B80333333DF91A9CF32F2EB8E6C7FF4D14743C78F1F3FBB6FDFBEBDA64F9FFE710DFF5A896EB6E5B8B44951C67E85960EB11CE59723F91FE8D2433947854F53CE9100964206AAE1C5175FFC60EBD6ADB78E1E3D5AC5C7C7BBDDA76BD7AEAAB8B8F8B4193366AC9629B66969699935FC6BF57013A2DCB5152996FD6424504617DBEBF2AD728E1CCAFF908C32DE5D8550C6FB567D7D5C026C4BA3DE2B1B85ADECF9172DF77F57C7468C3DF57173DD6CE3BB0241E7AEBBEE6A595252D2D366B35DA1335847655C1B5816C6D28F7FEDDDBBF75AFDDCB7A1A1A169EFBDF75E1621B89AE1F7C30F3F9CFADC73CF25EFDDBB37EC2F7FF98B4A4C4C54A79F7EBAD2A1578E42285DE9B643870E456CDFBEFD8C8C8C8C33D6AC5973E7D0A143B7E5E7E73F3775EAD4B7F8C802D50EC0775516804D32223C6CD8B0F0575E79654EBF7EFD6E7DF7DD776BE2A2E92546BB936E745ACD8E581B639BB573221D26393A29D3A11394735A9C74A4B28CFD642AE44BBA64F34E03D5F3FCF3CFCFCFCACAFAFB98316354E3C68D2BDCF7CA2BAF54DBB66D3B65E9D2A52B9293933BCC9A35AB26A7974A1B9068692BE4C0D76A23F85ADB8A378CFD6466C807969024BA28E748E38BBC6FB5F6BE0D53CE593C665F53DAED11CA39EA9B693958D1D1E5E7DABA845A69FB654A73B2E5E085BCC7B71B0735E4B55F37B677363E1FE66722CE782DF3408A7C669ED065A872CE2800029EFE5B9773E11F2A2D2DBD4C87DC48D7E78D95A113F48DFCADF5D4FBBD9C949494AE1FBFADDB889984E013B462C58A7B75C3FCFF0E1C3810A92BD231CA141A1A7ADC7E1284A548C32D5334FBF6ED6B5BB76E5DEBB4B4B437060C18306CDFBE7D37D5D1F92B80DF1B326448CF2D5BB6BC2BE700571680AD41F8B1C71E8B78F9E5973FD20DE7DF7503E8ED2932D2E932872A6E50CE115C6574729629F747E8E38CB62AD3657B3B0230507D8F3EFAE8C2FDFBF75FF3CC33CFD82A0B52A67EFDFA851414149CBA6AD5AA15BD7AF5EAA8BFABF36AF0577CC8D2565C6DB405EEFEBD0423EC64B8F9F91779DF6AED7D93803A591D1B8535DB7C09ABFFD5E541E51CC195E757A8F223F309C6FB9B6ED996EADA7D54CE83A06D8C706DF665338C706B7E8FC834E91F8CD0BCC07250050878C6A90F53EC767B8F93F8F144FD7389FA3506E8507C4FA06631AF86605D61619F7CF2C9A2D4D4D42B6FB8E10625CBF3BB0BBF1591CEBA2EA10B172E6C3767CE9C9F1E78E081871915064E8C8C001B0138D4F51CE0AA04E1E1C387874B10EEDDBB77AFD9B3677FEAC55FCDDAD9B12E787240553C4531DBB26F8EF1B3FD78A781EA79E2892796EAEFEECB478E1C696BD0A0C109FDECC08103C365F44007AAE529292997D5E0EAA2AE6D451EEF9BCFBE6FB1C6818AC16EFA9AF2BEC922555FE872869BEF84AA92EF807B8CFBD394737477B89BD7BA44BE0E95733611103474DF2D49FF8DBFAEDB88D3CC6D92C73A74E8A02EB9E412D5A64D1B151B1BABA4ED387CF8B0CACDCD559999994AB7096ACD9A3572EA84F9635DF5CFFD989C9CFC60208E0A7B6D612C09C05F7DF5D5778B172FBEF2D1471F5537DE78E3090760ABEEDDBBCB6AB6D121212193EEBBEFBE87F8480355336AD4A83EBA319B7E3201D81A84870D1B16151111315737A635D58190D18144A3B4AE60BF5CA3632547FD87191D9A14C5283070D274F8891A3264C80FFA3BF60A1DA4424E344899060C1810AADB8B73F4F7FD17F29A3ED056C8A85F82725E0E27C128D256C4F1BED5CAFB26A3C032DDD8D379B7D291F6E6A8529687F7B6A3F17990E757189F07201802F08D3A00CF3003B06431C96413264C5023468C709C1621A7A69A6D47BD7AF554F3E6CDD5DFFEF6379941A8264D9AE49AE162F46BCDD041F83E42B0073202FCC1071F5CAC3BE0EAECB3CFF6CA6BB66EDD5AFDF39FFF9420FCA2AEFC3E7CB481CA03705656D6BB720EF0C9066093CCCA183E7C784D06E17FAB63AB763EAF3C2F88926D747CE5F9D9CA791E58AA729E0FFCB2118E019C409092C5281B376E7CA14CA53DD920657AE8A18722DAB46973A1EE34A5D75010FE8FA5ADB04EB375F5BB119865447083119ACDF6C55C1C8BF7ADE6DEB72823E45636BA7B4D350E860CB1BC8F1274537459E7B29F8C3C3FABCB78E3B14C9196E9D38C0823D003B08C007F64FC0D38C2ED0B2FBC208B62A9AA9E322123C4B2BFFC9C8465930EC26F065A16F34A08967380BFF8E28B2B070F1E5CE54AAE2A79BDA79E7A2A263C3CFC355DF9EDF88803EEC91468330057F51CE0CA1853A3A3F4DFDF1CFDF7D7C3CBBFB2F5DCAC1C23CCB674D96790D1E12932C2F0324BC7A68B71FF4DDE7DA06A7AF5EA15A3C3D3AA66CD9A75D47FDB365997A3BA74FB2033472275A09250322F3131D1DBEB8DCCB7DCCF30DA0AD7D1BF81C6F630A3AD58600432D1D9B83F8BF7AD46DFB742557E85EECE9683125509B81252DB56F2FAB296C426E993EBB2DC785F5FB7EC233301462AE7746CEB6C21992E3D4039CF49EE424B804023E700878484BC6E06E0B66DDB2A5930CF1A644F84FC9CFCBCF4032D41784A2065B16A7F51C92AD0CF3EFBEC143907D85B23C0AE6444B877EFDE91EFBFFFBE9CFBF1573EEA4079EE16C192733C1E7CF0C1E3F695A92ED68355723E48FFFEFD8FDB6FF2E4C98E95DCA5017CFCF1C7A3C78D1BF7816EFC6EABE66259D2D171378A936B3CF7AC2A7F2E99747A3E353A3332153ADFF29CD9D1EDC52700A85C4A4A4A6C5858D8F7FABBFAACFBEFBFDF2621283B3B5B0D1D3AF4B87D1F7EF861F5D7BF96FFBADDB56B972CC674DCBEBA6D707498743B14A9FB0357E97F43C266727A7A7A752E452307C4F23C0421095872F02BD9A56D4935FA350F59DA8A50E3FEA72E6D0BEF5BCDBC6FD636BDD0782F1EACC2FEE6BA0F7729E7EADF9E5EF31A23E8C6198FADDF270946F07EC5CD6747FE9F6E32BE630A690D10686C36DB9BE6146819011E366C98AAEE6C11992A2D53A4250C6FDFBE5D36C9D468697B2F0B843AABF648F0FCF9F3DF96CB1CC939BC35E9FAEBAF8F6ED4A8D1194C8B06CA9311601D78E7B99E032C535A24044B2376F40F3E2444BDF1C61BE57E7EEAD4A98E1101D329A79CA2FAF4E9E308C02663D5E87AFAE7E755736AB45C1E63BE87E724D05EAC9CE76F99DE323A2FB24D8EE48FB114F37F24874F015079908A888858A3DB8833FEF18F7F1C1D4994EBCA4A67A955AB56E5D6F178F3CD3755696969B9D7183F7E7CB9C7679E79A67AE081078E8E34C86BEACE52745C5CDCF509090933AA39B2286DC53C0FCFC9F567CF76692BC618E1669E4B5B314A1D5B193A83F7ADC6DF37AB0CA3B39C7102FB27ABCA173E33174A733DA09A69BCFF15FDBC7C1EB83C12028A5C064987D36E725FDA0309AED50DC0D6202C337D2DED4CD740C962D50AC1320A9C919171875C06C9DA89AE2903060C384577C2EB64912CFDFF38523E643530CD0B41A2263E433A00F7AB6811ACCB2FBF5C356BD6ECE8E3B2B232B565CB16B57AB5F340FB6FBFFDA67EFEF9E7A32B01868585A9860D1BAA1E3D8E9FF92C23CC8F3FFE78B8DE27AD0617CBE27D069F212F7F86649A9CEEC0FCA2DB88D63AFC84BA2E5AD9B97367473B71CE39E71CDD565050E09835629A33678E63F4D124230D8D1A3572B43156D21718356A543DDD01EB79C619674CA9C6AF5D52CDE779DFEAE67D0BD6BFD944DA7CD461DB71341BC995794E760AB427F27AB2589625FF0D08FA10AC3BCFFDFEFCF3CF306F9D7F5899F3CF3F3F223232F20CE3DA57B5ED59FDA67FD4B469D3FDFADF9755D27AC8393ABEFCE67EFEF9E78E29B155B163C70E59DCACCAAFBD75EB56B572E5CAE3B6171616AADDBB7757DC732929A9D2B600647E8672BCF1193202F03B952D823568D0A072A3C1D2497AEBADB7D4A14387D46BAFBDE6980E6D92FD6484C0D3CAEEF2376806E11A384798F71928FF19DA53DDCF907C5FEABFEB95575F7D75D3FBEEBB2FC4D3DFF6C08103D5BE7DFB54FDFAF58F6E9383659B366D726CFFECB3CF8E8E30CA6B485B2F334DDCBD9EB4233A5045E9EFEB3EFADF1CCEFBC6FB160496C6C7C767EAF7ED3FBA740EA4FFB13FFEF8C351ACA49F37658AE76325B212B1F413455E5E9EA38F699283EFF0D8761CD09F9FD927D276DC75D75D2DE59ABEE6DFB884E09A2083239601CFAE7594C5BC2AB43A3FDCA54B97571B376EDCBA53A74EB5F60B6FD9B2E50FFDC754929191F15D6D5654870E1DC6C8ADCD668B902CA04B1F7DFF1F3A149C7BDE79E71576EEDC396BEDDAB51E935CDFBE7DC7C8B9CDB549E6EFCF9B374F5D71C5158EC64842AE3444727E90849FB3CE3AEBE8945719FD9B366D9ADABC79B3639AD58A152B1CFBCACFC99164F912B5FEFED2F8C9D4DAF6EDDBAB0F3FFC50EDD9B3C7B1EF73CF3DA776EEDCA92EBDF452C77E12C2E5BA63F2DCBA75EBD40F3FFCE0988E2BFF9EFC3ED290CAF64F3FFD545D7659ED9D6220BFCF8C1933C6D6D16728CAFC0CE93A1CA0B7FF457F868A2AFB0C593DF3CC33C9DBB66DABD22258313131EAC891238E6BC099071B644458FF5B2A2727C7715FC8D41959225F96CFAF886EA443F567A774F9F2E53DCF3DF7DCF5DA46BEBFBCF33ED7453B71B2EEBEFB6E471B22ED8569D1A2458EB6E1DA6BAF3DBA8F3CD67F6BEAA38F3E72B413F27D216D873FA88B76A282CFD0037AFBB927D256C802263AD87CAB3B2F71BD7BF70EA9A8DE65164893264DD4AFBFFEAAF2F39DA7D3EA8E95A3FDFEF6DB6F1D07CD4C72CA84FEAC3AA6D57A22A14CB72761DF7CF3CD65FA7BE2A0FE7D5705E9DF3EEF5BF0B4FB0D95F3EA05F29E3FA2CBD9BA1C8C8B8BCBD2DFBF65BED43F3C11AFBEFAAAA3AF28A381E9E9E98ED964D287D37D0047FFF29E7BEE719C872E7D0DA1FB048E6BCDCE9E3DDB7190FDE38F3F767C3EE5C0CC8F3FFEA89E7DF65959E84D454444D0EE1FDF7648CA6C6FB41D0FEB76E37C5DF22B6A3B743FACAFFE39C730ED85175EA8BA75EB5623BFA39C3621756339A0B1A3B6B398B7556BEA860E531D1313136BF517BEE4924B6257AE5C294BDDFFFFF6EE053ACAFACCE3F8248410160B08784AAD75BDC0F1B2EE112BC765B7B6ABADDAD62E8AA2918020A570DC2ED5A208428503B2A888E122C859B56545E4A6092A8A054130D1A81CBC45135D040AA140121030090112C8659FDFF0BEF8664CC86D6E99F97ECE79CF4C86C964F8BFEF3CF37FFED7F448179E5D745DEDCB669862584545C531B5DED863ABAC5C5607696189165172A9E4C64958FC2D72FA62D305ACA455C15609AF1B749588AAB558814CADC43FFCE10FFD874BC993975AF5F43B13274EF4FF2D557815FCF4E1D0AD77B10ECD4BD57BD03CA55B6EB9C53FA4F6EDB7DFF60FC5D2EBBA099CFE6E9CD22206C3ED3A1A6E6570C4AEA18CC6AEA171E3C60DB404F805EF22588DB9F5D65B7DD9D9D9FE5E60D1F0677B0D7F65C95B994A4D4D6DD2EBD9DFED3876ECD89AF4F4F46556491B6C5F76ABA90635F93C97DB79CE8C8658D11A1A09525A5A5AE7310DBB54A396F7399A4BA4EB74CF9E3DFE4632C50EDDA2D97A34E71A1A3C78709F76EDDABD3360C0804EFDFBF76F52AB83469458A5C6DF58B97FFF7EFF634AACDCB821AAFC6AD551FB2E6EF4F554719E32654A8A7D57CC1C3A7468A5552C9FE5BC71DEE2C4997668C5C9DF3923035EAFA9A9596EE727ABADC57CF502AB9E3769D224DFA851A3D448E3EF48918D1B37FA479BA99EE7D228443D4F8B29A9D1E59D77DEF1D7F7745F943CBB09334E4B8B500DB2DB41163B2AED1A5A69B123233076D863FFEEDEBFEAAAAB42FA86F4FA9E51A051918B452C092E2C2CFC8770B75E5D70C1051AD7D9270ACBB2A3FB45D7B3674F0D67586B17E6A20E1D3A642D5AB428AC19DE4D37DDE44F7CEDCBD41F98D4E2A69E18F5E8BA014D09A9921E37017DF7DD777D23468C68D2EBAB674709B07A79D5BBA39E1DF5306A22BE925BDD775F5BF4C5AB3948E79C738E3FF1D6DF5350DCBA75AB2F18DB3CC4904E9E6BE8A07DD1ACB79F9FF75E434E0FF00B0DCD016E8886C8281979E28927EAF416781B2B74FEBDC3A61B73C51557741A3F7E7CF9CC993349849BF9C5E639CF87EC3CAF73CF732CFE679500BBF30FD580969E9E4E121CDC6BE8805D436F7963859B48DD75D75DC9BFF8C52F9AD5EDAE8630F5E2A897462348C41D2DE2C6123598369556A2D7105B4BAA9EB24A70E9E2C58B5FE4BC71DEE289D505B51DC388C4C4C41176DED5D8FD863DF65C24EA87CDA546CDFEFDFBFB63B8EA1CEA051C3972A4AFB2B2D2DF086AFF077FCFAF7744A8EA851A72AF786FD78DBFAEA779EBAA83AAFEE776D2A0593AA88DCC62C760ABD71FB6D8B1C17E7E46D79095691F4F8E14D23771DE79E7797FECD3D60BB5554970595959922ACFE174E2C489B3EC22A8B22032358ACBB58B1D77D8FBBC431F784B10FEA66180E1A4D69A0D1B36F87AF4E8E16FBDF3CEC7D0102925C8752E84A4A65D0A0A764A60D553BC7CF972DF534F3DE5FFDD193366F82BB76ADD530BA086D5066ECFA3C0A7045C89AFDB13ECB64AAB97325CF43E545988F26BA8BBA70550D7D0760B7C4B77EFDE3D593DC0CD4980BD8D115AE559C3E4BC95230DB5530385165969418273C6B871E30E5922BCDC82F22A7BCFDBF9AE6A966EDEF39C9191E1FF6C6998715BE0EDF51555764EE7E0C183FE6BADAD50252ECAE384F4F05E43F67E0BED33DD75E8D0A129CD4DA444F159DBEC3CF6D863A7922957C78E1DFD71BDB9AB8EAAF173E2C489ED2D4E3C670955277BDD73F9E873DEE2941ABB53EDDCA746AA7ED81C1AEDA7CE1425B05F7EF9A5D605F18F22BBF8E28BFD1D2E9A2AA7EF2DD5295517D4F438C54DD50575A8F7571D26FA37B7F7D79D2E178DDA42FD302121E17B76FD0CB0BB039C5194A72A74A1CEC9025EBF475C27C12AFC70F7E469AEAA5D007ADF53DA4A21DBFBBD5089C7C0810343FEB734D45041C85D244349A78628EA71B5DA69FE86E6F029296E492FBE8653AB575973FFF4A5AAE0A6450ED4B3E326D21AFAAC5E47F71A51D2ACA0A9F7D2504F70E0B0CA5052AFB7E6A5B4B16BA8D7FEFDFBA768C1839624C02E6D7D14B8A0997A843532A0A5FAF4E9D3CD12B7B23D7BF60CA17ED33A656565FECA86465AB4058A05DE05F51467BCC3E244B1420D5EFABC6B1A86E2535BE124F553DAD86574B646745C7FFDF52D7E01F526A82750A346BC23469444A921AD25D40867EFA9E3AA55AB16F249E7BC21FCF5C39624845A28F3CD37DFF4D71B35ADEAFDF7DFAF373152FD4FC9AFEA796EE786DB13ACFAA637F1D5F780461446E348C0B6583FF47916390ED6B6480D09182DD8E68772B62A09EED0A143AD253409E1BC90AFBAEAAA039999995D2D703C12E6B26ACA07C26D7E4D0E08723BFAF6ED7B4138DEA43BFC5989A87A94940CAB22A784553DC3A2B91D9AABA1A325D41BAC80A7DE2A25B44A6C95D42A2156CFB3922CAD58E9FF84D8B5A1BFA7C71418F55C5594BD3DC11A2AEDAE22180E5A804B7FCF02DDC351780D35F445B9A37BF7EE2F676565DD7FF9E59727B67445F665CB96E9B5EA5490D413AC852B2EBDF4D216BDA695E33EFB92EB64AFBB949EE0269FE71A2BAB1AA741EF14CDDB8BC6CA504334FAC3BBD58A2A3C4A8CBDF479D79039557A7434654E62B4D010BE08C48926C70ABB866A13F481AE1B2B8AACF2D96DD3A64D49FDFAF56BD1E2975A205115606F9C102557EA0D6A49AC5063E9FAF5EB8F252727FF21867B145B13E38BAC7CCFB4F3D69EF316B3E75E272621E033BCDDEA87BDA2F13FA4FA9C1A31558754478546ECA9514471D11BF7DD98AFE7684D187714A0DB13EC7E0F68AA9C0ED54DA3752A5C94D70FEBAD37D8CF7ADC9F086B21BC5026C2DEDD447C27F7658FDF24D82A6C272CF149F6AE0E1A6AEDDBB73F6427BC62C58A1553C3595083060D6AE8023DA68BCFDE530737F9B59F4BECE7B7941458E56FADE67C8C1831A2365CEF55AD720A346EF051B21BD83BA396B9FA7A6D9A42BD543FFFF9CFFDC1D09B8C6918B492EFC0FD075D7A4F0AA8EECAB12E054EB5188633B0AB37F5C1071F8C966BA8BECAED77AE213DFEA73FFDE9C33973E62CBFF7DE7B9B3D245A9599CF3FFFBCCE5068D17026057D6DABD1DC21D14A809F78E2898EF69A69CC096EF43CABE0B55789567F54CC480C3CCFB7DF7EFB31EF9E9FB1402B442B26A82740230ED410D656126155E2C2FD5DD358ACF026BEBAAD2F56686EE982050BB2ADC2D2D16275FBE6FC6D356CDAEFFAE7FC055232A529308F3FFE78B32A5A8A2F8F3EFAE8718B13A3962C59B2340E3FFB4D8AF19CB7D83BF7010D55FECF6B6262E25A9F672EF8C891236BA3F5FFA5FA9A46136A2EA8E2B83A3C548FD3ADF7DA13EF82AAEEE37A9E3A41341F5D53F1D453ACEF8468158DF5434D017512DF7AEB0D56CE79F66FFE861475468532090ED876B5CD4FEE6E55126CC9D6DF2D48F60A67129C9797F737A7221949CAD814D434E6B8A313DFF49802DB8B1D3B767CCB025B49C44E6AC0FC5E2D88E13EA644A8BE3DDF9A43AB01EAF514E034275043A41B9A53EC1DFAAC61930A7E1A4EA3E7BBC3A175FD78F7388C638D5E4356217969CC9831C7E7CF9F9F69B7ED9ADA23AC445795206F6383B747580D111AA2A49E82A62E8E6549F3BED9B3672B011E4202DC2025BE1A21A266EF44E768F03C0F1912BB23CAD570A605FB348F4C314471034D4E98EA24BE8DC58A65CB96E5DE71C71D3FB1C7B5D87DC9BFE90000134849444154C2F79A93506938BE1ACABCF34ABDB142FF66AF7B6ACA4B6334DF71DAB4696A2C1E4322C5798B07DE9E39E7F37AC07E7ED592DF959650BED556770470D78068A8273890BBFE8BFB5C75BEA8AEA10E149CBEDE60D7CB09A773CD9D02DA60ECB0043AD74D82351A445B59854AC06E31B9719D0477EEDC393B3F3FBF57385BF52D815244CF8E70B99DE1F942CBB4E30DFBB0AF8EA655FED4E3A7A189EE7D97828F029956726EAC1758014B17BC16B3715784D36313264CF02F8EA0E1D00A6EF525C06AF9D36A81EE1C11F510BBC35F5419763F4CEE10693D3F1273CCA3A452D4AC6B68EEDCB9AFDAF9BBCD6E339BBA4AB4E6617A87B168C3F3B3CF3EDBBFA7B3B64B12DDAA22357CF8F0465F6FEBD6AD4596D0A49000372AD14980A336568493562057E3977A8435F7AA252351E2B4529DD0DC6BC83E97F95639BAD22AA8EF591CEE7ED34D377568ECEF6841187D3FA8E7C7A55E05C56577F11E5562B76CD9D2A491231A9A3775EAD423165BEE8FE36D76386FF1D768A5B8AF93F1AA4EA99D874D6D39E6AB6EA605D7B4006A4B69E4A1EAA2DA2A4F9D3124C2A7AF373809709362875D6FD9F6FCDB745FF3CBB5F64FA8E8F53DB2DB7A41B72A09B6A0FAD8AE5DBB7E5B5D5D9DA8DEC6707C16B76DDB76B1DD8E8E607053EB4B566262A23B94A524DA4EAA828D96B477874307AE16A79E9840E79EFBDDA93E1ADAA260F5FAEBAF9FDA5A418F69112C77512DEF90182DDAE4FEAC2F630D2B51A2ECCE0FD1300AF500E971D1AD12640DB9D2F335F4301E7A8782710D29111E3D7AF4EDF3E6CD7BF1DE7BEF6D7FBA445865BB76EDDA3A49B0560B7DE8A187FC0D1A870E1D3A55F1D1C2736AD838DD32FB1A029D9E9EDEC5FE1F24C06D3C56B4467D2B412BE6B871A7A1E7A822D59ACA14D750D3AD58B1A2C012AA9F646666BE6F09D5F7060F1E7CC6E92ABA4B962C39B5859A937CFBC68E1DEB5F6C490DA76E83993B724415D98686DE29F9B244AACC5E6F56BC25529CB7B8A53531B4EDD542FBDECD6DAB3DBE81542FD3A8331D6A28775779565DF381071EF8CE22AB4A74FD0986336250C3A7D581A291409A16A7A973AA53DE78E38D5C3141881D56CEAF5A1E364777D518A63A9DF6FA0E36D5E1D5E0E69119D749B025437FBBFFFEFB775AA15FD89A156B9BCA3E482B6B6A6AFE515F101128ABC9F6C5529092929219ED2D7AEA5DF15644DDA4572BFBD5B741B902D8E4C993EB7D2DF5DABA3DB7DEE7BB1A9AFF5B1F25E37A0F712CA8D7D082050B5E494D4DBDF1C9279F7CE38F7FFC6372439FC1A79F7EBACE10390D77568F9C2A41DAE47EE6CC99A7E6F41C3B76CCFF7CB5FAD6D7B0E5CE01B6BB43962F5FFE2A5F596D3B5620F6AF2127A1FAB7356BD66455565656DB774397FA3EDBFADCABE254545474EA318DE6717B6C54615DBD7AB57F6A850E35A469A1B3F1E3C77FE7B5D4E03665CA14CBB94A571516163ECA79E3BCC5816B2DF1CD8995C4D7CBBBB2B3EA70EEE83FD535D5A812381A50C3EE4549AF7B0D7A9FA32D9510BCD8B174E9D23D6969695996405FA7CFB8C58C904CAD52678ADBA0667222948B454F122C162C272E33975F7E7952887B834B9E7FFEF94BED22991D8982B2933DBDAD9FECFA1260B4ED6BE8A5975E7ACB82DFCDF3E7CF7FE59E7BEE49094C84737272FCADB26A7DF53662B853182EB9E412FFD0760D9173E793A947412DB7EAD9F7620E70FCC40AC4D635E42454D76CDCB831EBF0E1C309A3478FEEECFDBED6E75FBD3ADEFDE43594D63B7FD47EDF3F6DC51D72ABE7262727FBDE7EFB6DDFB5D75E7BEA79AA244D9A34E9EB929292759698FD2E169302CE1BEA395759F1F0FF0C4C78EB9B0EE74E7389C3E96D918C1D0BECB84E779404AB832A98738377EFDEED6F4C73592EF64C2C947B626B5F60E1C28519E5E5E5FFA7420FA5F4F474F5021FB1E0BC828F0BF0ADE5CB97AFADACACBC65EEDCB915EEC215A2A12B5A2DD43B4C4EB4EF9FD7DD77DF5D67C5680DA5D17C727798B4A8075809B0DDBD830418689395AC028B13FD366FDEFCF779F3E61D508F8128399A356B967F8D064F2BBF7FB48892252F0D7DF4DAB973A7EFD9679FF5AF2D201A513261C204CBCBF6ADB1EFEAE124529C370061A9076A645E96EE2B46587DD03FC52D18344264FEFCF93E37F6989C58C9C59282F122A5A5A537BDF2CA2B5F5E74D1451D7BF7EE1DF437999797F7DAC71F7FFC9B8484846B09CE40FD89706A6A6A7FAB14BD3E66CC187F8FB0869FDBE38DFEAE86479FEE796E0FB01260FD1D4A1B689B3232328A870F1FFED34F3EF964FD8C1933922CF1E9AAD5F99B1227446B4234F45C5590A64F9FBEDB12AB4F2C41A32791F30620BCB478CF8776F45003971AC9B436406BB64C5202AC845A3DC18E72CBC546C54A9C480CC68BA8A5F2F8F1E3A3ACC08FBA2B1106CBDEBD7BDFB3A0DFC70A7D9C05F12D5CE340FD3434BAB2B2B2BF7A843FFEF8E3A06C23A60478CE9C39C91A024D020CB47D5A68252929E9A75BB66CF978E6CC9987BCBD88AD317BF6ECDD3B77EEDC9692923288448AF30620BC948BD5D6D66A2E84FF73AC856DA74E9DEA4D609B45BFA7DFCFCBCB3BF598E562BF8FA55C2C31582FA47DE4CACBCBEF99346952F9B66DDB82F29AEA011E3F7EFC8FAAABABFFC70A7D099738D0E444B8B2B589B03B04DA3E7FC318020DC45442556109D57FE4E7E76F7AF8E1870FBA0BE3B5D482050BF2727373B7252727FF86C5E0386F0022C3EA6A1AA63CCA4D84D5233C71E2442D9EE59F22D7147A9E25D4FEDFF326D096604F8CB55C2C31982F6685FCBFA5A5A5A3A64D9B56B66AD5AA239EF1E3CD556295EF458F3EFAE85535353553ECA4B29F06D08C44D83E7B0395085B05A7451F42F5003BAB4033071888D184CA929F81BB76EDDA3879F2E492962654F3E6CDCB7FEFBDF78EEAB548A4386F0022CB12D84596B00E75B65BF24F79D0A256DA0DC4EA75BEECEC6C7F72EBCE19D6906725CBEFBFFFBE7FEEEF9831636A2D87F3CE01D67EC5BF8DC55C2C29D82FA856884183066DB28AF8C2356BD6FCD3DD77DFDDF98A2BAEE8D8C45FAF58BF7EFDAB8B172FEE555555D54B738019020D349F862EA7A5A50D4C4F4FCFBCEFBEFBDA5F79E595C94DFD5DEF22580C8106623BA1B29B548B150BC78F1F3FE091471EE9D69CF9637FF9CB5F3EFDE0830F12ADB2749DC58A724A94F30620F2DC5CCCF2A83F6BEB243719D63EBF017BFDD627C1733F4773806335170BC99E46F9F9F9257979798B7BF7EE5D6081B6E7EAD5ABCFF8EAABAF7659411E4B4A4A3AD6BE7DFB33B4ACFAB163C7F61D3870A070F3E6CD9B5E78E1851D16983BD8C949A8A9A979A6B8B878ACFDDEFE5829E861C3864D0DDC501C91B36BD72E9F5D730FC7F2FFD13E87DB2FB9E412FB786D4ED5B577F6D96737FA7977F701D61CE0152B56FC952B8538419C88ED38E1C48AD7CE3FFFFCDED9D9D9BDFBF5EBD7A153A74E4D4AA4366EDCD8CDBED7AFB60A5709570BE70DC47DE27E54C587123B5EB8ECB2CBBEB0CF7B377BE85C5FD34700E7D83125D672B14049A17C71AB4467DA4DE6902143CEF9ECB3CF6ECBCDCDD58EDB7DED502BA63610EB62875677A8B563831DBF8F85CD978168A1A1D1A9A9A90366CF9EFDCA7DF7DD77A26FDFBE0DD692B66EDD5A949E9EAECF24FB000371C63EF3A3060D1A54F1D0430F0D9B366D5A67AD3E7C9AEFF60F366CD870BEDDFD57BB7F80D2E3BC01884EDE5CACA6A6E6B6DADA5A3717EBE9E462CAC9140F72EDC8D673E325174B0AC71F59BA74E91EBB99EB1C00C29C08A7A5A5DD3E67CE9C9563C78E2DFBF18F7FDC39F039CE2AD029161C8738FBCD0188BFCAD23D96507D3169D2A4C7A64F9FDEB5BE84EAE5975FCE79EDB5D77E949898F8EB65CB9615506A9C3700D18F5CECBB12290220F6696E6F5555D5CDB366CD4AF8F0C30FCBBCFFE65D059A041888FB84EAE9A3478FDE3361C284A33B76ECA8F36FEBD6ADDB98919171B1C592EB2C91CAA5B4386F00624E52BCFC4749828138A11E61AB04DD3A77EEDC84CD9B377FE326C0EE1C60864003106D83515959397AEAD4A9155F7EF9A5FFB1356BD6643DF7DC7397DADD5F5B42B59D52E2BC01886A1AF23C20E0B1E77C2787409FCE9FED382F1E92E270FFC72EB6E31C3BDEF23C36D28E2C3BDCE0FC2B3B7AD9F114D72F10FC443835355589F0CAABAFBE7A4F4E4E4E6712600081B4CD465A5A5AC98C1933B4B0CAEE4F3FFDF4327BF8767BFC234A87F30620EADD6CC7C27A1ED71CE0AEBE935B1F55397997779BB49E4E127C9EE77596DA11733124143DC1FDECB8C68EC7EC18E3DC1FE4B43EF4740ADDEB5FEC2808F87D866402214C84EDE68E77DF7D570D52EC030CA05E9A1E51555575BB2552972424240CB5442A8B52E1BC01887A4A728F38F9D56D4EA27B8D9387E9563DC49739CFD556989A2691E51CC59EFB9A473C2E1613E05025C19B9C82FBCA53A87A6C97E7BECF696118EEDCDE69C704E7E4F89C42BFDA390004BF92B4362525E54CF6010640ACE0BC018829639DE4F601DFC9CEC7B50109EE222747736538C9B13751D631DF939B910407A975C24D74D5B2B0D20EF5446993B4C79CC7B4B1B37AA9FEDB7772083580205BB468117B4402205670DE00C4961427894D72126077946E89733BC957774A6C92AFFE9EE062275F8B49C19E13ACC455DDEB1A5B7E9127E1EDE924B92AF8D1766813EA7CDFC99EDE4CE7E4643BBF2F5B9C42DFEEAB3B4E1D00000000503FE5595A7329DD8E339CBCAAC4496C7D4E0E5615F03BC3EDE8E1E466EA41D6DEC1BD62B990829D04EFF1B418F4710A5BDDEDE7F94EF6E866794E80CF499255C85AC16C91EFDBF1E9BD9C4327623AD7320000000034EA0927BFBACDC9C3EEB6E30D4FE2FBA01DBFF63C7F81EF64A7E472DFC90E48F5006B7DA6985E332694C3A12FF47DBBE27343D4CBABC9DA5D7C27276FAB05A2DC932C5FC4750C000000004DA2C5AC26DBB1C2497C4B7D2777E671F3ABE280E7673A89F32C4F023CC7D7F8764A6D5AA8B648D2F0E712DF7757820E34D777725CBA7A89EB5B04AB8AEB18000000009AE43F7D273B1AB7F8BE1D817BCD697241E5622FFABE5D05BADC49A4339CC79EF1D5DDC98724F834340EFDF180C7DAD5F3BCAECE7B5097BC3BFEBC0FD72E0000000034DB6A2701F6E660599E9FFB79F2308DC84DF77DDB71798673ABCECCEB9DE716C46221053B095661AA4777AEAFF15E60F5166B0EB03BE75727E00FBE935B28B9DB2891100300000040D36C09F87972C0CF333C89EE8A807F4B0BF87953AC1652B0936015667D93A80BEA3901C5BEEF8E497F2AE0E7B95CC70000000010727133153591730D00000000200946700B3A31B1B6A6A686828802761E76F958740DD1E93871226AE284FF869200104A090909D5C4FDA88AFBD5940449308228252565FFE1C387298828F0CD37DF6893F05C4A02515819FAA8ACACEC38251179E5E5E5BEA4A4A46D940480504A4E4EDE45FD303AD87928B29B4F290992600451FBF6ED734A4B4B298828505C5C5CE6ABBB4A1E10156A6B6B371E3C78702725117916AF2B6B6A6AD650120042A9BABAFA358B3774054781AFBFFEFAEFD40F49821164151515338B8A8A4E582597C288AC8243870E5D6EB72B290A446112BCB2B8B8B8ABDD325C3FC2F6EEDD7BD892E017290900A174E2C489E70B0B0B2BA81F465CD5BE7DFBBA533F24094690FDEC673FDB6C01EE730B74144604E5E7E7AFB7F35078FDF5D76FA234106D6EB8E186DCEAEAEA4F0B0A0ABEA0342267CF9E3D255631CD234E000847DCAFA9A9F964EFDEBD347E46D0F6EDDBDFB5EFDF02E23E493042A0A2A2E24EABDC1E2D2B2BA33022A0A4A464D5A14387FADB97CD7D9406A295AECFDDBB77FFA0B4B4B488D208BF23478E54EFDCB9B3C62A43F7521A00C2E1F8F1E3A3A81F46CEE1C387B71716165E4AFD30BEB4A308C267C9922507860E1DBAF9E0C1833777E9D225A543870E144A1813E0BCBCBC7F4E4848F8AF1B6EB82187124134C789BBEEBA2B77FFFEFD375A9C284F4949E94CA984477979F9D1CF3FFFFC9BDADADA11C40900E18CFBC3860DFBC8EA87BF72EA877452852F01FEE2B3CF3E4BB1BBBF27EE93042384162F5EBCE3CE3BEFFC68DFBE7D032C213BD2B973E78E764BC1844E417E7E7E464141C1CF95005F77DD75AB2912B485386115A22F8A8B8BD32A2B2B73BA75EBF68F76FD52290A65A02828C8DDB2654B8A25C02389130022543FCCB5FAE1CD9AB665C9F099D40F43AAFCABAFBEFAEBF6EDDB2F52024CDC8F3F7CBA22E4CD37DFBC383131F1C9A4A4A42BCE3AEBAC3D3D7AF4F88105BC9EF61885D34ADA0758DB206915682D82A52F130D71F9E52F7F994FE9A00DC68939765C76E69967E67DFFFBDFEFDABD7BF74BAD62D485D269759CA82A2D2DDDF6F5D75FEFB7E347D5D5D53B881300A225EEB76BD7AE8FC5FBED56473CCBE2FF85F65812A5D33A561F2C2D2929C92F2A2A3A68F5C38B2CE6EF26EE93042342D6AD5BD7C72AB403EDEE3576F4B523855269352D2EA17D80B3EC58C92207204E80380180B84FDC27EE03000000000000000000000000000000000000000000000000000000000000000000000000000000000000000000000000000000000000000000000000000000000000000000000000000000000000000000000000000000000000000000000000000000000000000000000000000000000000000000000000000000000000000000000000000000000000000000000000000000000000000000000000000000000000000000000000000000000000000000000000000000000000000000000000000000000000000000000000000000000000000000000000000000000000000000000000000000000000000000000000000000000000000000000000000000000000000000000000000000000000000000089AFF07CBBD11AE4C3D54650000000049454E44AE426082'), NULL);
INSERT INTO "ACT_GE_BYTEARRAY" VALUES ('5', '1', '.bpmn20.xml', '4', HEXTORAW('3C3F786D6C2076657273696F6E3D22312E302220656E636F64696E673D225554462D38223F3E0A3C646566696E6974696F6E7320786D6C6E733D22687474703A2F2F7777772E6F6D672E6F72672F737065632F42504D4E2F32303130303532342F4D4F44454C2220786D6C6E733A7873693D22687474703A2F2F7777772E77332E6F72672F323030312F584D4C536368656D612D696E7374616E63652220786D6C6E733A7873643D22687474703A2F2F7777772E77332E6F72672F323030312F584D4C536368656D612220786D6C6E733A61637469766974693D22687474703A2F2F61637469766974692E6F72672F62706D6E2220786D6C6E733A62706D6E64693D22687474703A2F2F7777772E6F6D672E6F72672F737065632F42504D4E2F32303130303532342F44492220786D6C6E733A6F6D6764633D22687474703A2F2F7777772E6F6D672E6F72672F737065632F44442F32303130303532342F44432220786D6C6E733A6F6D6764693D22687474703A2F2F7777772E6F6D672E6F72672F737065632F44442F32303130303532342F44492220747970654C616E67756167653D22687474703A2F2F7777772E77332E6F72672F323030312F584D4C536368656D61222065787072657373696F6E4C616E67756167653D22687474703A2F2F7777772E77332E6F72672F313939392F585061746822207461726765744E616D6573706163653D22687474703A2F2F7777772E61637469766974692E6F72672F70726F63657373646566223E0A20203C70726F636573732069643D226C6561766522206E616D653D22E8AFB7E58187E794B3E8AFB7E6B581E7A88B2220697345786563757461626C653D2274727565223E0A202020203C73746172744576656E742069643D22737461727422206E616D653D22E5BC80E5A78B222061637469766974693A696E69746961746F723D226170706C79222061637469766974693A666F726D4B65793D222F6F612F6C656176652F666F726D223E3C2F73746172744576656E743E0A202020203C757365725461736B2069643D2264657074417564697422206E616D653D22E983A8E997A8E7BB8FE79086222061637469766974693A61737369676E65653D2273797374656D222061637469766974693A63616E64696461746555736572733D2261646D696E222061637469766974693A63616E64696461746547726F7570733D226465707441646D696E223E3C2F757365725461736B3E0A202020203C73657175656E6365466C6F772069643D227369642D31383343354245302D323343332D343931312D383046392D3932463439394636414542322220736F757263655265663D22737461727422207461726765745265663D22646570744175646974223E3C2F73657175656E6365466C6F773E0A202020203C6578636C7573697665476174657761792069643D227369642D31393630363034342D303641332D343336442D383032382D424233364338413635383844223E3C2F6578636C7573697665476174657761793E0A202020203C73657175656E6365466C6F772069643D227369642D41364638444246422D394446392D343241352D394438322D4337333837303942423636462220736F757263655265663D2264657074417564697422207461726765745265663D227369642D31393630363034342D303641332D343336442D383032382D424233364338413635383844223E3C2F73657175656E6365466C6F773E0A202020203C757365725461736B2069643D224852417564697422206E616D653D224852222061637469766974693A63616E64696461746547726F7570733D226872223E3C2F757365725461736B3E0A202020203C6578636C7573697665476174657761792069643D227369642D44383942373034352D373233312D343243462D393044302D423435423831384443444135223E3C2F6578636C7573697665476174657761793E0A202020203C73657175656E6365466C6F772069643D227369642D37363645374534322D364645312D344138312D383433452D4246413232463942444236462220736F757263655265663D224852417564697422207461726765745265663D227369642D44383942373034352D373233312D343243462D393044302D423435423831384443444135223E3C2F73657175656E6365466C6F773E0A202020203C6578636C7573697665476174657761792069643D227369642D34313638304233432D303836442D344636442D393242302D424430344539413945324238223E3C2F6578636C7573697665476174657761793E0A202020203C757365725461736B2069643D227869616F6A696122206E616D653D22E99480E58187222061637469766974693A61737369676E65653D22247B6170706C797D223E3C2F757365725461736B3E0A202020203C656E644576656E742069643D22656E6422206E616D653D22E7BB93E69D9F223E3C2F656E644576656E743E0A202020203C73657175656E6365466C6F772069643D227369642D46443038414433382D373238432D343046362D414533302D3639304430304232453742322220736F757263655265663D227869616F6A696122207461726765745265663D22656E64223E3C2F73657175656E6365466C6F773E0A202020203C757365725461736B2069643D226D6F646966794170706C7922206E616D653D22E8B083E695B4E794B3E8AFB7222061637469766974693A61737369676E65653D22247B6170706C797D223E3C2F757365725461736B3E0A202020203C6578636C7573697665476174657761792069643D227369642D33354239393743352D443834442D343044422D423632432D324141464546373430393833223E3C2F6578636C7573697665476174657761793E0A202020203C73657175656E6365466C6F772069643D227369642D43434241433432322D443034432D344235352D414534322D3838343334454346373441372220736F757263655265663D226D6F646966794170706C7922207461726765745265663D227369642D33354239393743352D443834442D343044422D423632432D324141464546373430393833223E3C2F73657175656E6365466C6F773E0A202020203C757365725461736B2069643D2263656F417564697422206E616D653D22E680BBE7BB8FE79086222061637469766974693A63616E64696461746547726F7570733D2263656F223E3C2F757365725461736B3E0A202020203C6578636C7573697665476174657761792069643D227369642D37353333334141462D383537342D343336322D413138432D434430314534313834423932223E3C2F6578636C7573697665476174657761793E0A202020203C73657175656E6365466C6F772069643D227369642D38424538303041412D313341322D343544422D384138392D4136313537393643363944382220736F757263655265663D2263656F417564697422207461726765745265663D227369642D37353333334141462D383537342D343336322D413138432D434430314534313834423932223E3C2F73657175656E6365466C6F773E0A202020203C73657175656E6365466C6F772069643D227369642D46304432393030462D373343422D343041392D414442312D32363244464332423239444622206E616D653D22E5B08FE4BA8E33E5A4A92220736F757263655265663D227369642D34313638304233432D303836442D344636442D393242302D42443034453941394532423822207461726765745265663D227869616F6A6961223E0A2020202020203C636F6E646974696F6E45787072657373696F6E207873693A747970653D2274466F726D616C45787072657373696F6E223E3C215B43444154415B247B6461793C337D5D5D3E3C2F636F6E646974696F6E45787072657373696F6E3E0A202020203C2F73657175656E6365466C6F773E0A202020203C73657175656E6365466C6F772069643D227369642D39364238313541432D423831442D344441432D383838332D41423833464242463430464422206E616D653D22E5A4A7E4BA8EE7AD89E4BA8E33E5A4A92220736F757263655265663D227369642D34313638304233432D303836442D344636442D393242302D42443034453941394532423822207461726765745265663D2263656F4175646974223E0A2020202020203C636F6E646974696F6E45787072657373696F6E207873693A747970653D2274466F726D616C45787072657373696F6E223E3C215B43444154415B247B6461793E3D337D5D5D3E3C2F636F6E646974696F6E45787072657373696F6E3E0A202020203C2F73657175656E6365466C6F773E0A202020203C73657175656E6365466C6F772069643D227369642D41464641393930422D413233362D344543452D383546462D33323930313336304244444522206E616D653D22E5908CE6848F2220736F757263655265663D227369642D31393630363034342D303641332D343336442D383032382D42423336433841363538384422207461726765745265663D2248524175646974223E0A2020202020203C636F6E646974696F6E45787072657373696F6E207873693A747970653D2274466F726D616C45787072657373696F6E223E3C215B43444154415B247B666C61673D3D2731277D5D5D3E3C2F636F6E646974696F6E45787072657373696F6E3E0A202020203C2F73657175656E6365466C6F773E0A202020203C73657175656E6365466C6F772069643D227369642D33423941463037372D394639442D343734302D413438332D33424544444637344235424622206E616D653D22E5908CE6848F2220736F757263655265663D227369642D44383942373034352D373233312D343243462D393044302D42343542383138444344413522207461726765745265663D227369642D34313638304233432D303836442D344636442D393242302D424430344539413945324238223E0A2020202020203C636F6E646974696F6E45787072657373696F6E207873693A747970653D2274466F726D616C45787072657373696F6E223E3C215B43444154415B247B666C61673D3D2731277D5D5D3E3C2F636F6E646974696F6E45787072657373696F6E3E0A202020203C2F73657175656E6365466C6F773E0A202020203C73657175656E6365466C6F772069643D227369642D38383131353635312D384332452D343530382D383332312D39423238394343423045464222206E616D653D22E5908CE6848F2220736F757263655265663D227369642D37353333334141462D383537342D343336322D413138432D43443031453431383442393222207461726765745265663D227869616F6A6961223E0A2020202020203C636F6E646974696F6E45787072657373696F6E207873693A747970653D2274466F726D616C45787072657373696F6E223E3C215B43444154415B247B666C61673D3D2731277D5D5D3E3C2F636F6E646974696F6E45787072657373696F6E3E0A202020203C2F73657175656E6365466C6F773E0A202020203C73657175656E6365466C6F772069643D227369642D45454339324642452D344435332D343130382D393932332D33353145334533354146344222206E616D653D22E9878DE696B0E794B3E8AFB72220736F757263655265663D227369642D33354239393743352D443834442D343044422D423632432D32414146454637343039383322207461726765745265663D22646570744175646974223E0A2020202020203C636F6E646974696F6E45787072657373696F6E207873693A747970653D2274466F726D616C45787072657373696F6E223E3C215B43444154415B247B666C61673D3D2731277D5D5D3E3C2F636F6E646974696F6E45787072657373696F6E3E0A202020203C2F73657175656E6365466C6F773E0A202020203C73657175656E6365466C6F772069643D227369642D43393533453846382D363431442D343038372D414244372D43374146394445413843303522206E616D653D22E4B88DE5908CE6848F2220736F757263655265663D227369642D31393630363034342D303641332D343336442D383032382D42423336433841363538384422207461726765745265663D226D6F646966794170706C79223E0A2020202020203C636F6E646974696F6E45787072657373696F6E207873693A747970653D2274466F726D616C45787072657373696F6E223E3C215B43444154415B247B666C61673D3D2730277D5D5D3E3C2F636F6E646974696F6E45787072657373696F6E3E0A202020203C2F73657175656E6365466C6F773E0A202020203C73657175656E6365466C6F772069643D227369642D46333245453541302D323733332D343332462D423142412D43304434424439343735303722206E616D653D22E4B88DE5908CE6848F2220736F757263655265663D227369642D44383942373034352D373233312D343243462D393044302D42343542383138444344413522207461726765745265663D226D6F646966794170706C79223E0A2020202020203C636F6E646974696F6E45787072657373696F6E207873693A747970653D2274466F726D616C45787072657373696F6E223E3C215B43444154415B247B666C61673D3D2730277D5D5D3E3C2F636F6E646974696F6E45787072657373696F6E3E0A202020203C2F73657175656E6365466C6F773E0A202020203C73657175656E6365466C6F772069643D227369642D44323333363832372D394231342D343837342D384333442D31454430443431363539314522206E616D653D22E4B88DE5908CE6848F2220736F757263655265663D227369642D37353333334141462D383537342D343336322D413138432D43443031453431383442393222207461726765745265663D226D6F646966794170706C79223E0A2020202020203C636F6E646974696F6E45787072657373696F6E207873693A747970653D2274466F726D616C45787072657373696F6E223E3C215B43444154415B247B666C61673D3D2730277D5D5D3E3C2F636F6E646974696F6E45787072657373696F6E3E0A202020203C2F73657175656E6365466C6F773E0A202020203C73657175656E6365466C6F772069643D227369642D33363639373232432D303531392D343030332D383835352D43464642323045423142413622206E616D653D22E58F96E6B688E794B3E8AFB72220736F757263655265663D227369642D33354239393743352D443834442D343044422D423632432D32414146454637343039383322207461726765745265663D22656E64223E0A2020202020203C636F6E646974696F6E45787072657373696F6E207873693A747970653D2274466F726D616C45787072657373696F6E223E3C215B43444154415B247B666C61673D3D2730277D5D5D3E3C2F636F6E646974696F6E45787072657373696F6E3E0A202020203C2F73657175656E6365466C6F773E0A20203C2F70726F636573733E0A20203C62706D6E64693A42504D4E4469616772616D2069643D2242504D4E4469616772616D5F6C65617665223E0A202020203C62706D6E64693A42504D4E506C616E652062706D6E456C656D656E743D226C65617665222069643D2242504D4E506C616E655F6C65617665223E0A2020202020203C62706D6E64693A42504D4E53686170652062706D6E456C656D656E743D227374617274222069643D2242504D4E53686170655F7374617274223E0A20202020202020203C6F6D6764633A426F756E6473206865696768743D2233302E30222077696474683D2233302E302220783D2231352E302220793D223239352E30223E3C2F6F6D6764633A426F756E64733E0A2020202020203C2F62706D6E64693A42504D4E53686170653E0A2020202020203C62706D6E64693A42504D4E53686170652062706D6E456C656D656E743D22646570744175646974222069643D2242504D4E53686170655F646570744175646974223E0A20202020202020203C6F6D6764633A426F756E6473206865696768743D2238302E30222077696474683D223130302E302220783D2239302E302220793D223237302E30223E3C2F6F6D6764633A426F756E64733E0A2020202020203C2F62706D6E64693A42504D4E53686170653E0A2020202020203C62706D6E64693A42504D4E53686170652062706D6E456C656D656E743D227369642D31393630363034342D303641332D343336442D383032382D424233364338413635383844222069643D2242504D4E53686170655F7369642D31393630363034342D303641332D343336442D383032382D424233364338413635383844223E0A20202020202020203C6F6D6764633A426F756E6473206865696768743D2234302E30222077696474683D2234302E302220783D223233352E302220793D223239302E30223E3C2F6F6D6764633A426F756E64733E0A2020202020203C2F62706D6E64693A42504D4E53686170653E0A2020202020203C62706D6E64693A42504D4E53686170652062706D6E456C656D656E743D2248524175646974222069643D2242504D4E53686170655F48524175646974223E0A20202020202020203C6F6D6764633A426F756E6473206865696768743D2238302E30222077696474683D223130302E302220783D223335362E362220793D223237302E30223E3C2F6F6D6764633A426F756E64733E0A2020202020203C2F62706D6E64693A42504D4E53686170653E0A2020202020203C62706D6E64693A42504D4E53686170652062706D6E456C656D656E743D227369642D44383942373034352D373233312D343243462D393044302D423435423831384443444135222069643D2242504D4E53686170655F7369642D44383942373034352D373233312D343243462D393044302D423435423831384443444135223E0A20202020202020203C6F6D6764633A426F756E6473206865696768743D2234302E30222077696474683D2234302E302220783D223530312E362220793D223239302E30223E3C2F6F6D6764633A426F756E64733E0A2020202020203C2F62706D6E64693A42504D4E53686170653E0A2020202020203C62706D6E64693A42504D4E53686170652062706D6E456C656D656E743D227369642D34313638304233432D303836442D344636442D393242302D424430344539413945324238222069643D2242504D4E53686170655F7369642D34313638304233432D303836442D344636442D393242302D424430344539413945324238223E0A20202020202020203C6F6D6764633A426F756E6473206865696768743D2234302E30222077696474683D2234302E302220783D223631312E362220793D223239302E30223E3C2F6F6D6764633A426F756E64733E0A2020202020203C2F62706D6E64693A42504D4E53686170653E0A2020202020203C62706D6E64693A42504D4E53686170652062706D6E456C656D656E743D227869616F6A6961222069643D2242504D4E53686170655F7869616F6A6961223E0A20202020202020203C6F6D6764633A426F756E6473206865696768743D2238302E30222077696474683D223130302E302220783D223733382E322220793D223237302E30223E3C2F6F6D6764633A426F756E64733E0A2020202020203C2F62706D6E64693A42504D4E53686170653E0A2020202020203C62706D6E64693A42504D4E53686170652062706D6E456C656D656E743D22656E64222069643D2242504D4E53686170655F656E64223E0A20202020202020203C6F6D6764633A426F756E6473206865696768743D2232382E30222077696474683D2232382E302220783D223838332E322220793D223239362E30223E3C2F6F6D6764633A426F756E64733E0A2020202020203C2F62706D6E64693A42504D4E53686170653E0A2020202020203C62706D6E64693A42504D4E53686170652062706D6E456C656D656E743D226D6F646966794170706C79222069643D2242504D4E53686170655F6D6F646966794170706C79223E0A20202020202020203C6F6D6764633A426F756E6473206865696768743D2238302E30222077696474683D223130302E302220783D223230352E302220793D223132302E30223E3C2F6F6D6764633A426F756E64733E0A2020202020203C2F62706D6E64693A42504D4E53686170653E0A2020202020203C62706D6E64693A42504D4E53686170652062706D6E456C656D656E743D227369642D33354239393743352D443834442D343044422D423632432D324141464546373430393833222069643D2242504D4E53686170655F7369642D33354239393743352D443834442D343044422D423632432D324141464546373430393833223E0A20202020202020203C6F6D6764633A426F756E6473206865696768743D2234302E30222077696474683D2234302E302220783D223132302E302220793D223134302E30223E3C2F6F6D6764633A426F756E64733E0A2020202020203C2F62706D6E64693A42504D4E53686170653E0A2020202020203C62706D6E64693A42504D4E53686170652062706D6E456C656D656E743D2263656F4175646974222069643D2242504D4E53686170655F63656F4175646974223E0A20202020202020203C6F6D6764633A426F756E6473206865696768743D2238302E30222077696474683D223130302E302220783D223538312E362220793D223132302E30223E3C2F6F6D6764633A426F756E64733E0A2020202020203C2F62706D6E64693A42504D4E53686170653E0A2020202020203C62706D6E64693A42504D4E53686170652062706D6E456C656D656E743D227369642D37353333334141462D383537342D343336322D413138432D434430314534313834423932222069643D2242504D4E53686170655F7369642D37353333334141462D383537342D343336322D413138432D434430314534313834423932223E0A20202020202020203C6F6D6764633A426F756E6473206865696768743D2234302E30222077696474683D2234302E302220783D223631312E362220793D2234352E30223E3C2F6F6D6764633A426F756E64733E0A2020202020203C2F62706D6E64693A42504D4E53686170653E0A2020202020203C62706D6E64693A42504D4E456467652062706D6E456C656D656E743D227369642D38383131353635312D384332452D343530382D383332312D394232383943434230454642222069643D2242504D4E456467655F7369642D38383131353635312D384332452D343530382D383332312D394232383943434230454642223E0A20202020202020203C6F6D6764693A776179706F696E7420783D223635312E312220793D2236352E35223E3C2F6F6D6764693A776179706F696E743E0A20202020202020203C6F6D6764693A776179706F696E7420783D223738382E322220793D2236352E35223E3C2F6F6D6764693A776179706F696E743E0A20202020202020203C6F6D6764693A776179706F696E7420783D223738382E322220793D223237302E30223E3C2F6F6D6764693A776179706F696E743E0A2020202020203C2F62706D6E64693A42504D4E456467653E0A2020202020203C62706D6E64693A42504D4E456467652062706D6E456C656D656E743D227369642D31383343354245302D323343332D343931312D383046392D393246343939463641454232222069643D2242504D4E456467655F7369642D31383343354245302D323343332D343931312D383046392D393246343939463641454232223E0A20202020202020203C6F6D6764693A776179706F696E7420783D2234352E302220793D223331302E30223E3C2F6F6D6764693A776179706F696E743E0A20202020202020203C6F6D6764693A776179706F696E7420783D2239302E302220793D223331302E30223E3C2F6F6D6764693A776179706F696E743E0A2020202020203C2F62706D6E64693A42504D4E456467653E0A2020202020203C62706D6E64693A42504D4E456467652062706D6E456C656D656E743D227369642D43393533453846382D363431442D343038372D414244372D433741463944454138433035222069643D2242504D4E456467655F7369642D43393533453846382D363431442D343038372D414244372D433741463944454138433035223E0A20202020202020203C6F6D6764693A776179706F696E7420783D223235352E34333333333333333333333333342220793D223239302E3433333333333333333333333334223E3C2F6F6D6764693A776179706F696E743E0A20202020202020203C6F6D6764693A776179706F696E7420783D223235352E313332383930333635343438352220793D223230302E30223E3C2F6F6D6764693A776179706F696E743E0A2020202020203C2F62706D6E64693A42504D4E456467653E0A2020202020203C62706D6E64693A42504D4E456467652062706D6E456C656D656E743D227369642D46443038414433382D373238432D343046362D414533302D363930443030423245374232222069643D2242504D4E456467655F7369642D46443038414433382D373238432D343046362D414533302D363930443030423245374232223E0A20202020202020203C6F6D6764693A776179706F696E7420783D223833382E322220793D223331302E30223E3C2F6F6D6764693A776179706F696E743E0A20202020202020203C6F6D6764693A776179706F696E7420783D223838332E322220793D223331302E30223E3C2F6F6D6764693A776179706F696E743E0A2020202020203C2F62706D6E64693A42504D4E456467653E0A2020202020203C62706D6E64693A42504D4E456467652062706D6E456C656D656E743D227369642D46304432393030462D373343422D343041392D414442312D323632444643324232394446222069643D2242504D4E456467655F7369642D46304432393030462D373343422D343041392D414442312D323632444643324232394446223E0A20202020202020203C6F6D6764693A776179706F696E7420783D223635312E313631303533393834353735392220793D223331302E3433383934363031353432343136223E3C2F6F6D6764693A776179706F696E743E0A20202020202020203C6F6D6764693A776179706F696E7420783D223733382E322220793D223331302E31363031353337343735393737223E3C2F6F6D6764693A776179706F696E743E0A2020202020203C2F62706D6E64693A42504D4E456467653E0A2020202020203C62706D6E64693A42504D4E456467652062706D6E456C656D656E743D227369642D39364238313541432D423831442D344441432D383838332D414238334642424634304644222069643D2242504D4E456467655F7369642D39364238313541432D423831442D344441432D383838332D414238334642424634304644223E0A20202020202020203C6F6D6764693A776179706F696E7420783D223633322E303333333333333333333333332220793D223239302E3433333333333333333333333334223E3C2F6F6D6764693A776179706F696E743E0A20202020202020203C6F6D6764693A776179706F696E7420783D223633312E373332383930333635343438352220793D223230302E30223E3C2F6F6D6764693A776179706F696E743E0A2020202020203C2F62706D6E64693A42504D4E456467653E0A2020202020203C62706D6E64693A42504D4E456467652062706D6E456C656D656E743D227369642D46333245453541302D323733332D343332462D423142412D433044344244393437353037222069643D2242504D4E456467655F7369642D46333245453541302D323733332D343332462D423142412D433044344244393437353037223E0A20202020202020203C6F6D6764693A776179706F696E7420783D223532322E312220793D223239302E35223E3C2F6F6D6764693A776179706F696E743E0A20202020202020203C6F6D6764693A776179706F696E7420783D223532322E312220793D223136302E30223E3C2F6F6D6764693A776179706F696E743E0A20202020202020203C6F6D6764693A776179706F696E7420783D223330352E302220793D223136302E30223E3C2F6F6D6764693A776179706F696E743E0A2020202020203C2F62706D6E64693A42504D4E456467653E0A2020202020203C62706D6E64693A42504D4E456467652062706D6E456C656D656E743D227369642D43434241433432322D443034432D344235352D414534322D383834333445434637344137222069643D2242504D4E456467655F7369642D43434241433432322D443034432D344235352D414534322D383834333445434637344137223E0A20202020202020203C6F6D6764693A776179706F696E7420783D223230352E302220793D223136302E32313833343036313133353337223E3C2F6F6D6764693A776179706F696E743E0A20202020202020203C6F6D6764693A776179706F696E7420783D223135392E35383333333333333333333333342220793D223136302E3431363636363636363636363636223E3C2F6F6D6764693A776179706F696E743E0A2020202020203C2F62706D6E64693A42504D4E456467653E0A2020202020203C62706D6E64693A42504D4E456467652062706D6E456C656D656E743D227369642D41464641393930422D413233362D344543452D383546462D333239303133363042444445222069643D2242504D4E456467655F7369642D41464641393930422D413233362D344543452D383546462D333239303133363042444445223E0A20202020202020203C6F6D6764693A776179706F696E7420783D223237342E353633303831303039323936312220793D223331302E34333639313839393037303339223E3C2F6F6D6764693A776179706F696E743E0A20202020202020203C6F6D6764693A776179706F696E7420783D223335362E362220793D223331302E31363534353333343231353735223E3C2F6F6D6764693A776179706F696E743E0A2020202020203C2F62706D6E64693A42504D4E456467653E0A2020202020203C62706D6E64693A42504D4E456467652062706D6E456C656D656E743D227369642D45454339324642452D344435332D343130382D393932332D333531453345333541463442222069643D2242504D4E456467655F7369642D45454339324642452D344435332D343130382D393932332D333531453345333541463442223E0A20202020202020203C6F6D6764693A776179706F696E7420783D223134302E34333632343136313037333832352220793D223137392E3536333735383338393236313735223E3C2F6F6D6764693A776179706F696E743E0A20202020202020203C6F6D6764693A776179706F696E7420783D223134302E31333337373932363432313430342220793D223237302E30223E3C2F6F6D6764693A776179706F696E743E0A2020202020203C2F62706D6E64693A42504D4E456467653E0A2020202020203C62706D6E64693A42504D4E456467652062706D6E456C656D656E743D227369642D37363645374534322D364645312D344138312D383433452D424641323246394244423646222069643D2242504D4E456467655F7369642D37363645374534322D364645312D344138312D383433452D424641323246394244423646223E0A20202020202020203C6F6D6764693A776179706F696E7420783D223435362E362220793D223331302E32313634353032313634353032223E3C2F6F6D6764693A776179706F696E743E0A20202020202020203C6F6D6764693A776179706F696E7420783D223530322E303133303433343738323630392220793D223331302E34313330343334373832363039223E3C2F6F6D6764693A776179706F696E743E0A2020202020203C2F62706D6E64693A42504D4E456467653E0A2020202020203C62706D6E64693A42504D4E456467652062706D6E456C656D656E743D227369642D33423941463037372D394639442D343734302D413438332D334245444446373442354246222069643D2242504D4E456467655F7369642D33423941463037372D394639442D343734302D413438332D334245444446373442354246223E0A20202020202020203C6F6D6764693A776179706F696E7420783D223534312E312220793D223331302E35223E3C2F6F6D6764693A776179706F696E743E0A20202020202020203C6F6D6764693A776179706F696E7420783D223631322E312220793D223331302E35223E3C2F6F6D6764693A776179706F696E743E0A2020202020203C2F62706D6E64693A42504D4E456467653E0A2020202020203C62706D6E64693A42504D4E456467652062706D6E456C656D656E743D227369642D33363639373232432D303531392D343030332D383835352D434646423230454231424136222069643D2242504D4E456467655F7369642D33363639373232432D303531392D343030332D383835352D434646423230454231424136223E0A20202020202020203C6F6D6764693A776179706F696E7420783D223134302E352220793D223134302E35223E3C2F6F6D6764693A776179706F696E743E0A20202020202020203C6F6D6764693A776179706F696E7420783D223134302E352220793D2232322E30223E3C2F6F6D6764693A776179706F696E743E0A20202020202020203C6F6D6764693A776179706F696E7420783D223839372E322220793D2232322E30223E3C2F6F6D6764693A776179706F696E743E0A20202020202020203C6F6D6764693A776179706F696E7420783D223839372E322220793D223239362E30223E3C2F6F6D6764693A776179706F696E743E0A2020202020203C2F62706D6E64693A42504D4E456467653E0A2020202020203C62706D6E64693A42504D4E456467652062706D6E456C656D656E743D227369642D41364638444246422D394446392D343241352D394438322D433733383730394242363646222069643D2242504D4E456467655F7369642D41364638444246422D394446392D343241352D394438322D433733383730394242363646223E0A20202020202020203C6F6D6764693A776179706F696E7420783D223139302E302220793D223331302E32313634353032313634353032223E3C2F6F6D6764693A776179706F696E743E0A20202020202020203C6F6D6764693A776179706F696E7420783D223233352E34313330343334373832363038372220793D223331302E34313330343334373832363039223E3C2F6F6D6764693A776179706F696E743E0A2020202020203C2F62706D6E64693A42504D4E456467653E0A2020202020203C62706D6E64693A42504D4E456467652062706D6E456C656D656E743D227369642D38424538303041412D313341322D343544422D384138392D413631353739364336394438222069643D2242504D4E456467655F7369642D38424538303041412D313341322D343544422D384138392D413631353739364336394438223E0A20202020202020203C6F6D6764693A776179706F696E7420783D223633312E383131363430323131363430322220793D223132302E30223E3C2F6F6D6764693A776179706F696E743E0A20202020202020203C6F6D6764693A776179706F696E7420783D223633312E393938393336313730323132382220793D2238342E3630313036333832393738373234223E3C2F6F6D6764693A776179706F696E743E0A2020202020203C2F62706D6E64693A42504D4E456467653E0A2020202020203C62706D6E64693A42504D4E456467652062706D6E456C656D656E743D227369642D44323333363832372D394231342D343837342D384333442D314544304434313635393145222069643D2242504D4E456467655F7369642D44323333363832372D394231342D343837342D384333442D314544304434313635393145223E0A20202020202020203C6F6D6764693A776179706F696E7420783D223631322E312220793D2236352E35223E3C2F6F6D6764693A776179706F696E743E0A20202020202020203C6F6D6764693A776179706F696E7420783D223235352E302220793D2236352E35223E3C2F6F6D6764693A776179706F696E743E0A20202020202020203C6F6D6764693A776179706F696E7420783D223235352E302220793D223132302E30223E3C2F6F6D6764693A776179706F696E743E0A2020202020203C2F62706D6E64693A42504D4E456467653E0A202020203C2F62706D6E64693A42504D4E506C616E653E0A20203C2F62706D6E64693A42504D4E4469616772616D3E0A3C2F646566696E6974696F6E733E'), '0');
INSERT INTO "ACT_GE_BYTEARRAY" VALUES ('6', '1', '.leave.png', '4', HEXTORAW('89504E470D0A1A0A0000000D4948445200000399000001680806000000DD073FB300003C254944415478DAEDDD0F905C7599EFFF311B9D4932314BDC1445B12EAE3F8AA5288AB2341452FE28A28B3AAB291D11189340C2458BB05C6559762D96EBA622B2D4A27B17AC95BD57F6820A8A5C7F8888118824E15F16C38A6E612E02C2156431FC491603660D20EC9EDFF7E93ADFD9939EEE99EEF997EE99D7BBEAA9EE3EE7744F4F3F4F7FFAF99CEFF79CD3D30300000000000000000000000000000000000000000000000000000000000000000000000000000000000000000000000000000000000000000000000000000000000000000000000000000000000000000000000000000000000000000000000000000000000000000000000000000000000000000000D3C2473EF29142082184104208D1DDC1D9A0A34CA64F010080912C58B0E0C0F9F3E77F3B22DD3F21C5AA743F7E375FD768FBFEFEFE25F3E6CD7B47DCEFEDED3D346ED3F6CBD3F3DE93EECE299FDB9058D7D7D7777C93756F5BB870E11BEAB74FB15E9600E8E9A1200100E82EA3F9483273B76463172632DD5E15A6B3349F97D69BBF64300F4BDBBDB134829B52BC2FC51369DBD3F6DD74FE3FA5F84EF95AF1DAFFBDBCFF4498D3BCE1A2458B0E88F5C9C41E11EF256F9FE2F2CA730F962D404F0F284800003A9C64E006533C9DCD5C5AD457DE8649DC91CCDD1DE57607A59BFE7C3F462FC354C668638A27D376D7D68D54F697A3976FAE18D863F2FDF4DC35D5F791B63B2E6E172E5C7878C5647E203DE7E1FA6D01E8E9010509004087523F921906326EF3E86298D072D33979A4333D67A01C71BCB462566334F3F17A9399B6B9AEC14866914D654CBB8D656126E37E9EBADB6024F31DB205E8E9010509004087D36024F375A5B19C5B7F1C6518C3D2840E26D33714239D292E2C9FBB2B4633EB4D66B391CC787EB9DDDCBC2CA6E1C6F6E9FE37B3390D139C9F07404F0F284800003A9CFA91CCF4F8F3793433C5450D4C6918C7435A3599CD4632D3FDF3EA5F374C663922FA7CFCEDBC6D2C9729404FEF5380820400A0C38993E99466F25B3DE5B19871429F388B6C9EAE5AD9FC7569F93B2B536AC3607EA76212474C978DEDAB26B2329279749CD9B681793D2E6DB322DD7FB6625E994C007A7A28480000BA81C58B17BFBE6AE02AA389457979933094CFC7AA729339956D4698CCCA14D811548FC36CB63EC55929BE1CD1EAF300E8E9010509004087521ABD6FD72FAB9C74677EC5803E9B4FFC13C76D96CBCF1FEDB56364B2F9EADA254C9694C7607E3516C6196CCBF7F436D901F4F43E052848000000007A7A2848000000007A7A4041020000007A7A404102000000D0D3434102000000D0D3434102000000D0D3030A12000000D0D3030A12000000809E1E0A12000000809E1E5090000000809E1E509000000000F4F4509000000000F4F450900000A0B3F86D1F01003D3D14240000980C065214E52D00E8E9A1200100C0B83921C5EE149795B7CB7D2400F4F450900000602206331BCB18C9DCC56802D0D34341020080891ACCB19603D0D3EBE9A1200100404306C6309279BD633401E8E9A1200100404B06732C03694413809E1E0A120000B4641C07A6687B007A7A4041020030CB0CE6F2713C6F0FA309404F0F05090000266A3027EBF900F4F480820400608630D6497EA6FB7500E8E90105090040971BCCC99AEA6A4413D0D3030A120080594AFD497B5E93624D79DB0EF5CF733220404F0F2848000066A9C15C5E318A57A528CADB568D66B3E7319A809E1E50900000CC528319AC298D62D186D1AC1ACC1CAB2BEB1DA309E8E901050900C00CA799F16B641847339A8DB6BFB2C1F68ED104F4F48082040060861BCC81368C6323A3D9AAC1AC379AA6CE027A7A40410200304368D5E88D6534DB3598D5BFBFABC78826A0A7071424000033C660B66AF09A19CD39E3349819C768027A7A4041020030CB0CE66846F3A7133098137D3F00F4F480820400603F33D191C34646732206B3DE683A4613D0D3030A12ADE552082144E7C404653DA6C8D68F60FEB45C3E112E8BD7921F31C5F50B3D3D1424E4121895FEF9F3E7DF52C615110B162C382122DF4FB7C5BC79F34EAC6DDCDFFFCEF4F8AABC6D35F2B6D5174F8FB796CB97C7BAF276637ABD6B7DF4E852C63A9BEC588C3692D9CA75349B6124137A0A39031424E4121DC3DC3A63582463787EA30D9339FC5569344798CB458B161D506F32CBD73B28962F5EBCF8F5A5D15CE723479713866E4FCFD41C93391EA3E9984CE829E40C5090904B7426C9007E208C603292473659BF37C5D5F5C6B46A50FFF3EEFC8D11A509DD96CD6839523A10F7FBFAFA0EF1A9A38B8D663B2387CD2E53D2E8ECB2ED184D6797859E42CE000509B94467928CE59279F3E67DB5348207C68865339399CCE19BD3ED37D376D795A6F1913A9319CC4DAF776C9E7A5B19F50CE3799A4F1C33C8688E65F0C6BA0EE658D7D16CC6D21ED7C9849E42CE000509B944A77ACC30880B172E3C3C6E7B7B7B0F0DA3591E8FF9F1AAC94C06F3B874FBAD724473F8B9793A6C9D292DEA8FF74CB7CFA7DBCFFBC83143186B24712C83D9334EA399A7EC0E4A01F41472062848C8253ACB5DF6F72F29CDE431D918564EF4B3A41CD95C5367320753FCB272529F67F3735B3199292EF7C96306D16C44B35583D9AED1CC7F8FC1849E42CE000509B9446751197D9C5B3586D9649646F3C8CABADA74D930A4C9301E552EEECBAF516F32CBA9B407E693FFC4C981CAC747FBF431C38811CDFAA9AB6B7ADABF0E6623A3B9BAEEEF3806137A0A39031424E412DD43BDC9AC5BB7B7324DB6E173ABF77B7B7B0F2BA7E1BE2199D5234AE37954369D7D7D7DC7FBC431C38C66F5644055C3D88AC1EC19E3792E53023D859C010A127289EE349929DE37CABA0BEB9727E3F89672DDC672D19CEA654D523C1827FB89288D687F8C68FAB43103A99F3A1B0671754FFB9725A97FDE44AFCF09E829E40C5090904B0098214673A2349A8A0BE829E40C5090904B006034F7BB61859E424F21678082845C02409732D129AEA6C8424F01398382845C02001A1AC57647229DE4077A0AC8191424E4120030AA615C3E45DB037A0A39031424E4120018CD862C4DB127C5A08F0C7A0AC8191424E41200301A03A5811C1865FD2E06137A0AC8191424E41200D02ACD46344D91859E0272060509B904004C8AD16430A1A7809C4141422E01009362342F6330A1A7809C4141422E010093411C83591C7FFCF1341E7A0AC8191424E4120030710607073786C62F5BB66CAE4F037A0AC8191424E41200306E868686DE9EF4FD95D0F8152B560CF844A0A7809C4141422E01001331993786BE97719F4F047A0AC8191424E41200305E5D5F9A47317324D3E9E43FD05340CEA0202197008071E9FA86AAC1CCA3998ECD849E0272060509B90400B4ABE923463173AC58B162D027043D05E40C0A127209006847D36F6D6430CBD8E613829E0272060509B90400B4AAE74D47311D9B093D05E40C0A127209006857CF378C66309D69167A0AC8191424E4120040E3A1DE20675090904B00008D877A839C010A522E0100341E506F72062848C8250080C643BD41CEA020219700001A0FF506390314A45C0200683CD0B8DEFAFBFBDF397FFEFCAB525C511F0B162C3821DDEE5393E9F1D672F9F25857DE6E9C376FDEB53E511A010509B90400D078CCF27A4BE6F057A5D11C612E172D5A7440BDC92C8DE641B17CF1E2C5AF2F8DE63A9F268D8082845C0200683CD45B18C4BD29AE4E0FE736DAA66232E7C78865446942B765331AB72906E27E5F5FDF213E591A010509B90400D078CC729399CCE19BD3ED379359BCAE348D8FD499CC60EEBC79F38E2DCD6575D4338CE7693E511A010509B90400D07830997B93C13C2EDD7EAB1CD10CFAABD361ABCF29A7C7DE5267329F4FB79FF789D2082848C8250080C683C9CC267330C52F2B27F579369BCA564C668ACB7DA234020A12720900A0F160326BD365E7CD9B774C328C4795ABFA4A7339B7DE649653690FCC27FF899303958F8FF689D2082848C8250080C683C9DC5B99263B82AAC98CFBBDBDBD87C5EDC2850BDFD0DFDF7F44693C8FCAA6B3AFAFEF789F2C8D8082845C0200683C66AFC98CB8B07E5D328E6F29D76D2C17CDA95ED624C58371B29F88D288F6C788A64F95464041422E0100341EEA0D720628C85994B70D91BB31E23E9F1400F8BD06D49B9C010A12ADE46D698A57463399434343CB7D5200E0F71A506F72062848B49ABB5B473199DB962D5B36D7A704007EAF01F52667808244ABB95BDACC64AE58B162D02704007EAF01F52667808244BBF96B746CE67D463101C0EF35A0DEE40C5090184FFE461C9BE9584C00F07B0DA83739031424C64D3295371AC50400BFD7807A9333404162B24CE6DB2BC7620EF84400C0EF35A0DEE40C509098681E6BC7661AC50400BFD7807A933340416232F2B8542E01C0EF35A0DEE40C50901D405114731F7BECB1EBEFBDF7DE7FDFB2654BB169D3A6AE8CC865B7BEF7CD9B371777DF7DF7BFA638D5B712007D9F391A4FDFF587903328C8594934205BB76E2D76EEDC59BCFCF2CB623FC5AE5DBB8ABBEEBAEB85D4909CE49B0980BED377E80F216750905D4BECE1D680744C23F2F2A64D9B1EF2CD0440DFE93BF487903328C8AE25A65069003A275213F28A6F2600FA4EDFA13F849C4141762D71CC881FFF8E6A42882400FA4EDFA13F849C4141CEFC26E4DF9E7FBA78ECBE2F173FD9FC995AC4FD58A671D08400A0EF82BEEB0F216780826CAB09D9B37B47F1C0F7D6153FBEF993FB442C8B759A074D0800FA2EE8BBFE10720628C8969B90277FF29D110D488E5FFC6483E641130280BE0BFAAE3F849C010AB2F526E4A13B3EDBB40989759A074D0800FA2EE8BBFE10720628C8969B9007367DBA691312EB340F9A1000F45DD077FD21E40C50909A104D0800FA4EDFE93BF487720628C8E96F42E26C83CD9A9058A779D08400A0EF82BEEB0F216780826CB90979F49ECB9B3621B14EF3A0090140DF057DD71F42CE0005D97213F2DC8EEDC503B7AD1F39952A2D8B759A074D0800FA2EE8BBFE10720628C8969B9088C77F78CD88262496691C342100E8BBA0EFFA43C819A020DB6B425E7AA978F4FBFF73E454AAB42CD6691E342100E8BBA0EFFA43C819A0205B6A42F6ECDE513C72CF179A1EB313EB621B0D842604007D17F45D7F083983825490CD9B90975E2A9E7EF4F6E2FF6CFC6F4D1B901CB14D6C6BAFB72604007D17F45D7F08398382D484B4BD77DB5E6F4D0800FA2EE8BBFE10720628C8969B9056F66E8FB6D75B33A1090140DF057DD71F42CE301B19280B724013B2EF0FE1781B901C9A094D0800FA2EE83BC30239C36CE38414BB535C56DE2ED784084D0800FA2EE83B18163903266230B3B18C91CC5DB3D5686A42342100E8BBA0EF6058E40C983C8339D6724D88D08400A0EF82BE332C9033A021036318C9BC7E561DA3A909D18400A0EF82BE8361913360FC06732C0339EB463435219A1000F45DD077302C7206B4C7093DED8D50B6BBBD2644684200D07741DF1916C8196699C15C3E8EE7ED990D465313A2090140DF057D07C32267C0D41ACCC97ABE2644684200D07741DF1916C8196608639DE467BA5F471322342100E83B7D07C3023943971BCCC99AEA3AA3473435219A10004CA6A0EF6058E40C18DB106683F99A146BCADB76A87FDE8C3D19902644130280C914F41D0C8B9C01A31BCCE515A378558AA2BC6DD568367BDE8C349A9A104D08002653D077302C72068C6D308335A5512CDA309A558399637565FD8C3B465313A20901C0640AFA0E8645CE807D6966FC1A19C6D18C66A3EDAF6CB0FD8C3A465313A20901C0640AFA0E8645CE80910673A00DE3D8C868B66A30EB8DE6409B5F80A5434343376A42C4789B904EAC21004CA660321916C819660AAD1ABDB18C66BB06B3FAF777F5B430A219C620C58614AF74DA974013D21D4D4827D71000265330990C0BE40C33C960B63A65B599D19C334E839919F518CD7A63904313225A6D42BAA18600309982C964582067986D067334A3F9D30918CCA6EF676868E8ED31A5B1DE183099A2D526A49B6A08009329984C860572866E66A267776D6434276230F7319ABFF77BBFF78946A34E4CA668A709E9B61A02C0640A269361819CA15BF9EDD20C5E36C1D78929B2F523983F2D974F84785FC589279E588C660E3A31FCF8779CC914424C61309982C904C322674095B1CE263B16A38D64B6721DCD66EC7312A2534E39E58454ECDB8C648E8C5DBB76D53EEFEBAFBFBEF8F5AF7F5D1C72C821C5BBDEF5AE62F5EAD5B5B8E9A69B6AEBEB9F17CB2EB9E492A68F9BC58D37DE58BCF18D6F6CBAFEC1071F2C1E7EF8E1867FEF2B5FF9CA7E6B42BAA9868044FFFCF9F36F29E38A88050B169C1091EFA7DB62DEBC7927D636EEEF7F677A7C55DEB61A79DBEA8BA7C75BCBE5CB635D79BB31BDDEB51A91EE31993FFBD9CF8AEA7B0A9DBDF8E28B1B6E7BDB6DB7D5D6C7EFC4CD37DF3CFCFBF0FEF7BFBF38FDF4D3994C302C90334C3A61E8F6F44CCD3199E3319A4D8F115DB162C5402AFAAD4CE6BEF1831FFCA038E8A0838A175F7CB1F6B987D18BDB2F7CE10BC38D47DEF6E8A38F1E369E5FFAD2978ADFF99DDF297EF8C31FD61E47B391D7C56BE4E7A466B478EF7BDF5B5BB76EDDBAE280030E283EF5A94F0D6FBB6DDBB6118632DED3962D5B8A952B57EEF3F76EB8E186DAFD5FFCE217FBA509E9861A024AE6D619C3F82E9EDF68C3640E7F551ACD11E672D1A24507D49BCCF2F50E8AE58B172F7E7D6934D76944BACB6466BD0D0DDEBD7B77EDFE3DF7DCD374BB4B2FBDB46632E3B7A2BAFC820B2E187EFCCC33CFD47654866E7FED6B5F2B8E3DF6D89A46C6E36C4CAFB9E69AD8C1C164824EC819D0B2B16B7544B3D9654A1A9D5DB61DA3D9D231A2E5A8D45626B37123110D40DC2E5BB6ACD8BA75EB3E26F3D1471FAD8D4666D3170DC4860D1B6ACD447EFE37BEF18D11AFF9F5AF7FBD763F1A8C182DADAEABDF3E373931CA1AEFA16A32E336CCE7FE6E423AB986800686F003610493913CB2C9FABD29AEAE37A65583FA9F77E76F8C284DE8B66C46CB91D281B8DFD7D7778846A4B34DE6030F3C50DB69B764C9929AC6F6F6F6D61E1F71C4113533593F0325BFF7D0E0F3CF3F7FF8FE873EF4A111AF1D4634D6C58867DE2EEB7718CDF8BD186D460B93098645CE80464673AC11CDB1AE8339D675349BB1B4A7C5EB6466CA51A96DB3B50989D1C0682E628F7298C9DC0C7CF18B5F1C6E0A6234B36A32F3686436A3BFF55BBF555C74D145B51FEB3087B13C8C68BDC97CEB5BDFDA7424F38E3BEE189E2A9B973DF9E493B5FB1FFEF087879755EFE7E7ECEF26A4136B08A8928CE592F41DFF6A69040F8C11CB66263399C337A7DB6FA6EDAE2B4DE323752633989B5EEFD83CF5B632EA19C6F3348D487798CC5B6FBDB578ED6B5F3B62F9A2458B8A0F7EF083C38FB76FDF5ED3DC3C8B248F5AC6FD788DD849D848936359E875BE1FA636EF707CEAA9A786759EC9049D9033A015C61A491CCB60F68CD368E629BB839A90F6224F918D06223703B1D7BABE59C8F71F7FFCF1DA5EE85876E491470E3711CF3DF75C6DD929A79CD27074348F568E3692197BBFF3B2686CE2F1C1071F5CBCFBDDEFAE3D2F1BE2E96C4C3421E8768F190671E1C28587C76D6F6FEFA16134CBE3313F5E3599C9601E976EBF558E680E3F374F87AD33A545FDF19EE9F6F974FB798DC8CC3299318D36F438A6D4C6CEC2308BB14DF53087279E7862F8B7E385175E18DE1978E595570EEFA88CE3FE7B8C64826191336002341BD16CD560B66B34F3DF1B9C091FDEFE6842AAC6B2A7DCD31C4D421CA719C7D7544DE631C71C539B02D5531E1779D86187D5A6CBC64979F2498422E279ED9ACCEAB26848F2FDF89BD59310E551574D08308ABBECEF5F529AC963B231AC9CE8674939B2B9A6CE640EA6F865E5A43ECFE6E7B66232535CAE11E91E93197A7AD659678D38D1DBB9E79E3B626A6DAC0B0319C7E0C7AC95BCE32F4FB50D4399B7DFB3674FED75E2644159C7F3E865FCBEC4FAFA192F4C26E8849C01AD10239AF55357D7F4B47F1DCC46467375DDDF99C8753A352195A94CD140E4A9B27964324F718AED6204314617A3A9C82772F8FDDFFFFDE2ECB3CFAEDDCFD3A9EA8F99EC6971BA6C75FBD8731EA3A671FFAEBBEE6A6840352140632AA38F73ABC6309BCCD2681E5959579B2E1B863419C6A3CAC57DF935EA4D663995F6C07CF29F383950F9F8688D487798CC383C219FA02D74F5C20B2F1C3EEEBEFEC46AF9F73776F0C5EC97EAAC93FA9D848DA6CB86D9CC7A1FA3987122B830B54C26E8849C01E3359AD59301550D632B06B3678CE7B57BB2214DC8282633CCE5E1871F3E7CA29F7C9C4D367AF5536C63AA54DCE6C6216EE3F8CC7C02A0FAD7CFC6B37E24B3BAF7BBBA7D4CC7CAA3A871F21F2399C0C4A8379975EBF656A6C9367C6EF57E6F6FEF61E534DC3724B37A44693C8FCAA6B3AFAFEF788D48E79ACCD86118C62F76FE9D73CE39B51D8C3DE5EC94B8AC494CA3FDD8C73E36E279B1F32FCE1C3BDA4C941CB133315E3F7612C6EBD79F04CE254CC0B0C8193011EAA7CE86415CDDD3FE6549EA9F37D1EB736A421A5C83B2A7BC065ADCC63136D5A94E8D9E73FFFDF78F308D63452BDBC76B8738E5FBF978512399C0C44C668AF78DB2EEC2FAE5C938BEA55CB7B15C34A77A5993140FC6C97E224A23DA1F239A1A91CE359979964A4C790D2378EAA9A7EEB33E4EE856D5FD7CBC659C7536763A56AF91D9537742B630946152E37E1C4A115364C394E64B9AF494C764E6FB556D67324127E40C98A8D19C288DA6E26A422610717CCCC30F3F5C9B1A5B5D9EAF7F19D7C66C749DCC30A6EBD7AFAF5D2B334F7FCD66358ECF6CF4B762CFF671C71D37EAFBA93E375E2BDE5BEC61CF9756A91EEFA909013422F47D7C912F47D5531E9BB976EDDAE1C315463B595C2BBF29ED6CCF64824EC819B0BF8DE6641B564DC838CE46DBC9EF4F13026844E8BBA0EF74027286D9C344A7B8CED829B29A104D08A0116132057D079D9033606246B1DD91C81979921F4D882604D088309982BE834EC8193071DA9DF23AE3A7C86A423421804684BE0BFA0E3A2167C0F418CDA529F6A418D484084D08A011A1EF82BED309C819301A03A5811C1865FDAED9643035219A10402342DF057D07C32267C0C46836A239ABA6C86A423421804684BE0BFA0E3A2167C0D419CD596B3035219A10402342DF057D07C32267C0E41ACDCB66B3C1D4846842008D087D17F41D0C8B9C0193C740599003B3F943D0846842008D087D17F41D0C8B9C010A5213A2090140F7E93B7D079D809C41416A42842604A0FBF49DBE834E40CEA0203521421302D07DFA2EE83B9D809C010A5213A20901C0640AFA0E3A21678082D484684200D07DFA4EDF4127206750909A10A10901E83E7D17F49D4E40CEA020994C3FFE9A1080EED37741DFA13F943340416A42342100E83E7DA7EFA01372266750909A10A10901E83E7DA7EFA013903328484D88D08400749FBE0BFA4E2720678082D484684200309982BE834EC819A02035219A1000749FBED377D009C81914A42644684200BA4FDF057DA713903328482653684200BA4FDF057D87FE50CE0005A909D18400A0FBF49DBE834EC819A0203521421302D07DFA4EDF412720675090338E2D5BB6F8F1EF9C78313521AFF86602749FBED377D009C8191464D772F7DD773FBD73E74E0D4007C48E1D3BFE776A421EF2CD04E83E7DA7EFA013903328C8AEE5F6DB6FFFE09D77DEF9FCB3CF3EBB5723B0FFF6704703B279F3E627529CE49B09D07DFA4EDF4127206750905D4DFAE15BBE69D3A6FB622A4F1C3322A63DE2737F480302D07DFA4EDF412720675090E88C3C6E885C2E5BB66CAE4F0300DDA7F1009D9033404162DC0C0D0DBD3DE5F195C8E58A152B067C2200E83E8D07E8849C010A121369406E8C3C96719F4F0400DDA7F1009D9033404162BCF95B9AF770E7480DC9729F0C00BA4FE3013A21678082C478F2B7A1DA7CE43DDD8EDB0140F7693C4027E40C509068377723F670E758B162C5A04F0800DDA7F1009D90334041A29DDCDDDAA8F928639B4F0800DDA7F1009D90334041A2D5BC35DDC3EDB81D00749FC6037442CE00058976F3B661B4E6C3590801D07D1A0FD00939031424E41200AD80BC41BD41CEA0202197006805E40DEA0D72062848B904402B206F807A93334041422E01D00A7903D41BE40C0A127209805640DEA0DE20675090904B00B402F206F506390314A45C0200AD903740BDC919A0202197006805E40DEA0D72060509B904402B206F506F90334041CA25005A017903D49B9C010A1272098056C81BA0DE20675090904B00B402F206F506398382845C02A0159037A837C819A020E512006885BC01EA4DCE000509B904402B206F506F90332848C825005A0179837A839C414126FAFBFB8FE8EBEB3B7EC1820503F3E6CD3B31C5C9F3E7CF7F3CDD5E52FF9CB4DD9BD3BA78DEDCEAF2C58B17BFBE5CFEBA467F2BD6C5DF68B2EE6D0B172E7C43FDF629D6CB127101402BE44DDEA0DE2067E8A2820CE397CCDC1511C9649E509ABBABE27E69365F2D379F9396DD95B749EBAE4DB783295E0A9398E23B29BE5C319FE9E1FC7F8AE595E7FCF7F2FE132996E7F7B168D1A203627D98DD747B4BE57D5C5E79EEC132465C00D00A7903D41BE40C9D5F907392813B36CC5CC5D09D9CEEBF27DDBFBFBA7D8C3696A395F3CB91C9379766F07D0D5EBE3F6F533ACE78DD63F2FDF4FA6BAA1BA7ED8E2BFFC6E11593F981F49C87EBB7057101402BE40D506F90337470419686EE96AAC98C91C614CFE66DD3FD832AE6EFDBE9FE69292E280DE30595E71E5B359969F9750D46328B6C2A7B7B7B0F2D474D1F8EFBE56B371AC97C878C111700B442DE00F50639C30C3199418C6E560C60AC3FAB3AB2599D02DB33C64866BA3F546E37372F4B26F3B07274F49BD99CA678243F0FC40500AD903740BD41CED01D26F3E8BC2C9BBD307FC9F01D52DDBEBFBF7F4979DC646D2A6B75FB6626B3D94866BA7F5EF5B52BAFF3BE14CFA7B8286F5BBE1F101700B442DE00F5063943A71764327207C614D5BA69AA57353278793432DDEE88D1CE188D1C6D2433F1CEFAE766531B7FB7DE64C614DAB4CD8A18414D712193495C00D00AC81BD41BE40C5DC4E0E060511AB9FF95E27F544D66DDD9663F90CF009B0D659CEDB55C777536897526B3A791891C6D7D39FDF6CBE5596A5B7A1E880B005A216F807A9333A043181A1A6AB920C36496A62F8EC57C30A6D22613FA96AA190C533A9A891C65FDFCF212264BCA6330BF1A0BCB33DC86F97C9B6C111700B442DE00F506398382845C02A0159037A837C8191424E41200AD80BC41BD41CE0005299700402BE40D506F72062848C825005A0179837A839C4141422E01D00AC81BD41BE40C50907209805640DE00F526678082845C02A015F206A837C8191424E41200AD80BC41BD41CEA0202197006805E40DEA0D72062848B904005A216F807A93334041422E01D00AC81BD41BE40C0A129DC049279D54CC9F3FFF9632AE8858B060C10911F97EBA2DE6CD9B77626CDFDFDFFFCEF4F8AABC6D35F2B6D5D74F8FB796CB97C7BAF276637ABD6B7DFA00DDC7F4E7ADD4E20F347B4EE876D6EECAEFC1603CAFB7B7F7B0BA6DCF4A7A7E6C7EBC70E1C2C363BBF49C0327F2BA8D58B468D10169DBEF46545F23C57BCABFF91E19A71390332848744E2EE7D63720E9C7FAFC46DBA766E257A5D11C612ECB06A0514373502C5FBC78F1EBCBE6669D4F1EA0FBD8AF26737094A7CDA96E9B773236DAAEFCBD7824C5408A35E9F1E329EE297F17FEADCE3CB6F4BA69F9C9E57B2CFAFAFA8E6FF2DE5E57FEED0159A6139033284874782E63EF76FC7027237964A3EDD3BABD29AEAE37A6D5C6E13FEFCEDF1851361BDBB2192DF73C0F940DC421B200D07D4C0DF5B355B20EA7F872F57133B3369A194CEBCE4CF1B6D866E1C2856F88DF8D789DD0F5BC63B1D9FB1AE375E3FD7D34C5FA463B2E4BFA9B9850D009C81914243A2997A94158927EF4BF9AA73AC588653393997ED8DF9C6EBF99B6BBAE348D8FD499CC606E4CA3CA536F2B0D4D18CFD37CFA00DDC7B4E46D4E65D19CD2E0AD18E1DAD26F405AF7ED32AA86F4EAEACEC1F4DC6362DB981A1B1A9F96ED4AB743E56FC7FF5731AE6BDA7DDD0666F33715535933CBE573FE4BB97E7DF978CD58C616740272060589E9CF657FB937FAF0F2F89843C368963FFC1FAF9ACC64308F4BB7DF2A4734879F9BA7C33668126EA93399CFA7DBCFFBF401BA8FE9CD5B1E79ACEA7A1D73EA35BCD1886318C752CF6344F47F548CE35595E32D5F4DB747B5F3BA95F55797AFF7BECAE2B995F50FA6D85E797DD009C81914243A2997E55EE6E1BDC87527FA5952DD235D319971B2865F564EEAF36C7E6E2B2633C5E53E7D80EE63DA4D6651319A6F1CEBF9634C6B7D5B6932BF5C77329F3CDDF537E9B907B7FBBA99B4FE73CDA6CB56778A329A7402720605890EA33C5E679F93FFD4FFF8578FCFCCD365C390567ED8FBF26BD4370465D371603EF94F9C1CA87C7CB44F1FA0FB98BEBC85A92C8FB95F9267AAA4FB478CD764E6DF8D98321B86AFCEC80E4EC0BC16E5F4D7754D4E26B73C1FA2918D66FCB6C8369D809C4141A2837339C68FFFDECA34D986CD41F57E9C59B0725288234AE37954369D4EDA00D07D4C7DDE4ADDDD67F4328F68A675973678EAEB2ABF07278FF577F225AA5A309963BE6E7A3FABF2D965EB7748C66F469E395331CF43E5EB0DC9389D809C4141A2834D66DD7130F5EB2E6CD014BCA55CB7B15C34A77A5993387E264EF613511AD1FE46D7510340F731790C0E0E86F9BA36E9EEFF6A62E80E6C64F862C760A9DDBBDAF873319BE5EC3C95B5D106E37CDD7C8DCCB8C6E6058DD69727202A9C548E4E40CEA0202197006805E40DEA0D72062848B904402B206F807A93334041422E01D00A7903D41BE40C0A127209805640DEA0DE20675090904B00B402F206F50639031A14DF8628C031E23E9F147101402B206FD01FEA0F6904D04AF12D4DF1CA6822323434B4DC27455C00D00AC81BF487FA431A01B45A80B78E2222DB962D5B36D7A7445C00D00AC81BF487FA431A01B45A804B9B89C88A152B067D42C40500AD80BC417FA83FA41140BB45D868EEFD7DF652111700B402F206FDA1FE904600E329C21173EFCDB5272E006805E40DFA43FD218D00C64D128D1BEDA5222E006805E40DD01FD20860B244E4ED95B9F6033E11E202805640DEA03FD41FD20860A2C5589B7B6F2F157101402B206F80FE90460093518C4B15247101402B206F80FE9046A003288A62EE638F3D76FDBDF7DEFBEF5BB66C29366DDAD4951105D9ADEF7DF3E6CDC5DD77DFFDAF294E5591C4854E083A412BE40D745F7F385B759F46CC104240B66EDD5AECDCB9B378F9E597C57E8A5DBB761577DD75D70B49504ED28010173A21E804AD9037D07D311B759F46CC10620F1501E918217979D3A64D0F6940880B9D10748256C81BE8BE988DBA4F2366083105C217B8732289C82B1A10E24227049DA015F206BA2F66A3EED3881942CCF9F6E5ED281199F55F2CE24227049DA015F206BA2F66A7EED388592622FFF6FCD3C563F77DB9F8C9E6CFD422EEC7325F7C22425CE8049DA013B402F246F7E93EDDA711684B44F6ECDE513CF0BD75C58F6FFEE43E11CB629D2F3F11212E74824ED0095A0179A3FB749FEED308B42C224FFEE43B230424C72F7EB2C1979F8810173A4127E804AD80BCD17DBA4FF769045A179187EEF86C53118975BEFC4484B8D0093A41276805E48DEED37DBA4F23D0B2883CB0E9D34D4524D6F9F21311E24227E8049DA0159037BA4FF7E93E8D00112122C40574824ED00AC81BE83EDDA711987E1189B38535139158E7CB4F44880B9DA01374825640DEE83EDDA7FB34022D8BC8A3F75CDE5444629D2F3F11212E74824ED0095A0179A3FB749FEED308B42C22CFEDD85E3C70DBFA915321D2B258E7CB4F44880B9DA01374825640DEE83EDDA7FB34022D8B48C4E33FBC668488C4325F7C22425CE8049DA013B402F246F7E93EDDA711684F445E7AA978F4FBFF73E45488B42CD6F9F21311E24227E8049DA0159037BA4FF7E93E8D404B22B267F78EE2917BBED074CE7DAC8B6D080011212E74824ED0095A0179A3FB749FEEB7A1071B4213C688FB7C23679288BCF452F1F4A3B717FF67E37F6B2A2039629BD8D65E2B22A201A11374824ED00AC81BDDA7FB74BF453D589AE295D14CE6D0D0D072DFC819222263ED9DB2D78A886840E8049DA013B402F246F7E93EDD9F044DB8751493B96DD9B265737D23678888B4B2776AB4BD56C480886840E8049DA01353CC6FD30A7903DDA7FB33A2EF5BDACC64AE58B162D0B7710689C8780524073120221360A06C40067C3BE984A013CD742245C1ACC81BE83EDD9F3146B3D1B199F719C59C61222288C87EE28414BB535C56DE9A834F27049DA013F206BA4FF767BEC91C716CA663318988202293D9802CAFECF1DEA511A113824ED0097903DDA7FB335FF793A9BCD12826111144642A1B90B196834ED0093A4127E40D749FEECF2C93F9F6CAB1980E9B222282884C8881311A8DBC9ED8D0094127E884BC81EED3FD194C3E36B3AB47318BA2E8DBBE7DFBDAABAFBEFAAE4B2EB9E48573CE39E795D34F3FBDE69E4F3DF5D4FFF8E33FFEE3973FF5A94F3DF6D9CF7EF66B29FE8088082232650DC8580D863DDE7442D0093A216FA0FB747F86B16AD5AADF1D1A1AFA78F25FD7A77834C5AFCBD1CC17533C5E4EA1FDF3D8AE2BCCE50D37DC70CD45175DF4CAB9E79E5B5C71C515C5BDF7DE5BECD8B1A378F1C5178B206E77EEDC59FCE8473F2A92092DFEE44FFEE43FFEF44FFFF4E7679E79E6C78888202293C2096DEEC16E777BD0093A4127206FA0FB74BF03894B93A4D8940CE44BA35C23B33EEE48CF39B523FFA16426CFF8ABBFFAAB973EF9C94FD60CE4ABAFBE5AB4CAFDF7DF5FFCC55FFCC5AB6BD7AE7DE8E4934F3E9488082232E10664F9389EB747234227E8049DA013F206BA4FF7BB8F6414DF94E2D6368C65A3D8DA315E2C79C4B937DD74D3ED679D7556B161C386B6CC653D1B376E2CCE38E38CBD336554938810912E694026EBF9A01374824E40DE40F7E9FE34333434F491152B56FC6BD530AE5AB5AAF8EBBFFEEBE2F6DB6F2FFEE55FFEA5F8D5AF7E55F35BBFFEF5AF6BB34CEFB9E79EE2B2CB2E2B4E3BEDB47AA3B967BF8F6A86C1BCF3CE3B7FF0894F7CA278E491478AC9E0E73FFF79910CEBDE8F7DEC63FF95880822D232639D0462BA5F0774824ED009C81BE83EDD9F7A83B9BC7A1DCC30975FFBDAD76A8727B6C2EEDDBB6BDBC7F3AA663319CDFD37E817239861305BFD275A255EEFCC33CFDCD3B17383890811E9CC0664B2A642D9E34D27E8049DA013F206BA4FF73BDF607EA46A30CF3BEFBCDAA8E57888E7C5618F754673FABD581C83195364276B04B3D188E6EAD5AB77A77FEE702222348F63360CB901794D8A35E56D3BD43FCFC922E8049DA0137442DE40F7E97E8712C76056A7C8AE5FBF7E784AEC7889A9B4175F7C71FDD4D9E9F3627116D9CF7CE6332FC7319853C9CD37DFBC77D5AA55DB8888D03CB6B4473A1A88ABE22B5ADEB6DA88347B9E46844ED0093A4127E40D749FEE7720E51964874730276A30AB46B36E4473EBB4FD5337DE78E3B5F1C77FF39BDF1453CDD9679FFD4CB74E9B252244641A1B909E724F755189561A916A0392637565BD6378E8049DA0137442DE40F7E97E6719CCC1EA3198E39D223BDAD4D9EA319AD3E2C5621433AE83199729990E7EFCE31FBFDCADA3994484884C11CD1A83460DC5688D48A3EDAF6CB0BD6378E8049DA0137442DE40F7E97EE798CCE151CC3869CF5470DD75D74DEF68E6F6EDDBD7C6C97E2672A9927639E38C339E8979C79D94D814FF2F112122535D43A33420036D34168D1A91561B90FA46C4D4AA49CE339DA01353A0157442DEE44D7F2866687FB86AD5AADFCD27FB89D1C6E79E7B6E4AFC579C75B6EEF22653EBC5AEBEFAEABBAEBCF2CA623AB9ECB2CBEE4FFFD89F774A0154868E370D0D0DBD9D881091A9AAA1713602633522ED3620D5BFBFCB1EEFC9CD339DA01393AC157442DEE44D7F2866707F98967F3C6FF7B9CF7D6EAA3D58D5644EAD17BBE4924B5EB8F7DE7BA7D5647EFFFBDFFF79FAC736745A0154E2D6467B1D88081199680D3568405A6D009A352273C6D980D4EF69D7884C529EE9049D9844ADA013F2266FFA4331C3FBC3B4ECFABCFECE3BEF9C520F76CF3DF754DFCBD47AB173CE39E795A79F7E7A5A4DE633CF3CB333FD634F7670010CEF75A8160211212213ADA1713620A335223F9D400332D1F7A3E16890673A412726492BE884BCC99BFE50CC82FE303D7E342F9FEC13FED4B363C78EEAFB985A2F76FAE9A7172FBEF8E2B49ACCF87BE91F7BB1D30BA0BAD72186B889081199680D4DC29EE5468DC8441A90FA46C4313C13CC339DA01313ADA137BDE94DE7D289EEFBEECBDBECCCBBFE90EE4FB48652ECCD8F27EBB225A35DCEA4F2B75F9CF27F7E7FD0C287DE7141443A2BBAAD7E4E3CF1C4DC2C5C36C1AFED9C067BB87F5A2E9F089775E3F7924E88B19A8D6ED4893FF8833F283A5527E2B57CD7E54DD07DFDE1E4C7747BB02935996BD6ACF98FE91EC9DCBB77EF335D329279DFD0D0D0F265CB96CDDD5FD321E247210E02AE364C2B57AE2C6EBAE9A662E1C285C5030F3C30BCEEA9A79EAA6D1FCB1E7DF4D1E2FDEF7F7F2D62DB37BEF18DC53FFCC33FECF3DAB7DD765B6DFBD8AB71F3CD3717AB57AFAE6D1BCF89116E7BAA26BF867AC63EDBE044F674B77341EFAEDED3DDDFDFFFCEF9F3E75F95E28AFA58B060C109E9769FDA488FB796CB97C7BAF276E3BC79F3AE9DEC3C6B36E8C42468059DE8304D90B7CE207295F2F6E7A3ACDF9A739B233D1E8CE7F5F6F61E36D6EB2F5AB4E880B4ED7723E2B98922E20FFFF00FA3466AB79DD21FB6DB4BD6F780DFF8C6378AC30E3B6CB87FACAE8BE3F60E3DF4D022FD7FB5BEF0A8A38E2AB66DDB569C72CA29B5C7E9B3A1FB93A8F9E9FE9E193992F9894F7CE2E5E93E263315F34F3BFC98CC7A63D033DD2272D75D77D5BEC8175D74514D1C420CE2CB1E91C52096C7B574E2FEC30F3F5CDC71C71DC531C71C537CF8C31FAE1551EC3CC8AF1782F0DEF7BE7784E85C7AE9A523B68DE5175C70C1F0E3679E79A678D7BBDE557B3FF1F78E3DF6D8DAE7148FB331BDE69A6B8AF4E34C44C6A8A1CA0FFE9E9EA93966673C8D48D71DB3936AED57655339A2912C9B84A241F371502C5FBC78F1EBCBA672DD54E499C9D46C4C9256D0890ED20479EB1C9319A6718C91E0E16D535D9CD8A45E4E2E5FABE8EBEB3BBEC96BBC2ED647FFD349FDE1444C66DCBEFBDDEFAEE9E2D7BFFEF5E2FAEBAFAF0D4CC4F22D5BB6ECB3FD0F7FF8C3DAEDCF7EF6B3DA6D6CBB67CF9EE1F537DE7823DD9F24CD9FB1C764AE5BB7EED1E93EBBECF7BEF7BD5B3AF4ECB2DB56AC5831D8C4184CAB88C41739F624E5C7B7DE7AEBF0173B4629635D5E561DC58CD1C946AF576F32431CF2FF13CF3BFFFCF387EF7FE8431F1AF1FC30A2B12E463CF3765FFAD2976AB76134C37CC668291119BD8626B067B9D969EC1B9D7DB09D46A42BCF3E987EF8F7A6B83ADD9DDBAC11F9CFBBF33746940DE7B6DC78967BB907CA26E390C9CA733799CC6ADD7CF18B5FAC3511F9F119679C317CFFB5AF7D6D6D4F76559398CC69D10A3AD1219A206FFB7D27C2B1398F0B172E3C3CE5E9C0560C693393591ACC8FA658DF6807441E208F753192D949FD61BB1123905BB76E1DD1CF1D7EF8E135CD8F0182175E7861C46FC3830F3E58BBFDFBBFFFFBDAEDF6EDDB8B3FFAA33FAA0D2CE4F5747F72347FC69E5DF66FFEE66FAE9CEEEB64AE5FBFFEE60EBB4EE668A34EFB4D44B2817BFCF1C76BF79F78E289619319B74F3EF9E43EA38DB1ACD97BAC9ACC108AD8F6861B6ED867D432EE87718D51D3B81F23A3F5EF27C425DFCF7BBF626F5836B9D5F734CB44A4A51A1AE71EE6B1AE93F69A7136224B7BBAF43A6AB9A14C8DE09BD3ED37537D5F5736888FD43594C1DC6850CA46B23AC2114DE669939DE76E1BC98C7A39E8A0836AF7B3C9CC7BB4E3FEC1071F5CBB1F3AD1E98D459798CC76B5824E748026C8DBFEA3B7B7F7D072BA6BBE3D2C461FD3FD7F1A7683FDFD4BD2E36F97313C8A1D3551DD7990F27E4C03B3F99B8AA9BC25A27CCE7F89F5CB972FBFF6BBDFFDEE7BD3E33579E4BB9B743FF769D1F385B18CDB18D50C4D0FED8F4182F4990E6F1F8FAB3D67F48CD177C68CB73CEBADD37738765B7F3863AF93F9977FF997FFCFC73FFEF17F7FF5D557A7EDE4B22B57AEFC59FAC7DED46D42375D2212862DCCDC91471E597CE10B5FA819C41085430E39A42610B13E9AC01080FC9CE79E7BAEE591CCDDBB77D74423F66EBDF5AD6FAD99C5458B16D51EE7EDB3B8C48867ECE1CA7BAE628744BCA73C75C248E684196B4F73AB17E26EB711C953BA06BBF1438B86323519C7A5DB6F95A317C37B9DF3D4B7068DC42D750DE5F3E9F6F3DDAA1393D980642399BFD3B981880624D7534C19339249276882BCED87DC46AECEAEDC1FACDCDF5ED9744EAB2399E5FAABCBD7785F75074465FD83F1FAA9268EEA56DD8F43A9F2404575465C1C5A157D5D441E5888ED62165DCC6A89C7B9AF8C91CC3024D57377C43941E8FEE4B16AD5AADF4D9FF12BF139A7FBB5CF7E2A88FEFFB4D34EAB9ACCA9F762E79D77DEFFFDD18F7E345D5365BF96FEA9ADDD2874D3292251606128C318C6173AA6ABD54F89AD8A463B2633228C65BC6E18C898771FCD63169C88D8AB1586B23A7DB7FE6FE7F7137BC8627DECE92222E3A2D91EEF561B90761B91FCF706BBB8E9C80D659CD0E1979513783CDB60D4A2694399E2F2D96E32AB463247BD01CD3B99A6FB3B4E27E8C40CD004799B00292FEFE9EFEF3FB22E6FF97F9B5B1AC9739B99D3D14C6690D67FAED974D93C35B79C4A7D5437EA7E1EB4C88304EBD7AF1F312325F78FF13FC4F197F5B3D562E7635EB66BD7AEDA2CB7B85F3D9707DD9F3871DDCC6CFE62E0662AB8EEBAEBAA06737ABCD8473FFAD193FFECCFFEEC956918CDDCBD72E5CA7F4E1FE4A94CE6E811E6AFDED4E569AEF9643FD5FBED9ACCFC2315F3F44328628E7E5E1E7BB59A8D78E4E9B2F177B270C57B88D78E3D5C4464427BBCEBA736ADE969FF3A698D1A91D56DEC59EF1A93197BA163EA53E5C7BFAF6C16E6D6370DE5D4A703F3893EE24420E5E3A38D64361FC9ACAE8BFB31BB82C9A4133441DEA68318818EE9CF0D760E0C561E1F3DDA08E868C76496D35FD7353929D4F23CD53A1BCDA8916ED4FD7C0C66EEED461BC9ACFE2E6493192399B1333266B8C52CBA5876FFFDF7D3FDC9379983D900C668E6649F00285E2F5E37FF8D69F5626BD7AEDDBE61C38629759871FC6738E7368F5B9B9526338F1CBEE31DEF18367379CA438C3CC6897AAA7BA3DA359939C2B8C634B8AAB0343399071C70406D7A6D9CF9361F249E473289C8A43522D59345541B8A762EC4DDEC7933E934F67B2B53E21A3610D5FB710C4FB957FA0DFDFDFD47944DE651B9C16C7076C1596532473B2633AFFBC10F7E507BBC6EDD3A26934ED004799BF614A798D3CAE864E275159379729311D255F9ECB2F546B53CDEF3D9BA11CFA1F2F586BA51F7B331CC27F3C92771AC1FC96C6432F348665E1EB3ECE8FED4903CD21DD9049E77DE7993763993D8D1F0C94F7E729F51CC69F562312FF78C33CED8FBC8238F4C89C14C66E6A6F4379E4ECEF9F06E55B8E9149198375DDFECE513FEC4C8618842FD94889EBA5350E7632BCB2F5B71F6D967EF73BCE511471C5133AED579F6B13C2E8192EF87A1CCA7AF8EEB29C5DF09539A2F69D2531E9399EFC7B1A3446442D44FAD7A4DB9A7BADDD3D6D73F6FA2D76FEBB486321A830B1B340E6F29D76D2C17CDA95EC2208EB189137B44944D677F2B67299CA926B3A7C5B3CBE6D3D68736F454A6D33299748226C8DB34D1974DE1581BC68E8372DB5DEDFC81B226E21A9B17345A1F278B2A47404FEB4693D95339CEB23A38900730AAC7DCF75466CF659319BD623E27470C4AD1FDA9F1622976653318D39B276A34C3605E7CF1C55583B967BF78B1534F3D75D5DAB56B7FBD73E7CE493598BFF8C52FFE71E5CA954F74EB34D94E1291FA3D50D583BB7BCAEB19D5AFCBD73A8A4B8E347ACD56E6D5E726B3D5ED89C8A4362293B1077D469C65904E083A4127E44DDEE87E7B110310D56B5C66E39807114E39E594A69730891E322E61F595AF7C659F418D38432DDD9F7C8686863E924F02944734C73B75369E57378259EC572FB66AD5AA33CE3CF3CC3D9335A21923986130D387F61744441091696F4466D485B8E984A0137442DEE48DEE8B99ACFBC90C9E5E359A712C65CC628C598EAD9E45364EF2533D0633A223BC58B8E8534F3DF5856F7FFBDBFF36819301EDFEDBBFFDDB2FC714D9F8B088882022E3DA433D912950B3610A159D1074824EC81BE8BE9851BA1F5E2CC5EEAA490CD318D7D1BCF3CE3B6BA394792A6D4C89DDB163476DCAF3DFFDDDDF156BD6ACF98FEAF3628A6C4779B19817BC72E5CA2D6BD7AE7DE69FFFF99FF7B6731DCCDB6EBBEDBA6452EF8B034BBBF9184C2242443AA81169774FF54C3F09049D1074824EC81BE8BE98B1BA1F5EAC7A69937146E77AB1F4E64E0AB379FAE9A7EFBCE4924B7EF28FFFF88F4F24B7FC741C9717ECDDBBF799A79E7AEAA79B376FFEEEA73FFDE95B93CB7E2CFEA170CCDD7A16592242443A8C76A74499424527049DA013F206BA4FF76786D93CA9349BAFB4632EBBC68B25F3F8BBE91F3C37BDE1EB533C9EE2C5F29F88DB27536C48F1E7E1BA89882022FBAD11599A624FCF0CB910379D1074824EC89BBCD17D41F77931222288C8D43150361803A3ACDFA501A113824ED0097903DDA7FB0011114464A27BBC4DA1A213824ED0097903DDA7FB4C268888202293D2886840E884A0137442DE40F7059309222288C8A43422976940E884A0137442DE40F705DD0711114464328863748A1EA7B1A713824ED0097903DD17741F4444109149E2B77D047442D0093A216FA0FB82EE83880822023A21E80400BA2FE83E8808112122009DA0130040F7E93E404488084027E80400D07DBA0F101141444027049D0040F705DD07111144047442D00900745FD07D80881011804ED00900A0FB741F20224404A013824E00A0FB82EE83880822023A21E80400BA2FE83E88882022009DA0130040F7E93E404488084027E80400D07DBA0F101141444027049D0040F705DD07111144047442D00900745FD07D80881011804ED00900A0FB741F20224404A013824E00A0FB745F5582880822023A21E80400BA2FE83E66275BB66CF1E5ED9C783189C82BAA127442D00900745FD07D742D77DF7DF7D33B77EEF405EE80D8B163C7FF4E22F290AA049D10740200DD17741F5DCBEDB7DFFEC13BEFBCF3F9679F7D76AF2FF2FEDB431502B279F3E627529CA42A4127049D0040F7E93EDD4757930A77F9A64D9BEE8BA1F898F32DA63DE2737F8880804E083A0180EE0BBA0F0000000000000000000000000000000000000000000000000000000000000000000000000000000000000000000000304BF8FF01C0E047E3844DC9160000000049454E44AE426082'), '1');

-- ----------------------------
-- Table structure for ACT_GE_PROPERTY
-- ----------------------------
DROP TABLE "ACT_GE_PROPERTY";
CREATE TABLE "ACT_GE_PROPERTY" (
  "NAME_" NVARCHAR2(64) VISIBLE NOT NULL,
  "VALUE_" NVARCHAR2(300) VISIBLE,
  "REV_" NUMBER VISIBLE
)
LOGGING
NOCOMPRESS
PCTFREE 10
INITRANS 1
STORAGE (
  INITIAL 65536 
  NEXT 1048576 
  MINEXTENTS 1
  MAXEXTENTS 2147483645
  BUFFER_POOL DEFAULT
)
PARALLEL 1
NOCACHE
DISABLE ROW MOVEMENT
;

-- ----------------------------
-- Records of ACT_GE_PROPERTY
-- ----------------------------
INSERT INTO "ACT_GE_PROPERTY" VALUES ('schema.version', '5.23.0.0', '1');
INSERT INTO "ACT_GE_PROPERTY" VALUES ('schema.history', 'create(5.23.0.0)', '1');
INSERT INTO "ACT_GE_PROPERTY" VALUES ('next.dbid', '2501', '2');

-- ----------------------------
-- Table structure for ACT_HI_ACTINST
-- ----------------------------
DROP TABLE "ACT_HI_ACTINST";
CREATE TABLE "ACT_HI_ACTINST" (
  "ID_" NVARCHAR2(64) VISIBLE NOT NULL,
  "PROC_DEF_ID_" NVARCHAR2(64) VISIBLE NOT NULL,
  "PROC_INST_ID_" NVARCHAR2(64) VISIBLE NOT NULL,
  "EXECUTION_ID_" NVARCHAR2(64) VISIBLE NOT NULL,
  "ACT_ID_" NVARCHAR2(255) VISIBLE NOT NULL,
  "TASK_ID_" NVARCHAR2(64) VISIBLE,
  "CALL_PROC_INST_ID_" NVARCHAR2(64) VISIBLE,
  "ACT_NAME_" NVARCHAR2(255) VISIBLE,
  "ACT_TYPE_" NVARCHAR2(255) VISIBLE NOT NULL,
  "ASSIGNEE_" NVARCHAR2(255) VISIBLE,
  "START_TIME_" TIMESTAMP(6) VISIBLE NOT NULL,
  "END_TIME_" TIMESTAMP(6) VISIBLE,
  "DURATION_" NUMBER(19,0) VISIBLE,
  "TENANT_ID_" NVARCHAR2(255) VISIBLE DEFAULT ''
)
LOGGING
NOCOMPRESS
PCTFREE 10
INITRANS 1
STORAGE (
  INITIAL 65536 
  NEXT 1048576 
  MINEXTENTS 1
  MAXEXTENTS 2147483645
  BUFFER_POOL DEFAULT
)
PARALLEL 1
NOCACHE
DISABLE ROW MOVEMENT
;

-- ----------------------------
-- Records of ACT_HI_ACTINST
-- ----------------------------
INSERT INTO "ACT_HI_ACTINST" VALUES ('12', 'leave:1:7', '8', '8', 'start', NULL, NULL, '', 'startEvent', NULL, TO_TIMESTAMP('2022-11-13 18:29:51.219000', 'SYYYY-MM-DD HH24:MI:SS:FF6'), TO_TIMESTAMP('2022-11-13 18:29:51.240000', 'SYYYY-MM-DD HH24:MI:SS:FF6'), '21', NULL);
INSERT INTO "ACT_HI_ACTINST" VALUES ('15', 'leave:1:7', '8', '8', 'deptAudit', '16', NULL, '', 'userTask', 'system', TO_TIMESTAMP('2022-11-13 18:29:51.241000', 'SYYYY-MM-DD HH24:MI:SS:FF6'), TO_TIMESTAMP('2022-11-13 18:30:08.544000', 'SYYYY-MM-DD HH24:MI:SS:FF6'), '17303', NULL);
INSERT INTO "ACT_HI_ACTINST" VALUES ('40', 'leave:1:7', '8', '8', 'sid-75333AAF-8574-4362-A18C-CD01E4184B92', NULL, NULL, NULL, 'exclusiveGateway', NULL, TO_TIMESTAMP('2022-11-13 18:31:54.780000', 'SYYYY-MM-DD HH24:MI:SS:FF6'), TO_TIMESTAMP('2022-11-13 18:31:54.781000', 'SYYYY-MM-DD HH24:MI:SS:FF6'), '1', NULL);
INSERT INTO "ACT_HI_ACTINST" VALUES ('41', 'leave:1:7', '8', '8', 'xiaojia', '42', NULL, '', 'userTask', 'system', TO_TIMESTAMP('2022-11-13 18:31:54.781000', 'SYYYY-MM-DD HH24:MI:SS:FF6'), TO_TIMESTAMP('2022-11-13 18:32:11.966000', 'SYYYY-MM-DD HH24:MI:SS:FF6'), '17185', NULL);
INSERT INTO "ACT_HI_ACTINST" VALUES ('23', 'leave:1:7', '8', '8', 'sid-19606044-06A3-436D-8028-BB36C8A6588D', NULL, NULL, NULL, 'exclusiveGateway', NULL, TO_TIMESTAMP('2022-11-13 18:30:08.544000', 'SYYYY-MM-DD HH24:MI:SS:FF6'), TO_TIMESTAMP('2022-11-13 18:30:08.558000', 'SYYYY-MM-DD HH24:MI:SS:FF6'), '14', NULL);
INSERT INTO "ACT_HI_ACTINST" VALUES ('24', 'leave:1:7', '8', '8', 'HRAudit', '25', NULL, 'HR', 'userTask', 'dlsdys', TO_TIMESTAMP('2022-11-13 18:30:08.558000', 'SYYYY-MM-DD HH24:MI:SS:FF6'), TO_TIMESTAMP('2022-11-13 18:31:07.944000', 'SYYYY-MM-DD HH24:MI:SS:FF6'), '59386', NULL);
INSERT INTO "ACT_HI_ACTINST" VALUES ('32', 'leave:1:7', '8', '8', 'sid-D89B7045-7231-42CF-90D0-B45B818DCDA5', NULL, NULL, NULL, 'exclusiveGateway', NULL, TO_TIMESTAMP('2022-11-13 18:31:07.944000', 'SYYYY-MM-DD HH24:MI:SS:FF6'), TO_TIMESTAMP('2022-11-13 18:31:07.944000', 'SYYYY-MM-DD HH24:MI:SS:FF6'), '0', NULL);
INSERT INTO "ACT_HI_ACTINST" VALUES ('33', 'leave:1:7', '8', '8', 'sid-41680B3C-086D-4F6D-92B0-BD04E9A9E2B8', NULL, NULL, NULL, 'exclusiveGateway', NULL, TO_TIMESTAMP('2022-11-13 18:31:07.944000', 'SYYYY-MM-DD HH24:MI:SS:FF6'), TO_TIMESTAMP('2022-11-13 18:31:07.949000', 'SYYYY-MM-DD HH24:MI:SS:FF6'), '5', NULL);
INSERT INTO "ACT_HI_ACTINST" VALUES ('34', 'leave:1:7', '8', '8', 'ceoAudit', '35', NULL, '', 'userTask', 'ylsnq', TO_TIMESTAMP('2022-11-13 18:31:07.949000', 'SYYYY-MM-DD HH24:MI:SS:FF6'), TO_TIMESTAMP('2022-11-13 18:31:54.780000', 'SYYYY-MM-DD HH24:MI:SS:FF6'), '46831', NULL);
INSERT INTO "ACT_HI_ACTINST" VALUES ('45', 'leave:1:7', '8', '8', 'end', NULL, NULL, '', 'endEvent', NULL, TO_TIMESTAMP('2022-11-13 18:32:11.966000', 'SYYYY-MM-DD HH24:MI:SS:FF6'), TO_TIMESTAMP('2022-11-13 18:32:11.966000', 'SYYYY-MM-DD HH24:MI:SS:FF6'), '0', NULL);
INSERT INTO "ACT_HI_ACTINST" VALUES ('50', 'leave:1:7', '46', '46', 'start', NULL, NULL, '', 'startEvent', NULL, TO_TIMESTAMP('2022-11-13 18:32:42.841000', 'SYYYY-MM-DD HH24:MI:SS:FF6'), TO_TIMESTAMP('2022-11-13 18:32:42.843000', 'SYYYY-MM-DD HH24:MI:SS:FF6'), '2', NULL);
INSERT INTO "ACT_HI_ACTINST" VALUES ('53', 'leave:1:7', '46', '46', 'deptAudit', '54', NULL, '', 'userTask', 'system', TO_TIMESTAMP('2022-11-13 18:32:42.843000', 'SYYYY-MM-DD HH24:MI:SS:FF6'), NULL, NULL, NULL);

-- ----------------------------
-- Table structure for ACT_HI_ATTACHMENT
-- ----------------------------
DROP TABLE "ACT_HI_ATTACHMENT";
CREATE TABLE "ACT_HI_ATTACHMENT" (
  "ID_" NVARCHAR2(64) VISIBLE NOT NULL,
  "REV_" NUMBER VISIBLE,
  "USER_ID_" NVARCHAR2(255) VISIBLE,
  "NAME_" NVARCHAR2(255) VISIBLE,
  "DESCRIPTION_" NVARCHAR2(2000) VISIBLE,
  "TYPE_" NVARCHAR2(255) VISIBLE,
  "TASK_ID_" NVARCHAR2(64) VISIBLE,
  "PROC_INST_ID_" NVARCHAR2(64) VISIBLE,
  "URL_" NVARCHAR2(2000) VISIBLE,
  "CONTENT_ID_" NVARCHAR2(64) VISIBLE,
  "TIME_" TIMESTAMP(6) VISIBLE
)
LOGGING
NOCOMPRESS
PCTFREE 10
INITRANS 1
STORAGE (
  BUFFER_POOL DEFAULT
)
PARALLEL 1
NOCACHE
DISABLE ROW MOVEMENT
;

-- ----------------------------
-- Records of ACT_HI_ATTACHMENT
-- ----------------------------

-- ----------------------------
-- Table structure for ACT_HI_COMMENT
-- ----------------------------
DROP TABLE "ACT_HI_COMMENT";
CREATE TABLE "ACT_HI_COMMENT" (
  "ID_" NVARCHAR2(64) VISIBLE NOT NULL,
  "TYPE_" NVARCHAR2(255) VISIBLE,
  "TIME_" TIMESTAMP(6) VISIBLE NOT NULL,
  "USER_ID_" NVARCHAR2(255) VISIBLE,
  "TASK_ID_" NVARCHAR2(64) VISIBLE,
  "PROC_INST_ID_" NVARCHAR2(64) VISIBLE,
  "ACTION_" NVARCHAR2(255) VISIBLE,
  "MESSAGE_" NVARCHAR2(2000) VISIBLE,
  "FULL_MSG_" BLOB VISIBLE
)
LOGGING
NOCOMPRESS
PCTFREE 10
INITRANS 1
STORAGE (
  INITIAL 65536 
  NEXT 1048576 
  MINEXTENTS 1
  MAXEXTENTS 2147483645
  BUFFER_POOL DEFAULT
)
PARALLEL 1
NOCACHE
DISABLE ROW MOVEMENT
;

-- ----------------------------
-- Records of ACT_HI_COMMENT
-- ----------------------------
INSERT INTO "ACT_HI_COMMENT" VALUES ('38', 'comment', TO_TIMESTAMP('2022-11-13 18:31:54.566000', 'SYYYY-MM-DD HH24:MI:SS:FF6'), NULL, '35', '8', 'AddComment', '[] ', HEXTORAW('5BE5908CE6848F5D20E5908CE6848F'));
INSERT INTO "ACT_HI_COMMENT" VALUES ('20', 'comment', TO_TIMESTAMP('2022-11-13 18:30:08.295000', 'SYYYY-MM-DD HH24:MI:SS:FF6'), NULL, '16', '8', 'AddComment', '[] ', HEXTORAW('5BE5908CE6848F5D20E5908CE6848F'));
INSERT INTO "ACT_HI_COMMENT" VALUES ('28', 'comment', TO_TIMESTAMP('2022-11-13 18:31:07.700000', 'SYYYY-MM-DD HH24:MI:SS:FF6'), NULL, '25', '8', 'AddComment', '[] ', HEXTORAW('5BE5908CE6848F5D20E5908CE6848F'));
INSERT INTO "ACT_HI_COMMENT" VALUES ('43', 'comment', TO_TIMESTAMP('2022-11-13 18:32:11.888000', 'SYYYY-MM-DD HH24:MI:SS:FF6'), NULL, '42', '8', 'AddComment', '[]', HEXTORAW('5BE5908CE6848F5D'));

-- ----------------------------
-- Table structure for ACT_HI_DETAIL
-- ----------------------------
DROP TABLE "ACT_HI_DETAIL";
CREATE TABLE "ACT_HI_DETAIL" (
  "ID_" NVARCHAR2(64) VISIBLE NOT NULL,
  "TYPE_" NVARCHAR2(255) VISIBLE NOT NULL,
  "PROC_INST_ID_" NVARCHAR2(64) VISIBLE,
  "EXECUTION_ID_" NVARCHAR2(64) VISIBLE,
  "TASK_ID_" NVARCHAR2(64) VISIBLE,
  "ACT_INST_ID_" NVARCHAR2(64) VISIBLE,
  "NAME_" NVARCHAR2(255) VISIBLE NOT NULL,
  "VAR_TYPE_" NVARCHAR2(64) VISIBLE,
  "REV_" NUMBER VISIBLE,
  "TIME_" TIMESTAMP(6) VISIBLE NOT NULL,
  "BYTEARRAY_ID_" NVARCHAR2(64) VISIBLE,
  "DOUBLE_" NUMBER VISIBLE,
  "LONG_" NUMBER(19,0) VISIBLE,
  "TEXT_" NVARCHAR2(2000) VISIBLE,
  "TEXT2_" NVARCHAR2(2000) VISIBLE
)
LOGGING
NOCOMPRESS
PCTFREE 10
INITRANS 1
STORAGE (
  INITIAL 65536 
  NEXT 1048576 
  MINEXTENTS 1
  MAXEXTENTS 2147483645
  BUFFER_POOL DEFAULT
)
PARALLEL 1
NOCACHE
DISABLE ROW MOVEMENT
;

-- ----------------------------
-- Records of ACT_HI_DETAIL
-- ----------------------------
INSERT INTO "ACT_HI_DETAIL" VALUES ('10', 'VariableUpdate', '8', '8', NULL, NULL, 'apply', 'string', '0', TO_TIMESTAMP('2022-11-13 18:29:51.201000', 'SYYYY-MM-DD HH24:MI:SS:FF6'), NULL, NULL, NULL, 'system', NULL);
INSERT INTO "ACT_HI_DETAIL" VALUES ('14', 'VariableUpdate', '8', '8', NULL, '12', 'title', 'string', '0', TO_TIMESTAMP('2022-11-13 18:29:51.219000', 'SYYYY-MM-DD HH24:MI:SS:FF6'), NULL, NULL, NULL, '', NULL);
INSERT INTO "ACT_HI_DETAIL" VALUES ('39', 'VariableUpdate', '8', '8', NULL, '34', 'flag', 'string', '1', TO_TIMESTAMP('2022-11-13 18:31:54.640000', 'SYYYY-MM-DD HH24:MI:SS:FF6'), NULL, NULL, NULL, '1', NULL);
INSERT INTO "ACT_HI_DETAIL" VALUES ('22', 'VariableUpdate', '8', '8', NULL, '15', 'flag', 'string', '0', TO_TIMESTAMP('2022-11-13 18:30:08.439000', 'SYYYY-MM-DD HH24:MI:SS:FF6'), NULL, NULL, NULL, '1', NULL);
INSERT INTO "ACT_HI_DETAIL" VALUES ('29', 'VariableUpdate', '8', '8', NULL, '24', 'flag', 'string', '1', TO_TIMESTAMP('2022-11-13 18:31:07.786000', 'SYYYY-MM-DD HH24:MI:SS:FF6'), NULL, NULL, NULL, '1', NULL);
INSERT INTO "ACT_HI_DETAIL" VALUES ('31', 'VariableUpdate', '8', '8', NULL, '24', 'day', 'long', '0', TO_TIMESTAMP('2022-11-13 18:31:07.857000', 'SYYYY-MM-DD HH24:MI:SS:FF6'), NULL, NULL, '4', '4', NULL);
INSERT INTO "ACT_HI_DETAIL" VALUES ('44', 'VariableUpdate', '8', '8', NULL, '41', 'flag', 'string', '1', TO_TIMESTAMP('2022-11-13 18:32:11.897000', 'SYYYY-MM-DD HH24:MI:SS:FF6'), NULL, NULL, NULL, '1', NULL);
INSERT INTO "ACT_HI_DETAIL" VALUES ('48', 'VariableUpdate', '46', '46', NULL, NULL, 'apply', 'string', '0', TO_TIMESTAMP('2022-11-13 18:32:42.833000', 'SYYYY-MM-DD HH24:MI:SS:FF6'), NULL, NULL, NULL, 'system', NULL);
INSERT INTO "ACT_HI_DETAIL" VALUES ('52', 'VariableUpdate', '46', '46', NULL, '50', 'title', 'string', '0', TO_TIMESTAMP('2022-11-13 18:32:42.841000', 'SYYYY-MM-DD HH24:MI:SS:FF6'), NULL, NULL, NULL, '', NULL);

-- ----------------------------
-- Table structure for ACT_HI_IDENTITYLINK
-- ----------------------------
DROP TABLE "ACT_HI_IDENTITYLINK";
CREATE TABLE "ACT_HI_IDENTITYLINK" (
  "ID_" NVARCHAR2(64) VISIBLE NOT NULL,
  "GROUP_ID_" NVARCHAR2(255) VISIBLE,
  "TYPE_" NVARCHAR2(255) VISIBLE,
  "USER_ID_" NVARCHAR2(255) VISIBLE,
  "TASK_ID_" NVARCHAR2(64) VISIBLE,
  "PROC_INST_ID_" NVARCHAR2(64) VISIBLE
)
LOGGING
NOCOMPRESS
PCTFREE 10
INITRANS 1
STORAGE (
  INITIAL 65536 
  NEXT 1048576 
  MINEXTENTS 1
  MAXEXTENTS 2147483645
  BUFFER_POOL DEFAULT
)
PARALLEL 1
NOCACHE
DISABLE ROW MOVEMENT
;

-- ----------------------------
-- Records of ACT_HI_IDENTITYLINK
-- ----------------------------
INSERT INTO "ACT_HI_IDENTITYLINK" VALUES ('11', NULL, 'starter', 'system', NULL, '8');
INSERT INTO "ACT_HI_IDENTITYLINK" VALUES ('17', 'deptAdmin', 'candidate', NULL, '16', NULL);
INSERT INTO "ACT_HI_IDENTITYLINK" VALUES ('18', NULL, 'candidate', 'admin', '16', NULL);
INSERT INTO "ACT_HI_IDENTITYLINK" VALUES ('19', NULL, 'participant', 'admin', NULL, '8');
INSERT INTO "ACT_HI_IDENTITYLINK" VALUES ('37', NULL, 'participant', 'ylsnq', NULL, '8');
INSERT INTO "ACT_HI_IDENTITYLINK" VALUES ('26', 'hr', 'candidate', NULL, '25', NULL);
INSERT INTO "ACT_HI_IDENTITYLINK" VALUES ('27', NULL, 'participant', 'dlsdys', NULL, '8');
INSERT INTO "ACT_HI_IDENTITYLINK" VALUES ('36', 'ceo', 'candidate', NULL, '35', NULL);
INSERT INTO "ACT_HI_IDENTITYLINK" VALUES ('49', NULL, 'starter', 'system', NULL, '46');
INSERT INTO "ACT_HI_IDENTITYLINK" VALUES ('55', 'deptAdmin', 'candidate', NULL, '54', NULL);
INSERT INTO "ACT_HI_IDENTITYLINK" VALUES ('56', NULL, 'candidate', 'admin', '54', NULL);
INSERT INTO "ACT_HI_IDENTITYLINK" VALUES ('57', NULL, 'participant', 'admin', NULL, '46');

-- ----------------------------
-- Table structure for ACT_HI_PROCINST
-- ----------------------------
DROP TABLE "ACT_HI_PROCINST";
CREATE TABLE "ACT_HI_PROCINST" (
  "ID_" NVARCHAR2(64) VISIBLE NOT NULL,
  "PROC_INST_ID_" NVARCHAR2(64) VISIBLE NOT NULL,
  "BUSINESS_KEY_" NVARCHAR2(255) VISIBLE,
  "PROC_DEF_ID_" NVARCHAR2(64) VISIBLE NOT NULL,
  "START_TIME_" TIMESTAMP(6) VISIBLE NOT NULL,
  "END_TIME_" TIMESTAMP(6) VISIBLE,
  "DURATION_" NUMBER(19,0) VISIBLE,
  "START_USER_ID_" NVARCHAR2(255) VISIBLE,
  "START_ACT_ID_" NVARCHAR2(255) VISIBLE,
  "END_ACT_ID_" NVARCHAR2(255) VISIBLE,
  "SUPER_PROCESS_INSTANCE_ID_" NVARCHAR2(64) VISIBLE,
  "DELETE_REASON_" NVARCHAR2(2000) VISIBLE,
  "TENANT_ID_" NVARCHAR2(255) VISIBLE DEFAULT '',
  "NAME_" NVARCHAR2(255) VISIBLE
)
LOGGING
NOCOMPRESS
PCTFREE 10
INITRANS 1
STORAGE (
  INITIAL 65536 
  NEXT 1048576 
  MINEXTENTS 1
  MAXEXTENTS 2147483645
  BUFFER_POOL DEFAULT
)
PARALLEL 1
NOCACHE
DISABLE ROW MOVEMENT
;

-- ----------------------------
-- Records of ACT_HI_PROCINST
-- ----------------------------
INSERT INTO "ACT_HI_PROCINST" VALUES ('8', '8', 'oa_leave:b6295963d2be49da95d74a0f46171c61', 'leave:1:7', TO_TIMESTAMP('2022-11-13 18:29:51.219000', 'SYYYY-MM-DD HH24:MI:SS:FF6'), TO_TIMESTAMP('2022-11-13 18:32:11.983000', 'SYYYY-MM-DD HH24:MI:SS:FF6'), '140764', 'system', 'start', 'end', NULL, NULL, NULL, NULL);
INSERT INTO "ACT_HI_PROCINST" VALUES ('46', '46', 'oa_leave:17522db8db5b4f70a99ee72e25c254a5', 'leave:1:7', TO_TIMESTAMP('2022-11-13 18:32:42.841000', 'SYYYY-MM-DD HH24:MI:SS:FF6'), NULL, NULL, 'system', 'start', NULL, NULL, NULL, NULL, NULL);

-- ----------------------------
-- Table structure for ACT_HI_TASKINST
-- ----------------------------
DROP TABLE "ACT_HI_TASKINST";
CREATE TABLE "ACT_HI_TASKINST" (
  "ID_" NVARCHAR2(64) VISIBLE NOT NULL,
  "PROC_DEF_ID_" NVARCHAR2(64) VISIBLE,
  "TASK_DEF_KEY_" NVARCHAR2(255) VISIBLE,
  "PROC_INST_ID_" NVARCHAR2(64) VISIBLE,
  "EXECUTION_ID_" NVARCHAR2(64) VISIBLE,
  "PARENT_TASK_ID_" NVARCHAR2(64) VISIBLE,
  "NAME_" NVARCHAR2(255) VISIBLE,
  "DESCRIPTION_" NVARCHAR2(2000) VISIBLE,
  "OWNER_" NVARCHAR2(255) VISIBLE,
  "ASSIGNEE_" NVARCHAR2(255) VISIBLE,
  "START_TIME_" TIMESTAMP(6) VISIBLE NOT NULL,
  "CLAIM_TIME_" TIMESTAMP(6) VISIBLE,
  "END_TIME_" TIMESTAMP(6) VISIBLE,
  "DURATION_" NUMBER(19,0) VISIBLE,
  "DELETE_REASON_" NVARCHAR2(2000) VISIBLE,
  "PRIORITY_" NUMBER VISIBLE,
  "DUE_DATE_" TIMESTAMP(6) VISIBLE,
  "FORM_KEY_" NVARCHAR2(255) VISIBLE,
  "CATEGORY_" NVARCHAR2(255) VISIBLE,
  "TENANT_ID_" NVARCHAR2(255) VISIBLE DEFAULT ''
)
LOGGING
NOCOMPRESS
PCTFREE 10
INITRANS 1
STORAGE (
  INITIAL 65536 
  NEXT 1048576 
  MINEXTENTS 1
  MAXEXTENTS 2147483645
  BUFFER_POOL DEFAULT
)
PARALLEL 1
NOCACHE
DISABLE ROW MOVEMENT
;

-- ----------------------------
-- Records of ACT_HI_TASKINST
-- ----------------------------
INSERT INTO "ACT_HI_TASKINST" VALUES ('16', 'leave:1:7', 'deptAudit', '8', '8', NULL, '', NULL, NULL, 'system', TO_TIMESTAMP('2022-11-13 18:29:51.246000', 'SYYYY-MM-DD HH24:MI:SS:FF6'), NULL, TO_TIMESTAMP('2022-11-13 18:30:08.535000', 'SYYYY-MM-DD HH24:MI:SS:FF6'), '17289', 'completed', '50', NULL, NULL, NULL, NULL);
INSERT INTO "ACT_HI_TASKINST" VALUES ('42', 'leave:1:7', 'xiaojia', '8', '8', NULL, '', NULL, NULL, 'system', TO_TIMESTAMP('2022-11-13 18:31:54.781000', 'SYYYY-MM-DD HH24:MI:SS:FF6'), NULL, TO_TIMESTAMP('2022-11-13 18:32:11.961000', 'SYYYY-MM-DD HH24:MI:SS:FF6'), '17180', 'completed', '50', NULL, NULL, NULL, NULL);
INSERT INTO "ACT_HI_TASKINST" VALUES ('25', 'leave:1:7', 'HRAudit', '8', '8', NULL, 'HR', NULL, NULL, 'dlsdys', TO_TIMESTAMP('2022-11-13 18:30:08.558000', 'SYYYY-MM-DD HH24:MI:SS:FF6'), TO_TIMESTAMP('2022-11-13 18:30:52.349000', 'SYYYY-MM-DD HH24:MI:SS:FF6'), TO_TIMESTAMP('2022-11-13 18:31:07.926000', 'SYYYY-MM-DD HH24:MI:SS:FF6'), '59368', 'completed', '50', NULL, NULL, NULL, NULL);
INSERT INTO "ACT_HI_TASKINST" VALUES ('35', 'leave:1:7', 'ceoAudit', '8', '8', NULL, '', NULL, NULL, 'ylsnq', TO_TIMESTAMP('2022-11-13 18:31:07.949000', 'SYYYY-MM-DD HH24:MI:SS:FF6'), TO_TIMESTAMP('2022-11-13 18:31:48.831000', 'SYYYY-MM-DD HH24:MI:SS:FF6'), TO_TIMESTAMP('2022-11-13 18:31:54.749000', 'SYYYY-MM-DD HH24:MI:SS:FF6'), '46800', 'completed', '50', NULL, NULL, NULL, NULL);
INSERT INTO "ACT_HI_TASKINST" VALUES ('54', 'leave:1:7', 'deptAudit', '46', '46', NULL, '', NULL, NULL, 'system', TO_TIMESTAMP('2022-11-13 18:32:42.845000', 'SYYYY-MM-DD HH24:MI:SS:FF6'), NULL, NULL, NULL, NULL, '50', NULL, NULL, NULL, NULL);

-- ----------------------------
-- Table structure for ACT_HI_VARINST
-- ----------------------------
DROP TABLE "ACT_HI_VARINST";
CREATE TABLE "ACT_HI_VARINST" (
  "ID_" NVARCHAR2(64) VISIBLE NOT NULL,
  "PROC_INST_ID_" NVARCHAR2(64) VISIBLE,
  "EXECUTION_ID_" NVARCHAR2(64) VISIBLE,
  "TASK_ID_" NVARCHAR2(64) VISIBLE,
  "NAME_" NVARCHAR2(255) VISIBLE NOT NULL,
  "VAR_TYPE_" NVARCHAR2(100) VISIBLE,
  "REV_" NUMBER VISIBLE,
  "BYTEARRAY_ID_" NVARCHAR2(64) VISIBLE,
  "DOUBLE_" NUMBER VISIBLE,
  "LONG_" NUMBER(19,0) VISIBLE,
  "TEXT_" NVARCHAR2(2000) VISIBLE,
  "TEXT2_" NVARCHAR2(2000) VISIBLE,
  "CREATE_TIME_" TIMESTAMP(6) VISIBLE,
  "LAST_UPDATED_TIME_" TIMESTAMP(6) VISIBLE
)
LOGGING
NOCOMPRESS
PCTFREE 10
INITRANS 1
STORAGE (
  INITIAL 65536 
  NEXT 1048576 
  MINEXTENTS 1
  MAXEXTENTS 2147483645
  BUFFER_POOL DEFAULT
)
PARALLEL 1
NOCACHE
DISABLE ROW MOVEMENT
;

-- ----------------------------
-- Records of ACT_HI_VARINST
-- ----------------------------
INSERT INTO "ACT_HI_VARINST" VALUES ('9', '8', '8', NULL, 'apply', 'string', '1', NULL, NULL, NULL, 'system', NULL, TO_TIMESTAMP('2022-11-13 18:29:51.201000', 'SYYYY-MM-DD HH24:MI:SS:FF6'), TO_TIMESTAMP('2022-11-13 18:32:12.015000', 'SYYYY-MM-DD HH24:MI:SS:FF6'));
INSERT INTO "ACT_HI_VARINST" VALUES ('13', '8', '8', NULL, 'title', 'string', '1', NULL, NULL, NULL, '', NULL, TO_TIMESTAMP('2022-11-13 18:29:51.219000', 'SYYYY-MM-DD HH24:MI:SS:FF6'), TO_TIMESTAMP('2022-11-13 18:32:12.015000', 'SYYYY-MM-DD HH24:MI:SS:FF6'));
INSERT INTO "ACT_HI_VARINST" VALUES ('21', '8', '8', NULL, 'flag', 'string', '3', NULL, NULL, NULL, '1', NULL, TO_TIMESTAMP('2022-11-13 18:30:08.438000', 'SYYYY-MM-DD HH24:MI:SS:FF6'), TO_TIMESTAMP('2022-11-13 18:32:12.015000', 'SYYYY-MM-DD HH24:MI:SS:FF6'));
INSERT INTO "ACT_HI_VARINST" VALUES ('30', '8', '8', NULL, 'day', 'long', '1', NULL, NULL, '4', '4', NULL, TO_TIMESTAMP('2022-11-13 18:31:07.857000', 'SYYYY-MM-DD HH24:MI:SS:FF6'), TO_TIMESTAMP('2022-11-13 18:32:12.015000', 'SYYYY-MM-DD HH24:MI:SS:FF6'));
INSERT INTO "ACT_HI_VARINST" VALUES ('47', '46', '46', NULL, 'apply', 'string', '0', NULL, NULL, NULL, 'system', NULL, TO_TIMESTAMP('2022-11-13 18:32:42.833000', 'SYYYY-MM-DD HH24:MI:SS:FF6'), TO_TIMESTAMP('2022-11-13 18:32:42.833000', 'SYYYY-MM-DD HH24:MI:SS:FF6'));
INSERT INTO "ACT_HI_VARINST" VALUES ('51', '46', '46', NULL, 'title', 'string', '0', NULL, NULL, NULL, '', NULL, TO_TIMESTAMP('2022-11-13 18:32:42.841000', 'SYYYY-MM-DD HH24:MI:SS:FF6'), TO_TIMESTAMP('2022-11-13 18:32:42.841000', 'SYYYY-MM-DD HH24:MI:SS:FF6'));

-- ----------------------------
-- Table structure for ACT_ID_GROUP
-- ----------------------------
DROP TABLE "ACT_ID_GROUP";
CREATE TABLE "ACT_ID_GROUP" (
  "ID_" NVARCHAR2(64) VISIBLE NOT NULL,
  "REV_" NUMBER VISIBLE,
  "NAME_" NVARCHAR2(255) VISIBLE,
  "TYPE_" NVARCHAR2(255) VISIBLE
)
LOGGING
NOCOMPRESS
PCTFREE 10
INITRANS 1
STORAGE (
  BUFFER_POOL DEFAULT
)
PARALLEL 1
NOCACHE
DISABLE ROW MOVEMENT
;

-- ----------------------------
-- Records of ACT_ID_GROUP
-- ----------------------------

-- ----------------------------
-- Table structure for ACT_ID_INFO
-- ----------------------------
DROP TABLE "ACT_ID_INFO";
CREATE TABLE "ACT_ID_INFO" (
  "ID_" NVARCHAR2(64) VISIBLE NOT NULL,
  "REV_" NUMBER VISIBLE,
  "USER_ID_" NVARCHAR2(64) VISIBLE,
  "TYPE_" NVARCHAR2(64) VISIBLE,
  "KEY_" NVARCHAR2(255) VISIBLE,
  "VALUE_" NVARCHAR2(255) VISIBLE,
  "PASSWORD_" BLOB VISIBLE,
  "PARENT_ID_" NVARCHAR2(255) VISIBLE
)
LOGGING
NOCOMPRESS
PCTFREE 10
INITRANS 1
STORAGE (
  BUFFER_POOL DEFAULT
)
PARALLEL 1
NOCACHE
DISABLE ROW MOVEMENT
;

-- ----------------------------
-- Records of ACT_ID_INFO
-- ----------------------------

-- ----------------------------
-- Table structure for ACT_ID_MEMBERSHIP
-- ----------------------------
DROP TABLE "ACT_ID_MEMBERSHIP";
CREATE TABLE "ACT_ID_MEMBERSHIP" (
  "USER_ID_" NVARCHAR2(64) VISIBLE NOT NULL,
  "GROUP_ID_" NVARCHAR2(64) VISIBLE NOT NULL
)
LOGGING
NOCOMPRESS
PCTFREE 10
INITRANS 1
STORAGE (
  BUFFER_POOL DEFAULT
)
PARALLEL 1
NOCACHE
DISABLE ROW MOVEMENT
;

-- ----------------------------
-- Records of ACT_ID_MEMBERSHIP
-- ----------------------------

-- ----------------------------
-- Table structure for ACT_ID_USER
-- ----------------------------
DROP TABLE "ACT_ID_USER";
CREATE TABLE "ACT_ID_USER" (
  "ID_" NVARCHAR2(64) VISIBLE NOT NULL,
  "REV_" NUMBER VISIBLE,
  "FIRST_" NVARCHAR2(255) VISIBLE,
  "LAST_" NVARCHAR2(255) VISIBLE,
  "EMAIL_" NVARCHAR2(255) VISIBLE,
  "PWD_" NVARCHAR2(255) VISIBLE,
  "PICTURE_ID_" NVARCHAR2(64) VISIBLE
)
LOGGING
NOCOMPRESS
PCTFREE 10
INITRANS 1
STORAGE (
  BUFFER_POOL DEFAULT
)
PARALLEL 1
NOCACHE
DISABLE ROW MOVEMENT
;

-- ----------------------------
-- Records of ACT_ID_USER
-- ----------------------------

-- ----------------------------
-- Table structure for ACT_PROCDEF_INFO
-- ----------------------------
DROP TABLE "ACT_PROCDEF_INFO";
CREATE TABLE "ACT_PROCDEF_INFO" (
  "ID_" NVARCHAR2(64) VISIBLE NOT NULL,
  "PROC_DEF_ID_" NVARCHAR2(64) VISIBLE NOT NULL,
  "REV_" NUMBER VISIBLE,
  "INFO_JSON_ID_" NVARCHAR2(64) VISIBLE
)
LOGGING
NOCOMPRESS
PCTFREE 10
INITRANS 1
STORAGE (
  BUFFER_POOL DEFAULT
)
PARALLEL 1
NOCACHE
DISABLE ROW MOVEMENT
;

-- ----------------------------
-- Records of ACT_PROCDEF_INFO
-- ----------------------------

-- ----------------------------
-- Table structure for ACT_RE_DEPLOYMENT
-- ----------------------------
DROP TABLE "ACT_RE_DEPLOYMENT";
CREATE TABLE "ACT_RE_DEPLOYMENT" (
  "ID_" NVARCHAR2(64) VISIBLE NOT NULL,
  "NAME_" NVARCHAR2(255) VISIBLE,
  "CATEGORY_" NVARCHAR2(255) VISIBLE,
  "TENANT_ID_" NVARCHAR2(255) VISIBLE DEFAULT '',
  "DEPLOY_TIME_" TIMESTAMP(6) VISIBLE
)
LOGGING
NOCOMPRESS
PCTFREE 10
INITRANS 1
STORAGE (
  INITIAL 65536 
  NEXT 1048576 
  MINEXTENTS 1
  MAXEXTENTS 2147483645
  BUFFER_POOL DEFAULT
)
PARALLEL 1
NOCACHE
DISABLE ROW MOVEMENT
;

-- ----------------------------
-- Records of ACT_RE_DEPLOYMENT
-- ----------------------------
INSERT INTO "ACT_RE_DEPLOYMENT" VALUES ('4', '', NULL, NULL, TO_TIMESTAMP('2022-11-13 18:29:09.476000', 'SYYYY-MM-DD HH24:MI:SS:FF6'));

-- ----------------------------
-- Table structure for ACT_RE_MODEL
-- ----------------------------
DROP TABLE "ACT_RE_MODEL";
CREATE TABLE "ACT_RE_MODEL" (
  "ID_" NVARCHAR2(64) VISIBLE NOT NULL,
  "REV_" NUMBER VISIBLE,
  "NAME_" NVARCHAR2(255) VISIBLE,
  "KEY_" NVARCHAR2(255) VISIBLE,
  "CATEGORY_" NVARCHAR2(255) VISIBLE,
  "CREATE_TIME_" TIMESTAMP(6) VISIBLE,
  "LAST_UPDATE_TIME_" TIMESTAMP(6) VISIBLE,
  "VERSION_" NUMBER VISIBLE,
  "META_INFO_" NVARCHAR2(2000) VISIBLE,
  "DEPLOYMENT_ID_" NVARCHAR2(64) VISIBLE,
  "EDITOR_SOURCE_VALUE_ID_" NVARCHAR2(64) VISIBLE,
  "EDITOR_SOURCE_EXTRA_VALUE_ID_" NVARCHAR2(64) VISIBLE,
  "TENANT_ID_" NVARCHAR2(255) VISIBLE DEFAULT ''
)
LOGGING
NOCOMPRESS
PCTFREE 10
INITRANS 1
STORAGE (
  INITIAL 65536 
  NEXT 1048576 
  MINEXTENTS 1
  MAXEXTENTS 2147483645
  BUFFER_POOL DEFAULT
)
PARALLEL 1
NOCACHE
DISABLE ROW MOVEMENT
;

-- ----------------------------
-- Records of ACT_RE_MODEL
-- ----------------------------
INSERT INTO "ACT_RE_MODEL" VALUES ('1', '4', '', 'leave', '1', TO_TIMESTAMP('2022-11-13 18:19:57.417000', 'SYYYY-MM-DD HH24:MI:SS:FF6'), TO_TIMESTAMP('2022-11-13 18:28:59.495000', 'SYYYY-MM-DD HH24:MI:SS:FF6'), '1', '{"name":"","description":"","revision":1}', NULL, '2', '3', NULL);

-- ----------------------------
-- Table structure for ACT_RE_PROCDEF
-- ----------------------------
DROP TABLE "ACT_RE_PROCDEF";
CREATE TABLE "ACT_RE_PROCDEF" (
  "ID_" NVARCHAR2(64) VISIBLE NOT NULL,
  "REV_" NUMBER VISIBLE,
  "CATEGORY_" NVARCHAR2(255) VISIBLE,
  "NAME_" NVARCHAR2(255) VISIBLE,
  "KEY_" NVARCHAR2(255) VISIBLE NOT NULL,
  "VERSION_" NUMBER VISIBLE NOT NULL,
  "DEPLOYMENT_ID_" NVARCHAR2(64) VISIBLE,
  "RESOURCE_NAME_" NVARCHAR2(2000) VISIBLE,
  "DGRM_RESOURCE_NAME_" VARCHAR2(4000 BYTE) VISIBLE,
  "DESCRIPTION_" NVARCHAR2(2000) VISIBLE,
  "HAS_START_FORM_KEY_" NUMBER(1,0) VISIBLE,
  "HAS_GRAPHICAL_NOTATION_" NUMBER(1,0) VISIBLE,
  "SUSPENSION_STATE_" NUMBER VISIBLE,
  "TENANT_ID_" NVARCHAR2(255) VISIBLE DEFAULT ''
)
LOGGING
NOCOMPRESS
PCTFREE 10
INITRANS 1
STORAGE (
  INITIAL 65536 
  NEXT 1048576 
  MINEXTENTS 1
  MAXEXTENTS 2147483645
  BUFFER_POOL DEFAULT
)
PARALLEL 1
NOCACHE
DISABLE ROW MOVEMENT
;

-- ----------------------------
-- Records of ACT_RE_PROCDEF
-- ----------------------------
INSERT INTO "ACT_RE_PROCDEF" VALUES ('leave:1:7', '2', '1', '', 'leave', '1', '4', '.bpmn20.xml', '.leave.png', NULL, '1', '1', '1', NULL);

-- ----------------------------
-- Table structure for ACT_RU_EVENT_SUBSCR
-- ----------------------------
DROP TABLE "ACT_RU_EVENT_SUBSCR";
CREATE TABLE "ACT_RU_EVENT_SUBSCR" (
  "ID_" NVARCHAR2(64) VISIBLE NOT NULL,
  "REV_" NUMBER VISIBLE,
  "EVENT_TYPE_" NVARCHAR2(255) VISIBLE NOT NULL,
  "EVENT_NAME_" NVARCHAR2(255) VISIBLE,
  "EXECUTION_ID_" NVARCHAR2(64) VISIBLE,
  "PROC_INST_ID_" NVARCHAR2(64) VISIBLE,
  "ACTIVITY_ID_" NVARCHAR2(64) VISIBLE,
  "CONFIGURATION_" NVARCHAR2(255) VISIBLE,
  "CREATED_" TIMESTAMP(6) VISIBLE NOT NULL,
  "PROC_DEF_ID_" NVARCHAR2(64) VISIBLE,
  "TENANT_ID_" NVARCHAR2(255) VISIBLE DEFAULT ''
)
LOGGING
NOCOMPRESS
PCTFREE 10
INITRANS 1
STORAGE (
  BUFFER_POOL DEFAULT
)
PARALLEL 1
NOCACHE
DISABLE ROW MOVEMENT
;

-- ----------------------------
-- Records of ACT_RU_EVENT_SUBSCR
-- ----------------------------

-- ----------------------------
-- Table structure for ACT_RU_EXECUTION
-- ----------------------------
DROP TABLE "ACT_RU_EXECUTION";
CREATE TABLE "ACT_RU_EXECUTION" (
  "ID_" NVARCHAR2(64) VISIBLE NOT NULL,
  "REV_" NUMBER VISIBLE,
  "PROC_INST_ID_" NVARCHAR2(64) VISIBLE,
  "BUSINESS_KEY_" NVARCHAR2(255) VISIBLE,
  "PARENT_ID_" NVARCHAR2(64) VISIBLE,
  "PROC_DEF_ID_" NVARCHAR2(64) VISIBLE,
  "SUPER_EXEC_" NVARCHAR2(64) VISIBLE,
  "ACT_ID_" NVARCHAR2(255) VISIBLE,
  "IS_ACTIVE_" NUMBER(1,0) VISIBLE,
  "IS_CONCURRENT_" NUMBER(1,0) VISIBLE,
  "IS_SCOPE_" NUMBER(1,0) VISIBLE,
  "IS_EVENT_SCOPE_" NUMBER(1,0) VISIBLE,
  "SUSPENSION_STATE_" NUMBER VISIBLE,
  "CACHED_ENT_STATE_" NUMBER VISIBLE,
  "TENANT_ID_" NVARCHAR2(255) VISIBLE DEFAULT '',
  "NAME_" NVARCHAR2(255) VISIBLE,
  "LOCK_TIME_" TIMESTAMP(6) VISIBLE
)
LOGGING
NOCOMPRESS
PCTFREE 10
INITRANS 1
STORAGE (
  INITIAL 65536 
  NEXT 1048576 
  MINEXTENTS 1
  MAXEXTENTS 2147483645
  BUFFER_POOL DEFAULT
)
PARALLEL 1
NOCACHE
DISABLE ROW MOVEMENT
;

-- ----------------------------
-- Records of ACT_RU_EXECUTION
-- ----------------------------
INSERT INTO "ACT_RU_EXECUTION" VALUES ('46', '1', '46', 'oa_leave:17522db8db5b4f70a99ee72e25c254a5', NULL, 'leave:1:7', NULL, 'deptAudit', '1', '0', '1', '0', '1', '2', NULL, NULL, NULL);

-- ----------------------------
-- Table structure for ACT_RU_IDENTITYLINK
-- ----------------------------
DROP TABLE "ACT_RU_IDENTITYLINK";
CREATE TABLE "ACT_RU_IDENTITYLINK" (
  "ID_" NVARCHAR2(64) VISIBLE NOT NULL,
  "REV_" NUMBER VISIBLE,
  "GROUP_ID_" NVARCHAR2(255) VISIBLE,
  "TYPE_" NVARCHAR2(255) VISIBLE,
  "USER_ID_" NVARCHAR2(255) VISIBLE,
  "TASK_ID_" NVARCHAR2(64) VISIBLE,
  "PROC_INST_ID_" NVARCHAR2(64) VISIBLE,
  "PROC_DEF_ID_" NVARCHAR2(64) VISIBLE
)
LOGGING
NOCOMPRESS
PCTFREE 10
INITRANS 1
STORAGE (
  INITIAL 65536 
  NEXT 1048576 
  MINEXTENTS 1
  MAXEXTENTS 2147483645
  BUFFER_POOL DEFAULT
)
PARALLEL 1
NOCACHE
DISABLE ROW MOVEMENT
;

-- ----------------------------
-- Records of ACT_RU_IDENTITYLINK
-- ----------------------------
INSERT INTO "ACT_RU_IDENTITYLINK" VALUES ('49', '1', NULL, 'starter', 'system', NULL, '46', NULL);
INSERT INTO "ACT_RU_IDENTITYLINK" VALUES ('55', '1', 'deptAdmin', 'candidate', NULL, '54', NULL, NULL);
INSERT INTO "ACT_RU_IDENTITYLINK" VALUES ('56', '1', NULL, 'candidate', 'admin', '54', NULL, NULL);
INSERT INTO "ACT_RU_IDENTITYLINK" VALUES ('57', '1', NULL, 'participant', 'admin', NULL, '46', NULL);

-- ----------------------------
-- Table structure for ACT_RU_JOB
-- ----------------------------
DROP TABLE "ACT_RU_JOB";
CREATE TABLE "ACT_RU_JOB" (
  "ID_" NVARCHAR2(64) VISIBLE NOT NULL,
  "REV_" NUMBER VISIBLE,
  "TYPE_" NVARCHAR2(255) VISIBLE NOT NULL,
  "LOCK_EXP_TIME_" TIMESTAMP(6) VISIBLE,
  "LOCK_OWNER_" NVARCHAR2(255) VISIBLE,
  "EXCLUSIVE_" NUMBER(1,0) VISIBLE,
  "EXECUTION_ID_" NVARCHAR2(64) VISIBLE,
  "PROCESS_INSTANCE_ID_" NVARCHAR2(64) VISIBLE,
  "PROC_DEF_ID_" NVARCHAR2(64) VISIBLE,
  "RETRIES_" NUMBER VISIBLE,
  "EXCEPTION_STACK_ID_" NVARCHAR2(64) VISIBLE,
  "EXCEPTION_MSG_" NVARCHAR2(2000) VISIBLE,
  "DUEDATE_" TIMESTAMP(6) VISIBLE,
  "REPEAT_" NVARCHAR2(255) VISIBLE,
  "HANDLER_TYPE_" NVARCHAR2(255) VISIBLE,
  "HANDLER_CFG_" NVARCHAR2(2000) VISIBLE,
  "TENANT_ID_" NVARCHAR2(255) VISIBLE DEFAULT ''
)
LOGGING
NOCOMPRESS
PCTFREE 10
INITRANS 1
STORAGE (
  BUFFER_POOL DEFAULT
)
PARALLEL 1
NOCACHE
DISABLE ROW MOVEMENT
;

-- ----------------------------
-- Records of ACT_RU_JOB
-- ----------------------------

-- ----------------------------
-- Table structure for ACT_RU_TASK
-- ----------------------------
DROP TABLE "ACT_RU_TASK";
CREATE TABLE "ACT_RU_TASK" (
  "ID_" NVARCHAR2(64) VISIBLE NOT NULL,
  "REV_" NUMBER VISIBLE,
  "EXECUTION_ID_" NVARCHAR2(64) VISIBLE,
  "PROC_INST_ID_" NVARCHAR2(64) VISIBLE,
  "PROC_DEF_ID_" NVARCHAR2(64) VISIBLE,
  "NAME_" NVARCHAR2(255) VISIBLE,
  "PARENT_TASK_ID_" NVARCHAR2(64) VISIBLE,
  "DESCRIPTION_" NVARCHAR2(2000) VISIBLE,
  "TASK_DEF_KEY_" NVARCHAR2(255) VISIBLE,
  "OWNER_" NVARCHAR2(255) VISIBLE,
  "ASSIGNEE_" NVARCHAR2(255) VISIBLE,
  "DELEGATION_" NVARCHAR2(64) VISIBLE,
  "PRIORITY_" NUMBER VISIBLE,
  "CREATE_TIME_" TIMESTAMP(6) VISIBLE,
  "DUE_DATE_" TIMESTAMP(6) VISIBLE,
  "CATEGORY_" NVARCHAR2(255) VISIBLE,
  "SUSPENSION_STATE_" NUMBER VISIBLE,
  "TENANT_ID_" NVARCHAR2(255) VISIBLE DEFAULT '',
  "FORM_KEY_" NVARCHAR2(255) VISIBLE
)
LOGGING
NOCOMPRESS
PCTFREE 10
INITRANS 1
STORAGE (
  INITIAL 65536 
  NEXT 1048576 
  MINEXTENTS 1
  MAXEXTENTS 2147483645
  BUFFER_POOL DEFAULT
)
PARALLEL 1
NOCACHE
DISABLE ROW MOVEMENT
;

-- ----------------------------
-- Records of ACT_RU_TASK
-- ----------------------------
INSERT INTO "ACT_RU_TASK" VALUES ('54', '1', '46', '46', 'leave:1:7', '', NULL, NULL, 'deptAudit', NULL, 'system', NULL, '50', TO_TIMESTAMP('2022-11-13 18:32:42.843000', 'SYYYY-MM-DD HH24:MI:SS:FF6'), NULL, NULL, '1', NULL, NULL);

-- ----------------------------
-- Table structure for ACT_RU_VARIABLE
-- ----------------------------
DROP TABLE "ACT_RU_VARIABLE";
CREATE TABLE "ACT_RU_VARIABLE" (
  "ID_" NVARCHAR2(64) VISIBLE NOT NULL,
  "REV_" NUMBER VISIBLE,
  "TYPE_" NVARCHAR2(255) VISIBLE NOT NULL,
  "NAME_" NVARCHAR2(255) VISIBLE NOT NULL,
  "EXECUTION_ID_" NVARCHAR2(64) VISIBLE,
  "PROC_INST_ID_" NVARCHAR2(64) VISIBLE,
  "TASK_ID_" NVARCHAR2(64) VISIBLE,
  "BYTEARRAY_ID_" NVARCHAR2(64) VISIBLE,
  "DOUBLE_" NUMBER VISIBLE,
  "LONG_" NUMBER(19,0) VISIBLE,
  "TEXT_" NVARCHAR2(2000) VISIBLE,
  "TEXT2_" NVARCHAR2(2000) VISIBLE
)
LOGGING
NOCOMPRESS
PCTFREE 10
INITRANS 1
STORAGE (
  INITIAL 65536 
  NEXT 1048576 
  MINEXTENTS 1
  MAXEXTENTS 2147483645
  BUFFER_POOL DEFAULT
)
PARALLEL 1
NOCACHE
DISABLE ROW MOVEMENT
;

-- ----------------------------
-- Records of ACT_RU_VARIABLE
-- ----------------------------
INSERT INTO "ACT_RU_VARIABLE" VALUES ('47', '1', 'string', 'apply', '46', '46', NULL, NULL, NULL, NULL, 'system', NULL);
INSERT INTO "ACT_RU_VARIABLE" VALUES ('51', '1', 'string', 'title', '46', '46', NULL, NULL, NULL, NULL, '', NULL);

-- ----------------------------
-- Table structure for CMS_ADVERTISING
-- ----------------------------
DROP TABLE "CMS_ADVERTISING";
CREATE TABLE "CMS_ADVERTISING" (
  "ID" NVARCHAR2(40) VISIBLE NOT NULL,
  "SITE_ID" NVARCHAR2(40) VISIBLE,
  "TITLE" NVARCHAR2(50) VISIBLE,
  "CONTENT" NCLOB VISIBLE,
  "NAME" NVARCHAR2(100) VISIBLE,
  "IMAGE_URL" NVARCHAR2(150) VISIBLE,
  "JUMP_URL" NVARCHAR2(150) VISIBLE,
  "SORT" NUMBER(11,0) VISIBLE,
  "STATUS" NCHAR(1) VISIBLE,
  "CREATE_BY" NVARCHAR2(20) VISIBLE,
  "CREATE_TIME" DATE VISIBLE,
  "UPDATE_BY" NVARCHAR2(20) VISIBLE,
  "UPDATE_TIME" DATE VISIBLE,
  "REMARK" NVARCHAR2(255) VISIBLE
)
LOGGING
NOCOMPRESS
PCTFREE 10
INITRANS 1
STORAGE (
  INITIAL 65536 
  NEXT 1048576 
  MINEXTENTS 1
  MAXEXTENTS 2147483645
  BUFFER_POOL DEFAULT
)
PARALLEL 1
NOCACHE
DISABLE ROW MOVEMENT
;
COMMENT ON COLUMN "CMS_ADVERTISING"."ID" IS 'id';
COMMENT ON COLUMN "CMS_ADVERTISING"."SITE_ID" IS '';
COMMENT ON COLUMN "CMS_ADVERTISING"."TITLE" IS '';
COMMENT ON COLUMN "CMS_ADVERTISING"."CONTENT" IS '';
COMMENT ON COLUMN "CMS_ADVERTISING"."NAME" IS '';
COMMENT ON COLUMN "CMS_ADVERTISING"."IMAGE_URL" IS '';
COMMENT ON COLUMN "CMS_ADVERTISING"."JUMP_URL" IS '';
COMMENT ON COLUMN "CMS_ADVERTISING"."SORT" IS '';
COMMENT ON COLUMN "CMS_ADVERTISING"."STATUS" IS '0.1.';
COMMENT ON COLUMN "CMS_ADVERTISING"."CREATE_BY" IS '';
COMMENT ON COLUMN "CMS_ADVERTISING"."CREATE_TIME" IS '';
COMMENT ON COLUMN "CMS_ADVERTISING"."UPDATE_BY" IS '';
COMMENT ON COLUMN "CMS_ADVERTISING"."UPDATE_TIME" IS '';
COMMENT ON COLUMN "CMS_ADVERTISING"."REMARK" IS '';

-- ----------------------------
-- Records of CMS_ADVERTISING
-- ----------------------------
INSERT INTO "CMS_ADVERTISING" VALUES ('5cfd370fec874805b16fa44879bcc947', '292cba294f8b4a0eba62452aa21b6ef5', '', '', '1609054640101.jpg', '/zhglxt/userfiles/system/images/cms/ADImages/1609054640101.jpg', 'https://www.runoob.com/mysql/mysql-tutorial.html', '20', '0', 'system', TO_DATE('2019-12-16 21:52:44', 'SYYYY-MM-DD HH24:MI:SS'), 'system', TO_DATE('2021-06-25 20:40:13', 'SYYYY-MM-DD HH24:MI:SS'), '001');
INSERT INTO "CMS_ADVERTISING" VALUES ('b925e7b8bfb44452b3a377a0b21629cd', '292cba294f8b4a0eba62452aa21b6ef5', '', '', '1609054640886.jpg', '/zhglxt/userfiles/system/images/cms/ADImages/1609054640886.jpg', 'https://www.w3school.com.cn/', '50', '0', 'system', TO_DATE('2019-12-16 22:27:31', 'SYYYY-MM-DD HH24:MI:SS'), 'system', TO_DATE('2021-06-25 20:40:23', 'SYYYY-MM-DD HH24:MI:SS'), '003');
INSERT INTO "CMS_ADVERTISING" VALUES ('fb1d48c8cf364e18811ed9b43522ac13', '292cba294f8b4a0eba62452aa21b6ef5', '', '', '1609054640648.jpg', '/zhglxt/userfiles/system/images/cms/ADImages/1609054640648.jpg', 'https://www.runoob.com/bootstrap/bootstrap-tutorial.html', '10', '0', 'system', TO_DATE('2019-12-16 22:27:12', 'SYYYY-MM-DD HH24:MI:SS'), 'system', TO_DATE('2021-07-05 22:55:28', 'SYYYY-MM-DD HH24:MI:SS'), '002');

-- ----------------------------
-- Table structure for CMS_ARTICLE
-- ----------------------------
DROP TABLE "CMS_ARTICLE";
CREATE TABLE "CMS_ARTICLE" (
  "ID" NVARCHAR2(40) VISIBLE NOT NULL,
  "SITE_ID" NVARCHAR2(64) VISIBLE NOT NULL,
  "COLUMN_ID" NVARCHAR2(40) VISIBLE,
  "TITLE" NVARCHAR2(255) VISIBLE,
  "TITLE_COLOR" NVARCHAR2(50) VISIBLE,
  "LINK" NVARCHAR2(255) VISIBLE,
  "IMAGE" NVARCHAR2(255) VISIBLE,
  "KEYWORDS" NVARCHAR2(255) VISIBLE,
  "SORT" NUMBER(11,0) VISIBLE,
  "DESCRIPTION" NVARCHAR2(500) VISIBLE,
  "WEIGHT" NUMBER(11,0) VISIBLE,
  "WEIGHT_TIME" DATE VISIBLE,
  "HITS" NUMBER(11,0) VISIBLE,
  "POSID" NVARCHAR2(10) VISIBLE,
  "STATUS" NCHAR(1) VISIBLE,
  "CREATE_BY" NVARCHAR2(64) VISIBLE,
  "CREATE_TIME" DATE VISIBLE,
  "UPDATE_BY" NVARCHAR2(64) VISIBLE,
  "UPDATE_TIME" DATE VISIBLE,
  "REMARK" NVARCHAR2(255) VISIBLE
)
LOGGING
NOCOMPRESS
PCTFREE 10
INITRANS 1
STORAGE (
  INITIAL 65536 
  NEXT 1048576 
  MINEXTENTS 1
  MAXEXTENTS 2147483645
  BUFFER_POOL DEFAULT
)
PARALLEL 1
NOCACHE
DISABLE ROW MOVEMENT
;
COMMENT ON COLUMN "CMS_ARTICLE"."ID" IS 'id';
COMMENT ON COLUMN "CMS_ARTICLE"."SITE_ID" IS 'id';
COMMENT ON COLUMN "CMS_ARTICLE"."COLUMN_ID" IS 'id';
COMMENT ON COLUMN "CMS_ARTICLE"."TITLE" IS '';
COMMENT ON COLUMN "CMS_ARTICLE"."TITLE_COLOR" IS '';
COMMENT ON COLUMN "CMS_ARTICLE"."LINK" IS '';
COMMENT ON COLUMN "CMS_ARTICLE"."IMAGE" IS '';
COMMENT ON COLUMN "CMS_ARTICLE"."KEYWORDS" IS '';
COMMENT ON COLUMN "CMS_ARTICLE"."DESCRIPTION" IS '';
COMMENT ON COLUMN "CMS_ARTICLE"."WEIGHT" IS '';
COMMENT ON COLUMN "CMS_ARTICLE"."WEIGHT_TIME" IS '';
COMMENT ON COLUMN "CMS_ARTICLE"."HITS" IS '';
COMMENT ON COLUMN "CMS_ARTICLE"."POSID" IS '';
COMMENT ON COLUMN "CMS_ARTICLE"."STATUS" IS '0.1.';
COMMENT ON COLUMN "CMS_ARTICLE"."CREATE_BY" IS '';
COMMENT ON COLUMN "CMS_ARTICLE"."CREATE_TIME" IS '';
COMMENT ON COLUMN "CMS_ARTICLE"."UPDATE_BY" IS '';
COMMENT ON COLUMN "CMS_ARTICLE"."UPDATE_TIME" IS '';
COMMENT ON COLUMN "CMS_ARTICLE"."REMARK" IS '';
COMMENT ON TABLE "CMS_ARTICLE" IS '';

-- ----------------------------
-- Records of CMS_ARTICLE
-- ----------------------------
INSERT INTO "CMS_ARTICLE" VALUES ('0461d49f0fb8442b8855277ef5987a52', '292cba294f8b4a0eba62452aa21b6ef5', '26615be24f8040f18bf7c086c9676408', '2019.08.08', NULL, NULL, NULL, NULL, '30', 'xx', NULL, NULL, NULL, NULL, '0', 'system', TO_DATE('2021-03-30 16:26:52', 'SYYYY-MM-DD HH24:MI:SS'), 'system', TO_DATE('2021-06-30 19:59:47', 'SYYYY-MM-DD HH24:MI:SS'), NULL);
INSERT INTO "CMS_ARTICLE" VALUES ('1829d3c253eb42bfa1e228d4aa1894cf', '292cba294f8b4a0eba62452aa21b6ef5', '65c7cbe937cd4b688b48b9a5cccc0450', '', NULL, NULL, '/zhglxt/userfiles/system/images/cms/solution/1608998213442.jpg', NULL, '50', '...', NULL, NULL, NULL, NULL, '0', 'system', TO_DATE('2020-12-26 23:58:08', 'SYYYY-MM-DD HH24:MI:SS'), 'system', TO_DATE('2020-12-27 18:57:21', 'SYYYY-MM-DD HH24:MI:SS'), '');
INSERT INTO "CMS_ARTICLE" VALUES ('1cd8420837cd457bb5273549215685fc', '292cba294f8b4a0eba62452aa21b6ef5', '65c7cbe937cd4b688b48b9a5cccc0450', '', NULL, NULL, '/zhglxt/userfiles/system/images/cms/solution/1608998631872.jpg', NULL, '30', '...', NULL, NULL, NULL, NULL, '0', 'system', TO_DATE('2020-12-26 22:16:03', 'SYYYY-MM-DD HH24:MI:SS'), 'system', TO_DATE('2020-12-27 18:56:54', 'SYYYY-MM-DD HH24:MI:SS'), '');
INSERT INTO "CMS_ARTICLE" VALUES ('290ee3960c16499a82131e760b448610', '292cba294f8b4a0eba62452aa21b6ef5', 'd792ede14a5e4ba9816c6ac6becc03cc', '', NULL, NULL, '/zhglxt/userfiles/system/images/cms/contact/1609059459536.jpg', NULL, '10', '', NULL, NULL, NULL, NULL, '0', 'system', TO_DATE('2020-12-27 16:32:31', 'SYYYY-MM-DD HH24:MI:SS'), 'system', TO_DATE('2021-01-06 19:09:27', 'SYYYY-MM-DD HH24:MI:SS'), '');
INSERT INTO "CMS_ARTICLE" VALUES ('3a2db050ac3a4433a5f233b32767a437', '292cba294f8b4a0eba62452aa21b6ef5', '26615be24f8040f18bf7c086c9676408', '2021.03.30', NULL, NULL, NULL, NULL, '10', 'xxxxx', NULL, NULL, NULL, NULL, '0', 'system', TO_DATE('2021-03-30 16:35:04', 'SYYYY-MM-DD HH24:MI:SS'), 'system', TO_DATE('2021-06-25 20:42:10', 'SYYYY-MM-DD HH24:MI:SS'), NULL);
INSERT INTO "CMS_ARTICLE" VALUES ('3f757e65b304439b82a76f028b82a914', '292cba294f8b4a0eba62452aa21b6ef5', '22be2c4656ed47388c2a6f2160a87879', '', NULL, NULL, '/zhglxt/userfiles/system/images/cms/news/1608999471724.jpg', NULL, '30', '...', NULL, NULL, NULL, NULL, '0', 'system', TO_DATE('2020-12-27 00:19:43', 'SYYYY-MM-DD HH24:MI:SS'), 'system', TO_DATE('2020-12-29 16:15:14', 'SYYYY-MM-DD HH24:MI:SS'), '');
INSERT INTO "CMS_ARTICLE" VALUES ('43598709c98648e5b9124139040bd500', '292cba294f8b4a0eba62452aa21b6ef5', 'b00a3e03c0f548f0815fcc04634c315c', '', NULL, NULL, '/zhglxt/userfiles/system/images/cms/about/1609058741059.jpg', NULL, '10', '', NULL, NULL, NULL, NULL, '0', 'system', TO_DATE('2020-12-27 16:45:44', 'SYYYY-MM-DD HH24:MI:SS'), 'system', TO_DATE('2021-07-07 15:06:47', 'SYYYY-MM-DD HH24:MI:SS'), '');
INSERT INTO "CMS_ARTICLE" VALUES ('4e000d5edb5e48e4bbf7d04ef9d8f616', '292cba294f8b4a0eba62452aa21b6ef5', '22be2c4656ed47388c2a6f2160a87879', '', NULL, NULL, '/zhglxt/userfiles/system/images/cms/news/1609159061895.jpg', NULL, '40', '...', NULL, NULL, NULL, NULL, '0', 'system', TO_DATE('2020-12-28 20:30:01', 'SYYYY-MM-DD HH24:MI:SS'), 'system', TO_DATE('2020-12-28 20:47:45', 'SYYYY-MM-DD HH24:MI:SS'), '');
INSERT INTO "CMS_ARTICLE" VALUES ('7752d4a2a6db478ead2b88e24593866c', '292cba294f8b4a0eba62452aa21b6ef5', '65c7cbe937cd4b688b48b9a5cccc0450', '', NULL, NULL, '/zhglxt/userfiles/system/images/cms/solution/1608998213555.jpg', NULL, '60', '14...', NULL, NULL, NULL, NULL, '0', 'system', TO_DATE('2020-12-26 23:59:29', 'SYYYY-MM-DD HH24:MI:SS'), 'system', TO_DATE('2020-12-27 18:57:30', 'SYYYY-MM-DD HH24:MI:SS'), '');
INSERT INTO "CMS_ARTICLE" VALUES ('8d9861ed2e294d2793ad912e346e168f', '292cba294f8b4a0eba62452aa21b6ef5', '26615be24f8040f18bf7c086c9676408', '2020.08.08', NULL, NULL, NULL, NULL, '20', 'xxx"', NULL, NULL, NULL, NULL, '0', 'system', TO_DATE('2021-03-30 16:33:21', 'SYYYY-MM-DD HH24:MI:SS'), 'system', TO_DATE('2021-06-25 20:42:41', 'SYYYY-MM-DD HH24:MI:SS'), NULL);
INSERT INTO "CMS_ARTICLE" VALUES ('ad1e4af494624d0791643c9f0ddbd124', '292cba294f8b4a0eba62452aa21b6ef5', '22be2c4656ed47388c2a6f2160a87879', '', NULL, NULL, '/zhglxt/userfiles/system/images/cms/news/1608999471455.jpg', NULL, '10', '...', NULL, NULL, NULL, NULL, '0', 'system', TO_DATE('2020-12-27 00:18:06', 'SYYYY-MM-DD HH24:MI:SS'), 'system', TO_DATE('2021-01-04 21:14:33', 'SYYYY-MM-DD HH24:MI:SS'), '');
INSERT INTO "CMS_ARTICLE" VALUES ('af97301ee4f1448e98b6ef61e667106e', '292cba294f8b4a0eba62452aa21b6ef5', '65c7cbe937cd4b688b48b9a5cccc0450', '.', NULL, NULL, '/zhglxt/userfiles/system/images/cms/solution/1608998631617.jpg', NULL, '20', ' ...', NULL, NULL, NULL, NULL, '0', 'system', TO_DATE('2020-12-26 22:15:25', 'SYYYY-MM-DD HH24:MI:SS'), 'system', TO_DATE('2020-12-27 18:56:43', 'SYYYY-MM-DD HH24:MI:SS'), '.');
INSERT INTO "CMS_ARTICLE" VALUES ('c0635501f7ac45d7b66255d287c3193a', '292cba294f8b4a0eba62452aa21b6ef5', '22be2c4656ed47388c2a6f2160a87879', '', NULL, NULL, '/zhglxt/userfiles/system/images/cms/news/1608999471597.jpg', NULL, '20', '...', NULL, NULL, NULL, NULL, '0', 'system', TO_DATE('2020-12-27 00:19:00', 'SYYYY-MM-DD HH24:MI:SS'), 'system', TO_DATE('2020-12-29 16:15:04', 'SYYYY-MM-DD HH24:MI:SS'), '');
INSERT INTO "CMS_ARTICLE" VALUES ('c1c66a2fee6347f5a4021ce953b89694', '292cba294f8b4a0eba62452aa21b6ef5', '65c7cbe937cd4b688b48b9a5cccc0450', '', NULL, NULL, '/zhglxt/userfiles/system/images/cms/solution/1608998213295.jpg', NULL, '40', '...', NULL, NULL, NULL, NULL, '0', 'system', TO_DATE('2020-12-26 23:39:42', 'SYYYY-MM-DD HH24:MI:SS'), 'system', TO_DATE('2020-12-27 18:57:10', 'SYYYY-MM-DD HH24:MI:SS'), '');
INSERT INTO "CMS_ARTICLE" VALUES ('f88b9abdcf414b2cb9afea4d0f11f39f', '292cba294f8b4a0eba62452aa21b6ef5', '65c7cbe937cd4b688b48b9a5cccc0450', '', NULL, NULL, '/zhglxt/userfiles/system/images/cms/solution/1609159002670.jpg', NULL, '70', '...', NULL, NULL, NULL, NULL, '0', 'system', TO_DATE('2020-12-28 20:28:24', 'SYYYY-MM-DD HH24:MI:SS'), 'system', TO_DATE('2020-12-28 20:47:38', 'SYYYY-MM-DD HH24:MI:SS'), '');
INSERT INTO "CMS_ARTICLE" VALUES ('fb2367bb887c4a5192f26c268df2a6ca', '292cba294f8b4a0eba62452aa21b6ef5', '65c7cbe937cd4b688b48b9a5cccc0450', '', NULL, NULL, '/zhglxt/userfiles/system/images/cms/solution/1608998631474.jpg', NULL, '10', '...', NULL, NULL, NULL, NULL, '0', 'system', TO_DATE('2021-01-04 20:40:16', 'SYYYY-MM-DD HH24:MI:SS'), 'system', TO_DATE('2021-01-04 21:05:04', 'SYYYY-MM-DD HH24:MI:SS'), '');

-- ----------------------------
-- Table structure for CMS_ARTICLE_DATA
-- ----------------------------
DROP TABLE "CMS_ARTICLE_DATA";
CREATE TABLE "CMS_ARTICLE_DATA" (
  "ID" NVARCHAR2(64) VISIBLE NOT NULL,
  "ARTICLE_ID" NVARCHAR2(64) VISIBLE,
  "CONTENT" NCLOB VISIBLE,
  "COPYFROM" NVARCHAR2(255) VISIBLE,
  "RELATION" NVARCHAR2(255) VISIBLE,
  "ALLOW_COMMENT" NCHAR(1) VISIBLE
)
LOGGING
NOCOMPRESS
PCTFREE 10
INITRANS 1
STORAGE (
  INITIAL 65536 
  NEXT 1048576 
  MINEXTENTS 1
  MAXEXTENTS 2147483645
  BUFFER_POOL DEFAULT
)
PARALLEL 1
NOCACHE
DISABLE ROW MOVEMENT
;
COMMENT ON COLUMN "CMS_ARTICLE_DATA"."ID" IS 'id';
COMMENT ON COLUMN "CMS_ARTICLE_DATA"."ARTICLE_ID" IS 'id';
COMMENT ON COLUMN "CMS_ARTICLE_DATA"."CONTENT" IS '';
COMMENT ON COLUMN "CMS_ARTICLE_DATA"."COPYFROM" IS '';
COMMENT ON COLUMN "CMS_ARTICLE_DATA"."RELATION" IS '';
COMMENT ON COLUMN "CMS_ARTICLE_DATA"."ALLOW_COMMENT" IS '';
COMMENT ON TABLE "CMS_ARTICLE_DATA" IS '';

-- ----------------------------
-- Records of CMS_ARTICLE_DATA
-- ----------------------------
INSERT INTO "CMS_ARTICLE_DATA" VALUES ('f20851d30fe1498ca1cf7eb90deedabc', '1cd8420837cd457bb5273549215685fc', '<h1 style="margin-top: 0px; margin-bottom: 0px; padding: 0px; font-weight: bold; font-family: , Arial, sans-serif; font-size: 24px; text-align: center; color: rgb(53, 53, 53); height: 60px; line-height: 60px;"></h1><div class="articleads2" style="float: right; color: rgb(68, 68, 68); font-family: &quot;Microsoft YaHei&quot;; font-size: 12px; margin-left: 6px !important;"></div><div class="articleContent" style="margin: 10px 0px 12px; line-height: 2; font-size: 14px; font-family: &quot;Microsoft YaHei&quot;; height: auto !important;"><br><br></div>', NULL, NULL, NULL);
INSERT INTO "CMS_ARTICLE_DATA" VALUES ('f3a96788e53348038a8bae415db8fd01', '43598709c98648e5b9124139040bd500', '<p align="center" style="margin-bottom: 0px; padding: 0px; list-style: none;"><span style="font-size: 24px;"><b></b></span></p><p align="center" style="margin-bottom: 0px; padding: 0px; list-style: none; text-indent: 2em;"><br></p><p align="center" style="margin-bottom: 0px; padding: 0px; list-style: none; text-indent: 2em;"><br></p><p style="list-style-type: none; margin-bottom: 0px; padding: 0px; border: 0px; transition: color 0.2s ease 0s, background 0.4s ease 0s; color: rgb(102, 102, 102); font-family: &quot;microsoft yahei&quot;; font-size: 14px; text-align: justify;"><span style="color: rgb(96, 96, 96); font-family: Arial, sans-serif; font-size: 12px; text-align: left;">&nbsp;&nbsp;&nbsp;&nbsp;&nbsp;&nbsp;&nbsp;</span><span style="color: rgb(96, 96, 96); font-family: Arial, sans-serif; font-size: 12px; text-align: left;">&nbsp;</span></p><p style="margin-bottom: 12px; padding: 0px; border: 0px; color: rgb(51, 51, 51); line-height: 30px; font-size: 15px; font-family: &quot;Microsoft YaHei&quot;;"><img style="width: 25%; float: left;" src="/zhglxt/profile/cms/upload/2021/07/07/af3be62b84ab4291a418cef63ff50140.jpg" data-filename="/profile/cms/upload/2021/07/07/af3be62b84ab4291a418cef63ff50140.jpg" class="note-float-left"></p><p style="margin-bottom: 12px; padding: 0px; border: 0px; color: rgb(51, 51, 51); line-height: 30px; font-size: 15px; font-family: &quot;Microsoft YaHei&quot;;"></p><p style="margin-bottom: 12px; padding: 0px; border: 0px; color: rgb(51, 51, 51); line-height: 30px; font-size: 15px; font-family: &quot;Microsoft YaHei&quot;;"></p><p style="margin-bottom: 12px; padding: 0px; border: 0px; color: rgb(51, 51, 51); line-height: 30px; font-size: 15px; font-family: &quot;Microsoft YaHei&quot;;"></p><p style="margin-bottom: 12px; padding: 0px; border: 0px; color: rgb(51, 51, 51); line-height: 30px; font-size: 15px; font-family: &quot;Microsoft YaHei&quot;;"></p><p style="margin-bottom: 12px; padding: 0px; border: 0px; color: rgb(51, 51, 51); line-height: 30px; font-size: 15px; font-family: &quot;Microsoft YaHei&quot;;"></p><p style="margin-bottom: 12px; padding: 0px; border: 0px; color: rgb(51, 51, 51); line-height: 30px; font-size: 15px; font-family: &quot;Microsoft YaHei&quot;;"></p>', NULL, NULL, NULL);
INSERT INTO "CMS_ARTICLE_DATA" VALUES ('f45cfcfebde74453af45d6af8904900a', 'af97301ee4f1448e98b6ef61e667106e', '<h1 style="margin-top: 0px; margin-bottom: 0px; padding: 0px; font-weight: bold; font-family: , Arial, sans-serif; font-size: 24px; text-align: center; color: rgb(53, 53, 53); height: 60px; line-height: 60px;">.</h1><div class="articleads2" style="float: right; color: rgb(68, 68, 68); font-family: &quot;Microsoft YaHei&quot;; font-size: 12px; margin-left: 6px !important;"></div><div class="articleContent" style="margin: 10px 0px 12px; line-height: 2; font-size: 14px; font-family: &quot;Microsoft YaHei&quot;;"><br><br><br><br><br><a href="https://www.51flash.com/lizhi/lizhimingyan/21583.html" style="color: rgb(19, 110, 194);"></a><br><br></div>', NULL, NULL, NULL);
INSERT INTO "CMS_ARTICLE_DATA" VALUES ('04c05db767384618a66165b18b743d88', 'ad1e4af494624d0791643c9f0ddbd124', '<h1 style="margin-top: 0px; margin-bottom: 0px; padding: 0px; font-weight: bold; font-family: , Arial, sans-serif; font-size: 24px; text-align: center; color: rgb(53, 53, 53); height: 60px; line-height: 60px;"></h1><div class="articleads2" style="float: right; color: rgb(68, 68, 68); font-family: &quot;Microsoft YaHei&quot;; font-size: 12px; margin-left: 6px !important;"></div><div class="articleContent" style="margin: 10px 0px 12px; line-height: 2; font-size: 14px; font-family: &quot;Microsoft YaHei&quot;; height: auto !important;"><br><br></div>', NULL, NULL, NULL);
INSERT INTO "CMS_ARTICLE_DATA" VALUES ('07615c6f67cf4e48a15f210d6dd12519', '0461d49f0fb8442b8855277ef5987a52', '<p>xx</p>', NULL, NULL, NULL);
INSERT INTO "CMS_ARTICLE_DATA" VALUES ('1487fb94018f47f0a75c35a2f7314fcd', '1829d3c253eb42bfa1e228d4aa1894cf', '<h1 style="margin-top: 0px; margin-bottom: 0px; padding: 0px; font-weight: bold; font-family: , Arial, sans-serif; font-size: 24px; text-align: center; color: rgb(53, 53, 53); height: 60px; line-height: 60px;"></h1><div class="articleads2" style="float: right; color: rgb(68, 68, 68); font-family: &quot;Microsoft YaHei&quot;; font-size: 12px; margin-left: 6px !important;"></div><div class="articleContent" style="margin: 10px 0px 12px; line-height: 2; font-size: 14px; font-family: &quot;Microsoft YaHei&quot;; height: auto !important;"><br><br><a href="https://www.51flash.com/zheligushi/17495.html" style="color: rgb(19, 110, 194);"></a></div>', NULL, NULL, NULL);
INSERT INTO "CMS_ARTICLE_DATA" VALUES ('2412fb8814aa46f8bac6907b4b6a2609', 'f88b9abdcf414b2cb9afea4d0f11f39f', '<h1 style="margin-top: 0px; margin-bottom: 0px; padding: 0px; font-weight: bold; font-family: , Arial, sans-serif; font-size: 24px; text-align: center; color: rgb(53, 53, 53); height: 60px; line-height: 60px;"></h1><div class="articleads2" style="float: right; color: rgb(68, 68, 68); font-family: &quot;Microsoft YaHei&quot;; font-size: 12px; margin-left: 6px !important;"></div><div class="articleContent" style="margin: 10px 0px 12px; line-height: 2; font-size: 14px; font-family: &quot;Microsoft YaHei&quot;; height: auto !important;"><br><br></div>', NULL, NULL, NULL);
INSERT INTO "CMS_ARTICLE_DATA" VALUES ('3d3f80519bef469e88c47da207f9e954', '4e000d5edb5e48e4bbf7d04ef9d8f616', '<h1 style="margin-top: 0px; margin-bottom: 0px; padding: 0px; font-weight: bold; font-family: , Arial, sans-serif; font-size: 24px; text-align: center; color: rgb(53, 53, 53); height: 60px; line-height: 60px;"></h1><div class="articleads2" style="float: right; color: rgb(68, 68, 68); font-family: &quot;Microsoft YaHei&quot;; font-size: 12px; margin-left: 6px !important;"></div><div class="articleContent" style="margin: 10px 0px 12px; line-height: 2; font-size: 14px; font-family: &quot;Microsoft YaHei&quot;; height: auto !important;"><br><br></div>', NULL, NULL, NULL);
INSERT INTO "CMS_ARTICLE_DATA" VALUES ('4163a2dc75bb4a1b86c0b1828bf0941a', '290ee3960c16499a82131e760b448610', '<h3 style="font-family: ; font-weight: bold; color: rgb(51, 51, 51); margin-right: 0px; margin-bottom: 0px; margin-left: 0px; font-size: 16px; text-align: center; padding: 0px; border: 0px; outline: 0px; vertical-align: baseline; background-image: initial; background-position: initial; background-size: initial; background-repeat: initial; background-attachment: initial; background-origin: initial; background-clip: initial;"><dt style="line-height: 1.42857; font-weight: 400; list-style-position: outside; list-style-type: none; margin: 0px; padding: 5px 0px 20px 50px; border: 0px; background: url(&quot;https://file.caixin.com/images/channel/aboutus/images/add.gif&quot;) no-repeat rgb(248, 248, 248); height: 40px; color: rgb(40, 40, 40); font-size: 14px; text-align: start;">xxxxxxxxxxxxxxxxx</dt><dd style="line-height: 26px; margin-top: 0px; margin-right: 0px; margin-bottom: 0px; list-style-position: outside; list-style-type: none; padding: 5px 0px 0px 50px; border: 0px; background: url(&quot;https://file.caixin.com/images/channel/aboutus/images/ico_04.jpg&quot;) no-repeat rgb(248, 248, 248); color: rgb(40, 40, 40); font-size: 14px; font-weight: 400; text-align: start;"><p style="margin-bottom: 0px; padding: 0px; border: 0px;">010-8590-xxx/xxx</p><p style="margin-bottom: 0px; padding: 0px; border: 0px;">010-8590-xxx</p><p style="margin-bottom: 0px; padding: 0px; border: 0px;">&nbsp;</p><p style="margin-bottom: 0px; padding: 0px; border: 0px;">400-696-0110/010-xxxxxx</p><p style="margin-bottom: 0px; padding: 0px; border: 0px;">&nbsp;</p><p style="margin-bottom: 0px; padding: 0px; border: 0px;">010-8590-xxxx</p><p style="margin-bottom: 0px; padding: 0px; border: 0px;">010-8590-xxxx/xxxx</p><p style="margin-bottom: 0px; padding: 0px; border: 0px;">&nbsp;</p><p style="margin-bottom: 0px; padding: 0px; border: 0px;">010-8590-xxxx</p><p style="margin-bottom: 0px; padding: 0px; border: 0px;">010-8590-xxxx</p><p style="margin-bottom: 0px; padding: 0px; border: 0px;">010-8590-xxxx/xxxx</p><p style="margin-bottom: 0px; padding: 0px; border: 0px;">010-8590-xxxx</p><p style="margin-bottom: 0px; padding: 0px; border: 0px;">010-8564-xxxx</p></dd></h3>', NULL, NULL, NULL);
INSERT INTO "CMS_ARTICLE_DATA" VALUES ('4d3d8984f4814a7e86f676d1dbc0f0ea', 'c1c66a2fee6347f5a4021ce953b89694', '<h1 style="margin-top: 0px; margin-bottom: 0px; padding: 0px; font-weight: bold; font-family: , Arial, sans-serif; font-size: 24px; text-align: center; color: rgb(53, 53, 53); height: 60px; line-height: 60px;"></h1><div class="articleads2" style="float: right; color: rgb(68, 68, 68); font-family: &quot;Microsoft YaHei&quot;; font-size: 12px; margin-left: 6px !important;"></div><div class="articleContent" style="margin: 10px 0px 12px; line-height: 2; font-size: 14px; font-family: &quot;Microsoft YaHei&quot;; height: auto !important;"><br><br></div>', NULL, NULL, NULL);
INSERT INTO "CMS_ARTICLE_DATA" VALUES ('6f89661448d44cf5b6ac0f5fc54f9d47', '3a2db050ac3a4433a5f233b32767a437', '<p>xxxxx<br></p>', NULL, NULL, NULL);
INSERT INTO "CMS_ARTICLE_DATA" VALUES ('7d361f38ab364a439ca945e51cb55363', '7752d4a2a6db478ead2b88e24593866c', '<h1 style="margin-top: 0px; margin-bottom: 0px; padding: 0px; font-weight: bold; font-family: , Arial, sans-serif; font-size: 24px; text-align: center; color: rgb(53, 53, 53); height: 60px; line-height: 60px;"></h1><div class="articleads2" style="float: right; color: rgb(68, 68, 68); font-family: &quot;Microsoft YaHei&quot;; font-size: 12px; margin-left: 6px !important;"></div><div class="articleContent" style="margin: 10px 0px 12px; line-height: 2; font-size: 14px; font-family: &quot;Microsoft YaHei&quot;;">14<br><br><strong>1.</strong><br><br>7<a href="https://www.51flash.com/lizhi/lizhishuji/" style="color: rgb(19, 110, 194);"></a><a href="https://www.51flash.com/lizhi/lizhishuji/94.html" style="color: rgb(19, 110, 194);"></a><br><br><strong>2.</strong><br><br><br><br><strong>3.</strong><br><br><br><br><strong>4.</strong><br><br><br><br><strong>5.</strong><br><br>Boss <a href="https://www.51flash.com/lizhi/xuexifangfa/379.html" style="color: rgb(19, 110, 194);"></a><br><br><strong>6.</strong><br><br>55 5<br><br><strong>7.</strong><br><br><br><br><strong>8.</strong><br><br><a href="https://www.51flash.com/lizhi/lizhiwenzhang/" target="_blank" style="color: rgb(19, 110, 194);"></a>&nbsp;<a href="https://www.51flash.com/" target="_blank" style="color: rgb(19, 110, 194);">www.51fLash.com</a>&nbsp;60<a href="https://www.51flash.com/lizhi/lizhigushi/397.html" style="color: rgb(19, 110, 194);"></a><br><br><strong>9.</strong><br><br>5000<br><br><strong>10.QQ</strong><br><br>QQQQQQ<br><br><strong>11.</strong><br><br>30Any.Do3050VOA630 <br><br><strong>12.</strong><br><br> <br><br><strong>13.</strong><br><br><br><br><strong>14.</strong><br><br><a href="https://www.51flash.com/339.html" style="color: rgb(19, 110, 194);"></a></div>', NULL, NULL, NULL);
INSERT INTO "CMS_ARTICLE_DATA" VALUES ('7da2f93f3b0b4a77a220a328b3024ee3', 'c0635501f7ac45d7b66255d287c3193a', '<h1 style="margin-top: 0px; margin-bottom: 0px; padding: 0px; font-weight: bold; font-family: , Arial, sans-serif; font-size: 24px; text-align: center; color: rgb(53, 53, 53); height: 60px; line-height: 60px;"></h1><div class="articleads2" style="float: right; color: rgb(68, 68, 68); font-family: &quot;Microsoft YaHei&quot;; font-size: 12px; margin-left: 6px !important;"></div><div class="articleContent" style="margin: 10px 0px 12px; line-height: 2; font-size: 14px; font-family: &quot;Microsoft YaHei&quot;; height: auto !important;"><br><br><div class="google-auto-placed ap_container" style="width: 625px; height: auto; clear: both; text-align: center;"><ins data-ad-format="auto" class="adsbygoogle adsbygoogle-noablate" data-ad-client="ca-pub-8774499223795406" data-adsbygoogle-status="done" style="display: block; margin: auto; background-color: transparent; height: 0px;"><ins id="aswift_2_expand" tabindex="0" title="Advertisement" aria-label="Advertisement" style="display: inline-table; border: none; height: 0px; margin: 0px; padding: 0px; position: relative; visibility: visible; width: 625px; background-color: transparent;"><ins id="aswift_2_anchor" style="display: block; border: none; height: 0px; margin: 0px; padding: 0px; position: relative; visibility: visible; width: 625px; background-color: transparent; overflow: hidden; opacity: 0;"><iframe id="aswift_2" name="aswift_2" sandbox="allow-forms allow-popups allow-popups-to-escape-sandbox allow-same-origin allow-scripts allow-top-navigation-by-user-activation" width="625" height="280" frameborder="0" src="https://googleads.g.doubleclick.net/pagead/ads?guci=2.2.0.0.2.2.0.0&amp;client=ca-pub-8774499223795406&amp;output=html&amp;h=280&amp;adk=3433591129&amp;adf=2201363562&amp;pi=t.aa~a.2318691080~i.4~rp.1&amp;w=625&amp;fwrn=4&amp;fwrnh=100&amp;lmt=1595866995&amp;num_ads=1&amp;rafmt=1&amp;armr=3&amp;sem=mc&amp;pwprc=1273901384&amp;psa=1&amp;ad_type=text_image&amp;format=625x280&amp;url=https%3A%2F%2Fwww.51flash.com%2Flizhi%2Flizhiwenzhang%2F18688.html&amp;flash=0&amp;fwr=0&amp;pra=3&amp;rh=157&amp;rw=625&amp;rpe=1&amp;resp_fmts=3&amp;wgl=1&amp;fa=27&amp;adsid=NT&amp;tt_state=W3siaXNzdWVyT3JpZ2luIjoiaHR0cHM6Ly9hZHNlcnZpY2UuZ29vZ2xlLmNvbSIsInN0YXRlIjowfSx7Imlzc3Vlck9yaWdpbiI6Imh0dHBzOi8vYXR0ZXN0YXRpb24uYW5kcm9pZC5jb20iLCJzdGF0ZSI6MH1d&amp;dt=1609158713942&amp;bpp=2&amp;bdt=382&amp;idt=-M&amp;shv=r20201203&amp;cbv=r20190131&amp;ptt=9&amp;saldr=aa&amp;abxe=1&amp;cookie=ID%3Db5d8dd43eb9ff308-22ed457c57c50042%3AT%3D1608994850%3ART%3D1608994850%3AS%3DALNI_MYx013sFaO3tNHaWDu2Xkdd4gH9oA&amp;prev_fmts=0x0%2C980x280&amp;nras=2&amp;correlator=479957863216&amp;frm=20&amp;pv=1&amp;ga_vid=1081928679.1609158714&amp;ga_sid=1609158714&amp;ga_hid=1709791312&amp;ga_fc=0&amp;u_tz=480&amp;u_his=1&amp;u_java=0&amp;u_h=1080&amp;u_w=1920&amp;u_ah=1004&amp;u_aw=1920&amp;u_cd=24&amp;u_nplug=3&amp;u_nmime=4&amp;adx=484&amp;ady=916&amp;biw=1903&amp;bih=843&amp;scr_x=0&amp;scr_y=0&amp;oid=3&amp;pvsid=2262205358601054&amp;pem=291&amp;ref=https%3A%2F%2Fwww.51flash.com%2Flizhi%2Flizhiwenzhang%2Flist_2.html&amp;rx=0&amp;eae=0&amp;fc=1408&amp;brdim=0%2C0%2C0%2C0%2C1920%2C0%2C1920%2C1004%2C1920%2C843&amp;vis=1&amp;rsz=%7C%7Cs%7C&amp;abl=NS&amp;fu=8328&amp;bc=31&amp;ifi=2&amp;uci=a!2&amp;btvi=1&amp;fsb=1&amp;xpc=xoe9VZngnX&amp;p=https%3A//www.51flash.com&amp;dtd=9" marginwidth="0" marginheight="0" vspace="0" hspace="0" allowtransparency="true" scrolling="no" allowfullscreen="true" data-google-container-id="a!2" data-google-query-id="CL7IuqzX8O0CFVDL3godzksGrw" data-load-complete="true" style="left: 0px; position: absolute; top: 0px; border-width: 0px; border-style: initial; width: 625px; height: 280px;"></iframe></ins></ins></ins></div><br><br><br><br><br><br><font color="#136ec2"></font><br></div><div><br></div>', NULL, NULL, NULL);
INSERT INTO "CMS_ARTICLE_DATA" VALUES ('9d6b4a41303b4ad185afe894c2ade954', '8d9861ed2e294d2793ad912e346e168f', '<p><font face=""><span style="font-size: 14px;">xxx"</span></font><br></p>', NULL, NULL, NULL);
INSERT INTO "CMS_ARTICLE_DATA" VALUES ('ac033eb0887548249eb1f1d433755adf', '3f757e65b304439b82a76f028b82a914', '<h1 style="margin-top: 0px; margin-bottom: 0px; padding: 0px; font-weight: bold; font-family: , Arial, sans-serif; font-size: 24px; text-align: center; color: rgb(53, 53, 53); height: 60px; line-height: 60px;"></h1><div class="articleads2" style="float: right; color: rgb(68, 68, 68); font-family: &quot;Microsoft YaHei&quot;; font-size: 12px; margin-left: 6px !important;"></div><div class="articleContent" style="margin: 10px 0px 12px; line-height: 2; font-size: 14px; font-family: &quot;Microsoft YaHei&quot;; height: auto !important;"><br><br></div>', NULL, NULL, NULL);
INSERT INTO "CMS_ARTICLE_DATA" VALUES ('b88d426d1b3d48acb3c89f7490d7521c', 'fb2367bb887c4a5192f26c268df2a6ca', '<h1 style="text-align: center; margin-top: 0px; margin-bottom: 0px; padding: 0px; font-size: 28px; font-family: &quot;microsoft yahei&quot;, simsun, tahoma; color: rgb(37, 37, 37);"></h1><p style="margin: 25px auto 0px; padding: 0px; color: rgb(37, 37, 37); font-family: &quot;Microsoft Yahei&quot;, Arial; font-size: 16px;"><span style="font-size: 14px;"></span><a href="https://www.bidushe.com/jingdian/suibi/" style="color: rgb(37, 37, 37);"><span style="font-size: 14px;"></span></a><span style="font-size: 14px;"></span></p><p style="margin: 25px auto 0px; padding: 0px; color: rgb(37, 37, 37); font-family: &quot;Microsoft Yahei&quot;, Arial; font-size: 16px;"><span style="font-size: 14px;"></span></p><p style="margin: 25px auto 0px; padding: 0px; color: rgb(37, 37, 37); font-family: &quot;Microsoft Yahei&quot;, Arial; font-size: 16px;"><span style="font-size: 14px;"></span><a href="https://www.bidushe.com/jingdian/ganwu/" style="color: rgb(37, 37, 37);"><span style="font-size: 14px;"></span></a><span style="font-size: 14px;"></span></p><p style="margin: 25px auto 0px; padding: 0px; color: rgb(37, 37, 37); font-family: &quot;Microsoft Yahei&quot;, Arial; font-size: 16px;"><span style="font-size: 14px;"></span></p>', NULL, NULL, NULL);

-- ----------------------------
-- Table structure for CMS_COLUMN
-- ----------------------------
DROP TABLE "CMS_COLUMN";
CREATE TABLE "CMS_COLUMN" (
  "COLUMN_ID" NVARCHAR2(40) VISIBLE NOT NULL,
  "PARENT_ID" NVARCHAR2(40) VISIBLE,
  "SITE_ID" NVARCHAR2(40) VISIBLE NOT NULL,
  "COLUMN_CODE" NVARCHAR2(20) VISIBLE,
  "COLUMN_NAME" NVARCHAR2(50) VISIBLE NOT NULL,
  "COLUMN_FLAG" NVARCHAR2(50) VISIBLE,
  "OUT_LINK" NUMBER(4,0) VISIBLE,
  "HREF" NVARCHAR2(255) VISIBLE,
  "IS_SHOW" NUMBER(4,0) VISIBLE NOT NULL,
  "STATUS" NUMBER(4,0) VISIBLE NOT NULL,
  "SORT" NUMBER(11,0) VISIBLE,
  "CREATE_BY" NVARCHAR2(20) VISIBLE,
  "CREATE_TIME" DATE VISIBLE,
  "UPDATE_BY" NVARCHAR2(20) VISIBLE,
  "UPDATE_TIME" DATE VISIBLE,
  "REMARK" NCLOB VISIBLE
)
LOGGING
NOCOMPRESS
PCTFREE 10
INITRANS 1
STORAGE (
  INITIAL 65536 
  NEXT 1048576 
  MINEXTENTS 1
  MAXEXTENTS 2147483645
  BUFFER_POOL DEFAULT
)
PARALLEL 1
NOCACHE
DISABLE ROW MOVEMENT
;
COMMENT ON COLUMN "CMS_COLUMN"."COLUMN_ID" IS '';
COMMENT ON COLUMN "CMS_COLUMN"."PARENT_ID" IS 'id';
COMMENT ON COLUMN "CMS_COLUMN"."SITE_ID" IS '';
COMMENT ON COLUMN "CMS_COLUMN"."COLUMN_CODE" IS '';
COMMENT ON COLUMN "CMS_COLUMN"."COLUMN_NAME" IS '';
COMMENT ON COLUMN "CMS_COLUMN"."COLUMN_FLAG" IS '';
COMMENT ON COLUMN "CMS_COLUMN"."OUT_LINK" IS '0    1';
COMMENT ON COLUMN "CMS_COLUMN"."HREF" IS '';
COMMENT ON COLUMN "CMS_COLUMN"."IS_SHOW" IS '0:1';
COMMENT ON COLUMN "CMS_COLUMN"."STATUS" IS ':0 1';
COMMENT ON COLUMN "CMS_COLUMN"."SORT" IS '';
COMMENT ON COLUMN "CMS_COLUMN"."CREATE_BY" IS '';
COMMENT ON COLUMN "CMS_COLUMN"."CREATE_TIME" IS '';
COMMENT ON COLUMN "CMS_COLUMN"."UPDATE_BY" IS '';
COMMENT ON COLUMN "CMS_COLUMN"."UPDATE_TIME" IS '';
COMMENT ON COLUMN "CMS_COLUMN"."REMARK" IS '';

-- ----------------------------
-- Records of CMS_COLUMN
-- ----------------------------
INSERT INTO "CMS_COLUMN" VALUES ('1', '0', '292cba294f8b4a0eba62452aa21b6ef5', NULL, '', 'lm', '1', NULL, '0', '0', '0', 'system', TO_DATE('2019-12-11 00:02:06', 'SYYYY-MM-DD HH24:MI:SS'), NULL, TO_DATE('2019-12-11 00:02:11', 'SYYYY-MM-DD HH24:MI:SS'), '');
INSERT INTO "CMS_COLUMN" VALUES ('1c473d9fee764604adcb338bdef32826', '8f930d24c4664e32add2be56823b2c5e', '292cba294f8b4a0eba62452aa21b6ef5', NULL, '', NULL, '0', '/zhglxt/cms/helpDoc/helpDocView/c411706f0a394647867e2b63042566ef', '0', '0', '3', 'system', TO_DATE('2021-06-22 23:50:56', 'SYYYY-MM-DD HH24:MI:SS'), 'system', TO_DATE('2021-06-29 23:58:37', 'SYYYY-MM-DD HH24:MI:SS'), '');
INSERT INTO "CMS_COLUMN" VALUES ('22be2c4656ed47388c2a6f2160a87879', '1', '292cba294f8b4a0eba62452aa21b6ef5', NULL, '', 'news', '1', NULL, '0', '0', '360', 'system', TO_DATE('2019-12-15 20:42:45', 'SYYYY-MM-DD HH24:MI:SS'), 'system', TO_DATE('2020-12-25 18:39:02', 'SYYYY-MM-DD HH24:MI:SS'), '');
INSERT INTO "CMS_COLUMN" VALUES ('26615be24f8040f18bf7c086c9676408', '1', '292cba294f8b4a0eba62452aa21b6ef5', NULL, '', 'developHistory', '1', NULL, '0', '0', '500', 'system', TO_DATE('2021-03-30 16:25:01', 'SYYYY-MM-DD HH24:MI:SS'), 'system', TO_DATE('2021-05-06 23:23:14', 'SYYYY-MM-DD HH24:MI:SS'), '');
INSERT INTO "CMS_COLUMN" VALUES ('31e42bf1f25f4b4196dd8da9f0eb1eaa', '8f930d24c4664e32add2be56823b2c5e', '292cba294f8b4a0eba62452aa21b6ef5', NULL, '', NULL, '0', '/zhglxt/cms/helpDoc/helpDocView/c691f3fa8a394b4c922cd85fdb9d0779', '0', '0', '10', 'system', TO_DATE('2021-07-04 16:02:12', 'SYYYY-MM-DD HH24:MI:SS'), 'system', TO_DATE('2021-07-07 13:51:39', 'SYYYY-MM-DD HH24:MI:SS'), '');
INSERT INTO "CMS_COLUMN" VALUES ('65c7cbe937cd4b688b48b9a5cccc0450', '1', '292cba294f8b4a0eba62452aa21b6ef5', NULL, '', 'solution', '1', NULL, '0', '0', '200', 'system', TO_DATE('2019-12-21 00:44:14', 'SYYYY-MM-DD HH24:MI:SS'), 'system', TO_DATE('2020-12-29 16:36:03', 'SYYYY-MM-DD HH24:MI:SS'), '');
INSERT INTO "CMS_COLUMN" VALUES ('8f930d24c4664e32add2be56823b2c5e', '1', '292cba294f8b4a0eba62452aa21b6ef5', NULL, '', NULL, '0', '#', '0', '0', '150', 'system', TO_DATE('2019-12-14 03:49:47', 'SYYYY-MM-DD HH24:MI:SS'), 'system', TO_DATE('2021-06-29 23:58:04', 'SYYYY-MM-DD HH24:MI:SS'), '');
INSERT INTO "CMS_COLUMN" VALUES ('93b8732e45c64471b918696c87d27494', '1', '292cba294f8b4a0eba62452aa21b6ef5', NULL, '', NULL, '0', '#', '1', '0', '50', 'system', TO_DATE('2020-06-01 23:51:45', 'SYYYY-MM-DD HH24:MI:SS'), 'system', TO_DATE('2021-06-23 06:49:45', 'SYYYY-MM-DD HH24:MI:SS'), '');
INSERT INTO "CMS_COLUMN" VALUES ('b00a3e03c0f548f0815fcc04634c315c', '1', '292cba294f8b4a0eba62452aa21b6ef5', NULL, '', 'about', '1', NULL, '0', '0', '400', 'system', TO_DATE('2019-12-15 20:39:22', 'SYYYY-MM-DD HH24:MI:SS'), 'system', TO_DATE('2020-12-25 18:39:16', 'SYYYY-MM-DD HH24:MI:SS'), '');
INSERT INTO "CMS_COLUMN" VALUES ('c55d659beeb64164a34f31f4cc2779c0', '8f930d24c4664e32add2be56823b2c5e', '292cba294f8b4a0eba62452aa21b6ef5', NULL, '', NULL, '0', '/zhglxt/cms/helpDoc/helpDocView/c7f9f70921954e4e97a28802a904f282', '0', '0', '15', 'system', TO_DATE('2021-07-04 16:19:58', 'SYYYY-MM-DD HH24:MI:SS'), 'system', TO_DATE('2021-07-04 16:20:13', 'SYYYY-MM-DD HH24:MI:SS'), '');
INSERT INTO "CMS_COLUMN" VALUES ('d792ede14a5e4ba9816c6ac6becc03cc', '1', '292cba294f8b4a0eba62452aa21b6ef5', NULL, '', 'contact', '1', NULL, '0', '0', '380', 'system', TO_DATE('2019-12-15 20:40:13', 'SYYYY-MM-DD HH24:MI:SS'), 'system', TO_DATE('2020-12-25 18:39:10', 'SYYYY-MM-DD HH24:MI:SS'), '');
INSERT INTO "CMS_COLUMN" VALUES ('e7b4c8d6ef3f403994d55869cdba19e9', '93b8732e45c64471b918696c87d27494', '292cba294f8b4a0eba62452aa21b6ef5', NULL, 'WEB', NULL, '0', '#', '0', '0', '200', 'system', TO_DATE('2020-06-01 23:58:16', 'SYYYY-MM-DD HH24:MI:SS'), 'system', TO_DATE('2021-07-07 14:17:41', 'SYYYY-MM-DD HH24:MI:SS'), 'WEB');

-- ----------------------------
-- Table structure for CMS_HELP_DOC
-- ----------------------------
DROP TABLE "CMS_HELP_DOC";
CREATE TABLE "CMS_HELP_DOC" (
  "ID" NVARCHAR2(46) VISIBLE NOT NULL,
  "NAME" NVARCHAR2(255) VISIBLE,
  "CONTENT" NCLOB VISIBLE,
  "SORT" NUMBER(11,0) VISIBLE,
  "STATUS" NCHAR(1) VISIBLE,
  "CREATE_BY" NVARCHAR2(64) VISIBLE,
  "CREATE_TIME" DATE VISIBLE,
  "UPDATE_BY" NVARCHAR2(64) VISIBLE,
  "UPDATE_TIME" DATE VISIBLE,
  "REMARK" NVARCHAR2(255) VISIBLE
)
LOGGING
NOCOMPRESS
PCTFREE 10
INITRANS 1
STORAGE (
  INITIAL 65536 
  NEXT 1048576 
  MINEXTENTS 1
  MAXEXTENTS 2147483645
  BUFFER_POOL DEFAULT
)
PARALLEL 1
NOCACHE
DISABLE ROW MOVEMENT
;
COMMENT ON COLUMN "CMS_HELP_DOC"."ID" IS 'id';
COMMENT ON COLUMN "CMS_HELP_DOC"."NAME" IS '';
COMMENT ON COLUMN "CMS_HELP_DOC"."CONTENT" IS '';
COMMENT ON COLUMN "CMS_HELP_DOC"."SORT" IS '';
COMMENT ON COLUMN "CMS_HELP_DOC"."STATUS" IS '0  1';
COMMENT ON COLUMN "CMS_HELP_DOC"."CREATE_BY" IS '';
COMMENT ON COLUMN "CMS_HELP_DOC"."CREATE_TIME" IS '';
COMMENT ON COLUMN "CMS_HELP_DOC"."UPDATE_BY" IS '';
COMMENT ON COLUMN "CMS_HELP_DOC"."UPDATE_TIME" IS '';
COMMENT ON COLUMN "CMS_HELP_DOC"."REMARK" IS '';

-- ----------------------------
-- Records of CMS_HELP_DOC
-- ----------------------------
INSERT INTO "CMS_HELP_DOC" VALUES ('c411706f0a394647867e2b63042566ef', '', '[TOC]
# WEB
## 
&emsp;&emsp;SpringBoot+MyBatis+Apache Shiro+Bootstrap+ThymeleafWEB
WEBIE9+Google Chrome360...)  
&emsp;&emsp;

- [RuoYi](https://gitee.com/y_project/RuoYi "")

## 
1. 
2. PDFworldexcel
3. CMS
4. Activiti5
5. 
6. MarkDowneditor.md
7. WAR
8. )
9. 
10. XSSXSS
11. 
12. SQLSQLWEBURLsession
13.  CPUJava
14. 
15. jsjs
16. 
17. Maven
18. 
19. HTML
20. swagger3.0swagger3 + knife4jUI
21. 

## 
1. JDK 1.8Tomcat 8
2. Spring Boot 2.2.13Spring Framework 5.0.x(JDK8-10)
3. Apache MyBatis 3.5.6Alibaba Druid 1.2.6
4. Bootstrap 3.3Thymeleaf 3.0
5. Apache Shiro 1.7.1
6. shiro-ehcache 1.7.1
7. slf4j+LogbackSLF4JLogbackCommons LoggingLog4jSLF4JLogback
8. Quartz 2.3.2QuartzJava-JavaQuartz SchedulerJTA
9. BPMActiviti 5.23.0
10. CKFinder2.6.3
11. Hibernate Validation 6.0
12. jQuery Validation Plugin 1.13.0
13.  jQuery zTree 3.5.12
14. Git()
15. Apache Maven 3.8.1
16. JSONFastJSON 1.2.76
17. layer 3.5.0
18. layDate 5.3.0
19. oshi 5.6.0 Linux, Windows, Solaris, AIX, HP-UX, FreeBSD and Mac OSX
20. BootstrapTable 1.18.2
21. bitwalker 1.21
22. Apache POI 4.1.2
23. summernote 0.8.18
24. MarkDown editor.md 1.5.0 

## 
1.  
2.  
3.  
4.  
5.  
6.  
7.  
8.  
9.  
10. 
11. 
12. )
13. javahtmlxmlsqlCRUD 
14. api
15. CPU
16. HTML
17. SQL
18. CMS
19. ExcelWordCSV--
20. 
21. 
22. DEMODemoMarkDown

## 
1.  IE9+Google Chrome360)
2.  

## 
1. JDK1.8+MySQL5.7+maven3.6+Git...
2. IntelliJ IDEA
![](/zhglxt/userfiles/system/images/helpImages/sys/1.jpg)

3. Git
![](/zhglxt/userfiles/system/images/helpImages/sys/2.jpg)

4. IDEA
![](/zhglxt/userfiles/system/images/helpImages/sys/3.jpg)

5. Maven
![](/zhglxt/userfiles/system/images/helpImages/sys/4.jpg)

6. install
![](/zhglxt/userfiles/system/images/helpImages/sys/5.jpg)

7. 

8. MySQL
![](/zhglxt/userfiles/system/images/helpImages/sys/6.jpg)

9. 
![](/zhglxt/userfiles/system/images/helpImages/sys/7.jpg)

10. war
![](/zhglxt/userfiles/system/images/helpImages/sys/8.jpg)

11. zhglxt\zhglxt-web\target\zhglxt-web.warzhglxt.warTomcatwebapps
![](/zhglxt/userfiles/system/images/helpImages/sys/9.jpg)

12. ', '5', '0', 'system', TO_DATE('2021-06-24 19:36:13', 'SYYYY-MM-DD HH24:MI:SS'), 'system', TO_DATE('2021-07-07 16:30:03', 'SYYYY-MM-DD HH24:MI:SS'), '');
INSERT INTO "CMS_HELP_DOC" VALUES ('c691f3fa8a394b4c922cd85fdb9d0779', '', '[TOC]
# 
## v9.2.0-2021.06.16-now
1. summernote
2. 
3. --()
4. 
5. markdown
6. 
7. CKFinder
8. ---
9. summernotev0.8.18
10. 
11. favicon.ico
12. --,
13. v4.6.2
14. 
15. 
16. ---
17. 
18. --
19. --
20. 
21. MarkDowneditor.md
22. 
23. ---
24. pagehelper1.3.1
25. 
26. 
27. ()Demo
28. Demo(EasyExcel)
29. 
30. js
31. commons.fileuploadv1.4
32. commons.iov2.10.0
33. 
34. rmi
35. options

## v9.1.0-2021.05.27-2021-06-15
1. --
2. --  
3. ---  
4. datetimepicker--
5. --
6. README.mdmaven
7. 
8. 
9. -
10. spring-boot-maven-pluginv2.5.0
11. maven-compiler-pluginv3.8.1
12. maven-war-pluginv3.3.1
13. spring-boot-maven-pluginv2.5.0
14. maven-compiler-pluginv3.8.1
15. maven-war-pluginv3.3.1
16. spring-boot-starter-aopv2.5.1
17. guavav30.1.1-jre
18. easyexcelv2.2.10
19. maven
20. oshiv5.7.4
21. jnav5.8.0
22. 
23. showPrint
24. Byte[]
25. knife4jv2.0.6swagger3
26. swaggerv3.0.0
27. 
28. Excel
29. 
30. main
31. bootstrap-tablev1.18.3
32. IDCardUtils
33. swagger
34. 
35. README.md- 
36. 
37. 
38. reorder-row-js
39. SQL
40. yuicompressor(CSS/JS)
41. &
42. druid

## v9.0.0-2021.04.08-2021.05.27
1. &
2. mapper.java.vm
3. 
4. 
5. fastjson1.2.76
6. druidv1.2.6
7. 
8. IDcard
9. 
10. CKFinder
11. layerv3.5.0
12. layuiv2.6.6
13. laydatev5.3.0
14. 
15. --
16.  -
17. --IE
18. 
19. 
20. anecstorsreplacereplaceFirst
21. bug
22. 
23. 
24. 1, 2
25. 
26. 
27. -  
28. 
29. -  
30. 
31. 
32. json
33. 
34. 
35. ExcelUtil
36. 
37. mybatis3.5.6 
38. bug
39. 4.6.1
40. 
41. 
42. 
43. 
44. 

## v8.9.0-2021.01.01-2021.04.07
1. 
2. 
3. IEIE9
4. 
5. -
6. 
7. 
8. 
9. velocitycommons-collections3.2.1
10.  this.getClass()
11. 
12. 
13. oshiv5.6.0
14. jnav5.7.0
15. 
16. SpringBoot2.2.13
17. shiro1.7.1 
18. --
19. bootstrapTablev1.18.2
20. bootstrapTablev1.18.0
21. 
22. 
23. Excel
24. fileinput.css
25. 
26. 
27. 
28. Map
29. fastjson1.2.75
30. Demo
31. 
32. 
33. -
34. druidv1.2.4
35. 
36. --
37. --
38. -
39. 
40. 4.6.0

## v8.8.0-2020.12.03-2020.12.31
1. treeIdName
2. -
3. 
4. : 
5. ExcelImage
6. 
7.  
8. cms--
9. 
10.  & 
11. 
12. openOptions
13.   tab
14. addFull url
15. widthUnit
16. bootstrap-treetable,
17. editColumn table dataIndexbug
18. printPageBuilder
19. web_status.SUCCESS
20. 
21. SpringBoot2.2.12 
22. 
23. 
24. --
25. 
26. sortNameundefined
27. get
28. 
29. online sessionIdbug
30. : , 
31. 
32.  Mavendependencies.dependency.systemPath
33. 
34. 
35. 
36. 
37. 
38. 
39. addColumn
40. bitwalker1.21
41. WebUtil
42. poi4.1.2
43. Excelalign

## v8.7.0-2020.10.01-2020.12.02
1. bootstrap-fileinput5.1.3
2. tooltip
3. SpringBoot2.1.18
4. 
5. striped
6. bootstrapTablev1.18.0
7. bootstrapTablev1.18.0
8. float
9. 
10. onPostBody
11. 
12. 
13. 
14. oshiv5.3.6
15. 
16. session
17. 
18. 4.5.1
19. 
20. shiro1.7.0 
21. onCheckonUncheckonCheckAllonUncheckAll
22. 
23. druidv1.2.2
24. 
25. mapperLocations
26. 
27. v4.5.0
28. ctx
29. 
30. 
31. 
32. 
33. 
34. ~!@#$%^&*()-=_+
35. 
36. 
37. 
38. sql
39. 
40. bit
41. callBack
42. 
43. pagehelper1.3.0
44. 
45. druidv1.2.1
46. fastjson1.2.74
47. 
48. jna

## v8.6.0-2020.08.01-2020.09.30
1. 
2. AjaxResultput
3. 
4. session
5. 
6. 
7. swaggerUIKnife4j
8. oshiv5.2.5
9. &
10. 
11. springboot2.1.17 
12. $.modal.close
13. excel
14. &/ / 
15. jquery-smartwizard
16. 
17. 
18. 
19. 
20. 
21. 
22. ;
23. 
24. headerStyle
25. (%s )
26. mapper@ComponentCould not autowire. No beans of ''xxx'' type found
27. ExcelNUMERIC
28. druidv1.1.22
29. 
30. CKFidner2.x API
31. 
32. druidv1.1.23
33. mini
34. 
35. defaulttopnav
36. Demoappid
37. footerStyle
38. 
39. 
40. nvarchar
41. 
42. formId
43. Ajaxdemo
44. ExceltargetAttrget
45. remark
46. 
47. Excel
48. 4.4.0
49. 
50. 
51. 
52. 
53. fastjson1.2.73
54. shiro1.6.0
55. ExcelBigDecimal&
56. 
57. 
58. res
59. 
60. jquery-zTree3.5.44
61. html
62. 
63. 
64. 
65. 
66. 
67. 
68. ExcelSTRING
69. 
70. 
71. 50
72. 
73. 

## v8.5.0-2020.06.16-2020.07.30
1. jcpfree&Demo
2. Demo
3. Demo
4. HTMLhtml
5. 
6. loadingFontSize
7. method
8. &
9. 
10. bootstrapTable1.17.1
11. 
12. openTab
13. 
14. 
15. uuid
16. cron
17. 
18. IEtoBlob
19. cropper
20. --
21. 
22. 
23. yml
24. Excelsort
25. 
26. 
27. 
28. 
29. 
30. 
31. 
32. cipherKey
33. &
34. openOptionsmaxmin
35. openOptions
36. 
37. 
38. openOptions
39. 
40. tab
41. 
42. shiro1.5.3 
43. isLinkage
44. ,,
45. 
46. ExceldictType
47. Excel
48. 4.3
49. 
50. ExcelreadConverterExp
51. jquery
52. --
53. 
54. &
55. 
56. 
57. 
58. 
59. 
60. ajaxSuccess
61. HttpUtils.sendPost()url
62. HTML&
63. 
64. BigDecimal
65. &insertRow
66. 

## v8.4.0-2020.05.04-2020.06.15
1. 
2. swagger
3. String
4. dictSort
5. 
6. imageViewtooltip
7. 
8. fastjson1.2.70 
9. demohtml404
10. demo
11. ignore
12. 
13. 
14. selectColumns
15. 
16. 
17. 
18. 
19. http contentType 
20. IP
21. cardView
22. 
23. 
24. Enter
25. 
26. showFullscreen
27. ''A'',''I'',''BUTTON'' clickToSelect
28. paginationLoop
29. String
30. / showAllColumns/hideAllColumns
31. showHeader
32. 
33. label
34. fix bug: =0
35. fastjson1.2.68 
36. list*.vm
37. 
38. data
39. sort
40. js
41. 
42. @Override
43. 
44. 
45. Bootstrapv3.3.7
46. context-path
47. mysqlweb
48. 
49. editFull

## v8.3.0-2020.02.18-2020.05.03
1. 
2. 
3. 
4. 
5. &
6. &
7. 
8. 
9. iframe
10. 
11. logo
12. 
13. 
14. 
15. 
16. 2099-12-31
17. 
18. 
19. 
20. !153 
21. 
22. 
23. 

## v8.2.0-2019.12.01-2020.02.17
1. -CMS-
2. --
3. --
4. 
5. checkbox
6. db
7. druid
8. 0,''0'','''',null
9. 
10. 
11. select2
12. HTML&quot;json
13. HTMLXSS
14. enabled=falsebean
15. 
16. 20
17. 
18. 
19. zip
20. 
21. shiro1.4.2 rememberMe
22. summernotev0.8.12
23. 
24. ExceldateFormat
25. 
26. modehistory#
27. Warshutdown,ehcache
28. 
29. war404500
30. 
31. 
32. serviceImpl updatebug
33. bug
34. thymeleaf
35. select2
36. 
37. tableId
38. 
39. URL
40. bug
41. firstLoad
42. 
43. 
44. 
45. url
46. Tab

## v8.1.0-2019.10.22-2019.11.30
1. 
2. tooltip
3. &
4. 
5. 
6. iframe
7. 
8. 
9. 
10. &
11. jsoup
12. 
13. 
14. sql
15. 
16. 
17. fastjson1.2.60 
18. echarts4.2.1
19. 
20. mybatis
21. 
22. 
23. 
24. 
25. 
26. 
27. 
28. 
29. 
30. 
31. 
32. select2
33. 

## v8.0.0-2019.08.08-2019.10.21
1. 
2. 
3. 
4. 
5. Excel
6. 
7. 
8. 
9. 
10. parentTab
11. 
12. 
13. 
14. 
15. 
16. 
17. 
18. 
19. 
20. 
21. 
22. 
23. 
24. showSearch
25. sortName
26. 
27. 
28. PC
29. 
30. 
31. 
32. 
33. 
34. summernote
35. &
36. 
37. IE
38. 
39. 
40. 
41. 
42. 
43. href
44. 
45. 
46. 
47. Excel&
48. ', '10', '0', 'system', TO_DATE('2021-06-29 16:06:34', 'SYYYY-MM-DD HH24:MI:SS'), 'system', TO_DATE('2021-07-07 17:04:03', 'SYYYY-MM-DD HH24:MI:SS'), '');
INSERT INTO "CMS_HELP_DOC" VALUES ('c7f9f70921954e4e97a28802a904f282', '', '[TOC]
# 
## 
---
![](/zhglxt/userfiles/system/images/helpImages/activiti/1.jpg)

![](/zhglxt/userfiles/system/images/helpImages/activiti/2.jpg)

![](/zhglxt/userfiles/system/images/helpImages/activiti/3.jpg)

## 
![](/zhglxt/userfiles/system/images/helpImages/activiti/4.jpg)

## 
![](/zhglxt/userfiles/system/images/helpImages/activiti/5.jpg)

## 
![](/zhglxt/userfiles/system/images/helpImages/activiti/6.jpg)
  
 - 1 1  2
 - 1

![](/zhglxt/userfiles/system/images/helpImages/activiti/7.jpg)

![](/zhglxt/userfiles/system/images/helpImages/activiti/8.jpg)


![](/zhglxt/userfiles/system/images/helpImages/activiti/9.jpg)

![](/zhglxt/userfiles/system/images/helpImages/activiti/10.jpg)
         

## 
![](/zhglxt/userfiles/system/images/helpImages/activiti/11.jpg)

', '15', '0', 'system', TO_DATE('2021-07-04 16:19:21', 'SYYYY-MM-DD HH24:MI:SS'), 'system', TO_DATE('2021-07-05 17:19:57', 'SYYYY-MM-DD HH24:MI:SS'), '');

-- ----------------------------
-- Table structure for CMS_SITE
-- ----------------------------
DROP TABLE "CMS_SITE";
CREATE TABLE "CMS_SITE" (
  "ID" NVARCHAR2(64) VISIBLE NOT NULL,
  "NAME" NVARCHAR2(100) VISIBLE NOT NULL,
  "TITLE" NVARCHAR2(100) VISIBLE NOT NULL,
  "SITE_DOMAIN" NVARCHAR2(255) VISIBLE,
  "BG_MUSIC" NVARCHAR2(255) VISIBLE,
  "DESCRIPTION" NVARCHAR2(500) VISIBLE,
  "KEYWORDS" NVARCHAR2(255) VISIBLE,
  "COPYRIGHT" NCLOB VISIBLE,
  "SORT" NUMBER(11,0) VISIBLE,
  "STATUS" NCHAR(1) VISIBLE NOT NULL,
  "CREATE_BY" NVARCHAR2(64) VISIBLE,
  "CREATE_TIME" DATE VISIBLE,
  "UPDATE_BY" NVARCHAR2(64) VISIBLE,
  "UPDATE_TIME" DATE VISIBLE,
  "REMARK" NVARCHAR2(255) VISIBLE
)
LOGGING
NOCOMPRESS
PCTFREE 10
INITRANS 1
STORAGE (
  INITIAL 65536 
  NEXT 1048576 
  MINEXTENTS 1
  MAXEXTENTS 2147483645
  BUFFER_POOL DEFAULT
)
PARALLEL 1
NOCACHE
DISABLE ROW MOVEMENT
;
COMMENT ON COLUMN "CMS_SITE"."ID" IS '';
COMMENT ON COLUMN "CMS_SITE"."NAME" IS '';
COMMENT ON COLUMN "CMS_SITE"."TITLE" IS '';
COMMENT ON COLUMN "CMS_SITE"."SITE_DOMAIN" IS '';
COMMENT ON COLUMN "CMS_SITE"."BG_MUSIC" IS '';
COMMENT ON COLUMN "CMS_SITE"."DESCRIPTION" IS '';
COMMENT ON COLUMN "CMS_SITE"."KEYWORDS" IS '';
COMMENT ON COLUMN "CMS_SITE"."COPYRIGHT" IS '';
COMMENT ON COLUMN "CMS_SITE"."SORT" IS '';
COMMENT ON COLUMN "CMS_SITE"."STATUS" IS '0.1.';
COMMENT ON COLUMN "CMS_SITE"."CREATE_BY" IS '';
COMMENT ON COLUMN "CMS_SITE"."CREATE_TIME" IS '';
COMMENT ON COLUMN "CMS_SITE"."UPDATE_BY" IS '';
COMMENT ON COLUMN "CMS_SITE"."UPDATE_TIME" IS '';
COMMENT ON COLUMN "CMS_SITE"."REMARK" IS '';
COMMENT ON TABLE "CMS_SITE" IS '';

-- ----------------------------
-- Records of CMS_SITE
-- ----------------------------
INSERT INTO "CMS_SITE" VALUES ('292cba294f8b4a0eba62452aa21b6ef5', '', 'IT', 'https://www.dlsdys.com', '/zhglxt/userfiles/system/files/music/1617022454093.mp3', '	 Lenovo IBM Dell Oracle IT
	
	', '', '<p style="text-align: center; "><font color="#333333" face="Helvetica Neue, Helvetica, Arial, sans-serif"><span style="font-size: 14px; white-space: pre-wrap;"><a href="http://www.dlsdys.com" target="_blank"></a> | <a href="http://www.dlsdys.com" target="_blank"></a> | <a href="http://www.dlsdys.com" target="_blank"></a></span></font></p><p style="text-align: center; "><span style="color: rgb(51, 51, 51); font-family: &quot;Helvetica Neue&quot;, Helvetica, Arial, sans-serif; font-size: 14px; white-space: pre-wrap;">Copyright  2019-2022 </span><font color="#0088cc" face="Helvetica Neue, Helvetica, Arial, sans-serif"><span style="background-color: rgb(255, 255, 255); white-space: pre-wrap; font-size: 14px;"><a href="http://www.dlsdys.com" target="_blank"><b>liuwy</b></a></span></font><span style="color: rgb(51, 51, 51); font-family: &quot;Helvetica Neue&quot;, Helvetica, Arial, sans-serif; font-size: 14px; white-space: pre-wrap;"><a href="http://www.dlsdys.com" target="_blank"><b> </b></a> </span><font color="#333333" face="Helvetica Neue, Helvetica, Arial, sans-serif"><span style="font-size: 14px; white-space: pre-wrap;">All Rights Reserved</span></font><br></p>', '10', '0', 'system', TO_DATE('2021-01-05 21:22:13', 'SYYYY-MM-DD HH24:MI:SS'), 'system', TO_DATE('2021-06-24 20:52:46', 'SYYYY-MM-DD HH24:MI:SS'), '');

-- ----------------------------
-- Table structure for GEN_TABLE
-- ----------------------------
DROP TABLE "GEN_TABLE";
CREATE TABLE "GEN_TABLE" (
  "TABLE_ID" NUMBER(20,0) VISIBLE NOT NULL,
  "TABLE_NAME" NVARCHAR2(200) VISIBLE,
  "TABLE_COMMENT" NVARCHAR2(500) VISIBLE,
  "SUB_TABLE_NAME" NVARCHAR2(64) VISIBLE,
  "SUB_TABLE_FK_NAME" NVARCHAR2(64) VISIBLE,
  "CLASS_NAME" NVARCHAR2(100) VISIBLE,
  "TPL_CATEGORY" NVARCHAR2(200) VISIBLE,
  "PACKAGE_NAME" NVARCHAR2(100) VISIBLE,
  "MODULE_NAME" NVARCHAR2(30) VISIBLE,
  "BUSINESS_NAME" NVARCHAR2(30) VISIBLE,
  "FUNCTION_NAME" NVARCHAR2(50) VISIBLE,
  "FUNCTION_AUTHOR" NVARCHAR2(50) VISIBLE,
  "GEN_TYPE" NCHAR(1) VISIBLE,
  "GEN_PATH" NVARCHAR2(200) VISIBLE,
  "OPTIONS" NVARCHAR2(1000) VISIBLE,
  "CREATE_BY" NVARCHAR2(64) VISIBLE,
  "CREATE_TIME" DATE VISIBLE,
  "UPDATE_BY" NVARCHAR2(64) VISIBLE,
  "UPDATE_TIME" DATE VISIBLE,
  "REMARK" NVARCHAR2(500) VISIBLE
)
LOGGING
NOCOMPRESS
PCTFREE 10
INITRANS 1
STORAGE (
  INITIAL 65536 
  NEXT 1048576 
  MINEXTENTS 1
  MAXEXTENTS 2147483645
  BUFFER_POOL DEFAULT
)
PARALLEL 1
NOCACHE
DISABLE ROW MOVEMENT
;
COMMENT ON COLUMN "GEN_TABLE"."TABLE_ID" IS '';
COMMENT ON COLUMN "GEN_TABLE"."TABLE_NAME" IS '';
COMMENT ON COLUMN "GEN_TABLE"."TABLE_COMMENT" IS '';
COMMENT ON COLUMN "GEN_TABLE"."SUB_TABLE_NAME" IS '';
COMMENT ON COLUMN "GEN_TABLE"."SUB_TABLE_FK_NAME" IS '';
COMMENT ON COLUMN "GEN_TABLE"."CLASS_NAME" IS '';
COMMENT ON COLUMN "GEN_TABLE"."TPL_CATEGORY" IS 'crud tree';
COMMENT ON COLUMN "GEN_TABLE"."PACKAGE_NAME" IS '';
COMMENT ON COLUMN "GEN_TABLE"."MODULE_NAME" IS '';
COMMENT ON COLUMN "GEN_TABLE"."BUSINESS_NAME" IS '';
COMMENT ON COLUMN "GEN_TABLE"."FUNCTION_NAME" IS '';
COMMENT ON COLUMN "GEN_TABLE"."FUNCTION_AUTHOR" IS '';
COMMENT ON COLUMN "GEN_TABLE"."GEN_TYPE" IS '0zip 1';
COMMENT ON COLUMN "GEN_TABLE"."GEN_PATH" IS '';
COMMENT ON COLUMN "GEN_TABLE"."OPTIONS" IS '';
COMMENT ON COLUMN "GEN_TABLE"."CREATE_BY" IS '';
COMMENT ON COLUMN "GEN_TABLE"."CREATE_TIME" IS '';
COMMENT ON COLUMN "GEN_TABLE"."UPDATE_BY" IS '';
COMMENT ON COLUMN "GEN_TABLE"."UPDATE_TIME" IS '';
COMMENT ON COLUMN "GEN_TABLE"."REMARK" IS '';
COMMENT ON TABLE "GEN_TABLE" IS '';

-- ----------------------------
-- Records of GEN_TABLE
-- ----------------------------
INSERT INTO "GEN_TABLE" VALUES ('1', 't_tree', '', NULL, NULL, 'TTree', 'crud', 'com.zhglxt.system', 'system', 'tree', '', 'liuwy', '0', '/', '{"treeName":"","treeParentCode":"","treeCode":""}', 'system', TO_DATE('2019-10-26 17:41:40', 'SYYYY-MM-DD HH24:MI:SS'), NULL, TO_DATE('2020-06-22 17:48:12', 'SYYYY-MM-DD HH24:MI:SS'), NULL);

-- ----------------------------
-- Table structure for GEN_TABLE_COLUMN
-- ----------------------------
DROP TABLE "GEN_TABLE_COLUMN";
CREATE TABLE "GEN_TABLE_COLUMN" (
  "COLUMN_ID" NUMBER(20,0) VISIBLE NOT NULL,
  "TABLE_ID" NVARCHAR2(64) VISIBLE,
  "COLUMN_NAME" NVARCHAR2(200) VISIBLE,
  "COLUMN_COMMENT" NVARCHAR2(500) VISIBLE,
  "COLUMN_TYPE" NVARCHAR2(100) VISIBLE,
  "JAVA_TYPE" NVARCHAR2(500) VISIBLE,
  "JAVA_FIELD" NVARCHAR2(200) VISIBLE,
  "IS_PK" NCHAR(1) VISIBLE,
  "IS_INCREMENT" NCHAR(1) VISIBLE,
  "IS_REQUIRED" NCHAR(1) VISIBLE,
  "IS_INSERT" NCHAR(1) VISIBLE,
  "IS_EDIT" NCHAR(1) VISIBLE,
  "IS_LIST" NCHAR(1) VISIBLE,
  "IS_QUERY" NCHAR(1) VISIBLE,
  "QUERY_TYPE" NVARCHAR2(200) VISIBLE,
  "HTML_TYPE" NVARCHAR2(200) VISIBLE,
  "DICT_TYPE" NVARCHAR2(200) VISIBLE,
  "SORT" NUMBER(11,0) VISIBLE,
  "CREATE_BY" NVARCHAR2(64) VISIBLE,
  "CREATE_TIME" DATE VISIBLE,
  "UPDATE_BY" NVARCHAR2(64) VISIBLE,
  "UPDATE_TIME" DATE VISIBLE
)
LOGGING
NOCOMPRESS
PCTFREE 10
INITRANS 1
STORAGE (
  INITIAL 65536 
  NEXT 1048576 
  MINEXTENTS 1
  MAXEXTENTS 2147483645
  BUFFER_POOL DEFAULT
)
PARALLEL 1
NOCACHE
DISABLE ROW MOVEMENT
;
COMMENT ON COLUMN "GEN_TABLE_COLUMN"."COLUMN_ID" IS '';
COMMENT ON COLUMN "GEN_TABLE_COLUMN"."TABLE_ID" IS '';
COMMENT ON COLUMN "GEN_TABLE_COLUMN"."COLUMN_NAME" IS '';
COMMENT ON COLUMN "GEN_TABLE_COLUMN"."COLUMN_COMMENT" IS '';
COMMENT ON COLUMN "GEN_TABLE_COLUMN"."COLUMN_TYPE" IS '';
COMMENT ON COLUMN "GEN_TABLE_COLUMN"."JAVA_TYPE" IS 'JAVA';
COMMENT ON COLUMN "GEN_TABLE_COLUMN"."JAVA_FIELD" IS 'JAVA';
COMMENT ON COLUMN "GEN_TABLE_COLUMN"."IS_PK" IS '1';
COMMENT ON COLUMN "GEN_TABLE_COLUMN"."IS_INCREMENT" IS '1';
COMMENT ON COLUMN "GEN_TABLE_COLUMN"."IS_REQUIRED" IS '1';
COMMENT ON COLUMN "GEN_TABLE_COLUMN"."IS_INSERT" IS '1';
COMMENT ON COLUMN "GEN_TABLE_COLUMN"."IS_EDIT" IS '1';
COMMENT ON COLUMN "GEN_TABLE_COLUMN"."IS_LIST" IS '1';
COMMENT ON COLUMN "GEN_TABLE_COLUMN"."IS_QUERY" IS '1';
COMMENT ON COLUMN "GEN_TABLE_COLUMN"."QUERY_TYPE" IS '';
COMMENT ON COLUMN "GEN_TABLE_COLUMN"."HTML_TYPE" IS '';
COMMENT ON COLUMN "GEN_TABLE_COLUMN"."DICT_TYPE" IS '';
COMMENT ON COLUMN "GEN_TABLE_COLUMN"."SORT" IS '';
COMMENT ON COLUMN "GEN_TABLE_COLUMN"."CREATE_BY" IS '';
COMMENT ON COLUMN "GEN_TABLE_COLUMN"."CREATE_TIME" IS '';
COMMENT ON COLUMN "GEN_TABLE_COLUMN"."UPDATE_BY" IS '';
COMMENT ON COLUMN "GEN_TABLE_COLUMN"."UPDATE_TIME" IS '';
COMMENT ON TABLE "GEN_TABLE_COLUMN" IS '';

-- ----------------------------
-- Records of GEN_TABLE_COLUMN
-- ----------------------------
INSERT INTO "GEN_TABLE_COLUMN" VALUES ('1', '1', 'id', 'id', 'varchar(50)', 'String', 'id', '1', '0', NULL, '1', NULL, NULL, NULL, 'EQ', 'input', NULL, '1', 'system', TO_DATE('2019-10-26 17:41:40', 'SYYYY-MM-DD HH24:MI:SS'), NULL, TO_DATE('2020-06-22 17:48:12', 'SYYYY-MM-DD HH24:MI:SS'));
INSERT INTO "GEN_TABLE_COLUMN" VALUES ('2', '1', 'pid', 'id', 'varchar(50)', 'String', 'pid', '0', '0', '1', '1', '1', '1', '1', 'EQ', 'input', NULL, '2', 'system', TO_DATE('2019-10-26 17:41:40', 'SYYYY-MM-DD HH24:MI:SS'), NULL, TO_DATE('2020-06-22 17:48:12', 'SYYYY-MM-DD HH24:MI:SS'));
INSERT INTO "GEN_TABLE_COLUMN" VALUES ('3', '1', 'name', '', 'varchar(100)', 'String', 'name', '0', '0', '1', '1', '1', '1', '1', 'LIKE', 'input', NULL, '3', 'system', TO_DATE('2019-10-26 17:41:40', 'SYYYY-MM-DD HH24:MI:SS'), NULL, TO_DATE('2020-06-22 17:48:12', 'SYYYY-MM-DD HH24:MI:SS'));
INSERT INTO "GEN_TABLE_COLUMN" VALUES ('4', '1', 'gsqy', '', 'varchar(10)', 'String', 'gsqy', '0', '0', NULL, '1', '1', '1', '1', 'EQ', 'input', NULL, '4', 'system', TO_DATE('2019-10-26 17:41:40', 'SYYYY-MM-DD HH24:MI:SS'), NULL, TO_DATE('2020-06-22 17:48:12', 'SYYYY-MM-DD HH24:MI:SS'));
INSERT INTO "GEN_TABLE_COLUMN" VALUES ('5', '1', 'jgdm', '', 'varchar(20)', 'String', 'jgdm', '0', '0', NULL, '1', '1', '1', '1', 'EQ', 'input', NULL, '5', 'system', TO_DATE('2019-10-26 17:41:40', 'SYYYY-MM-DD HH24:MI:SS'), NULL, TO_DATE('2020-06-22 17:48:12', 'SYYYY-MM-DD HH24:MI:SS'));
INSERT INTO "GEN_TABLE_COLUMN" VALUES ('6', '1', 'jglx', '', 'varchar(20)', 'String', 'jglx', '0', '0', NULL, '1', '1', '1', '1', 'EQ', 'input', NULL, '6', 'system', TO_DATE('2019-10-26 17:41:40', 'SYYYY-MM-DD HH24:MI:SS'), NULL, TO_DATE('2020-06-22 17:48:12', 'SYYYY-MM-DD HH24:MI:SS'));
INSERT INTO "GEN_TABLE_COLUMN" VALUES ('7', '1', 'remarks', '', 'varchar(255)', 'String', 'remarks', '0', '0', NULL, '1', '1', '1', '1', 'EQ', 'input', NULL, '7', 'system', TO_DATE('2019-10-26 17:41:40', 'SYYYY-MM-DD HH24:MI:SS'), NULL, TO_DATE('2020-06-22 17:48:12', 'SYYYY-MM-DD HH24:MI:SS'));

-- ----------------------------
-- Table structure for OA_LEAVE
-- ----------------------------
DROP TABLE "OA_LEAVE";
CREATE TABLE "OA_LEAVE" (
  "ID" NVARCHAR2(64) VISIBLE NOT NULL,
  "PROC_INS_ID" NVARCHAR2(64) VISIBLE,
  "USER_ID" NVARCHAR2(64) VISIBLE,
  "OFFICE_ID" NVARCHAR2(64) VISIBLE,
  "POST" NVARCHAR2(255) VISIBLE,
  "CONTENT" NVARCHAR2(255) VISIBLE,
  "START_TIME" DATE VISIBLE NOT NULL,
  "END_TIME" DATE VISIBLE NOT NULL,
  "CREATE_BY" NVARCHAR2(64) VISIBLE NOT NULL,
  "CREATE_DATE" DATE VISIBLE NOT NULL,
  "UPDATE_BY" NVARCHAR2(64) VISIBLE NOT NULL,
  "UPDATE_DATE" DATE VISIBLE NOT NULL,
  "REMARKS" NVARCHAR2(255) VISIBLE,
  "EXE_DATE" NVARCHAR2(255) VISIBLE,
  "DEPT_TEXT" NVARCHAR2(255) VISIBLE,
  "HR_TEXT" NVARCHAR2(255) VISIBLE,
  "ZJL_TEXT" NVARCHAR2(255) VISIBLE,
  "DEL_FLAG" NCHAR(1) VISIBLE DEFAULT 0 NOT NULL
)
LOGGING
NOCOMPRESS
PCTFREE 10
INITRANS 1
STORAGE (
  INITIAL 65536 
  NEXT 1048576 
  MINEXTENTS 1
  MAXEXTENTS 2147483645
  BUFFER_POOL DEFAULT
)
PARALLEL 1
NOCACHE
DISABLE ROW MOVEMENT
;
COMMENT ON COLUMN "OA_LEAVE"."ID" IS '';
COMMENT ON COLUMN "OA_LEAVE"."PROC_INS_ID" IS 'ID';
COMMENT ON COLUMN "OA_LEAVE"."USER_ID" IS 'ID';
COMMENT ON COLUMN "OA_LEAVE"."OFFICE_ID" IS '';
COMMENT ON COLUMN "OA_LEAVE"."POST" IS '';
COMMENT ON COLUMN "OA_LEAVE"."CONTENT" IS '';
COMMENT ON COLUMN "OA_LEAVE"."START_TIME" IS '';
COMMENT ON COLUMN "OA_LEAVE"."END_TIME" IS '';
COMMENT ON COLUMN "OA_LEAVE"."CREATE_BY" IS '';
COMMENT ON COLUMN "OA_LEAVE"."CREATE_DATE" IS '';
COMMENT ON COLUMN "OA_LEAVE"."UPDATE_BY" IS '';
COMMENT ON COLUMN "OA_LEAVE"."UPDATE_DATE" IS '';
COMMENT ON COLUMN "OA_LEAVE"."REMARKS" IS '';
COMMENT ON COLUMN "OA_LEAVE"."EXE_DATE" IS '';
COMMENT ON COLUMN "OA_LEAVE"."DEPT_TEXT" IS '';
COMMENT ON COLUMN "OA_LEAVE"."HR_TEXT" IS 'HR';
COMMENT ON COLUMN "OA_LEAVE"."ZJL_TEXT" IS '';
COMMENT ON COLUMN "OA_LEAVE"."DEL_FLAG" IS '';
COMMENT ON TABLE "OA_LEAVE" IS '';

-- ----------------------------
-- Records of OA_LEAVE
-- ----------------------------
INSERT INTO "OA_LEAVE" VALUES ('c332c4e1f25343fe9eb43c3746ad5ff2', '8', '1', '100', '', '', TO_DATE('2022-11-14 09:00:00', 'SYYYY-MM-DD HH24:MI:SS'), TO_DATE('2022-11-18 18:00:00', 'SYYYY-MM-DD HH24:MI:SS'), '1', TO_DATE('2022-11-12 21:46:14', 'SYYYY-MM-DD HH24:MI:SS'), '1', TO_DATE('2022-11-12 21:46:14', 'SYYYY-MM-DD HH24:MI:SS'), '', NULL, NULL, NULL, NULL, '1');
INSERT INTO "OA_LEAVE" VALUES ('81ea726a5cc04d7289783e847d72c7cc', '24', '1', '100', '', '', TO_DATE('2022-11-14 09:00:00', 'SYYYY-MM-DD HH24:MI:SS'), TO_DATE('2022-11-18 18:00:00', 'SYYYY-MM-DD HH24:MI:SS'), '1', TO_DATE('2022-11-12 21:48:52', 'SYYYY-MM-DD HH24:MI:SS'), '4', TO_DATE('2022-11-12 21:51:07', 'SYYYY-MM-DD HH24:MI:SS'), '', NULL, '[] ', '[] ', '[] ', '1');
INSERT INTO "OA_LEAVE" VALUES ('3fc07d91cfbc4229ab3d167f994bc3ac', '62', '1', '100', '', '', TO_DATE('2022-11-21 09:00:00', 'SYYYY-MM-DD HH24:MI:SS'), TO_DATE('2022-11-25 18:00:00', 'SYYYY-MM-DD HH24:MI:SS'), '1', TO_DATE('2022-11-12 21:52:12', 'SYYYY-MM-DD HH24:MI:SS'), '1', TO_DATE('2022-11-12 21:52:12', 'SYYYY-MM-DD HH24:MI:SS'), '', NULL, NULL, NULL, NULL, '1');
INSERT INTO "OA_LEAVE" VALUES ('44b653708c264242b9149394ee579f94', '182509', '1', '100', 'java', '', TO_DATE('2021-06-28 09:00:00', 'SYYYY-MM-DD HH24:MI:SS'), TO_DATE('2021-06-29 18:00:00', 'SYYYY-MM-DD HH24:MI:SS'), '1', TO_DATE('2021-06-25 22:46:44', 'SYYYY-MM-DD HH24:MI:SS'), '14', TO_DATE('2021-06-25 22:48:03', 'SYYYY-MM-DD HH24:MI:SS'), '', NULL, '[] ', '[] ', NULL, '1');
INSERT INTO "OA_LEAVE" VALUES ('52b6ba2ffe4e403387e9f7167774b189', '185022', '6', '114', '2', '2', TO_DATE('2021-07-05 09:00:00', 'SYYYY-MM-DD HH24:MI:SS'), TO_DATE('2021-07-09 18:00:00', 'SYYYY-MM-DD HH24:MI:SS'), '6', TO_DATE('2021-07-04 22:20:33', 'SYYYY-MM-DD HH24:MI:SS'), '14', TO_DATE('2021-07-04 22:21:17', 'SYYYY-MM-DD HH24:MI:SS'), '2', NULL, '[] ', '[] ', NULL, '1');
INSERT INTO "OA_LEAVE" VALUES ('7ac5428a44954768896469866d955dae', '182605', '1', '100', 'java', '', TO_DATE('2021-06-28 09:00:00', 'SYYYY-MM-DD HH24:MI:SS'), TO_DATE('2021-07-01 18:00:00', 'SYYYY-MM-DD HH24:MI:SS'), '1', TO_DATE('2021-06-25 22:56:32', 'SYYYY-MM-DD HH24:MI:SS'), '1', TO_DATE('2021-06-25 22:56:32', 'SYYYY-MM-DD HH24:MI:SS'), '', NULL, NULL, NULL, NULL, '1');
INSERT INTO "OA_LEAVE" VALUES ('a1da955fd533434581e66c04cc11334b', '182540', '1', '100', 'java', '', TO_DATE('2021-06-28 09:00:00', 'SYYYY-MM-DD HH24:MI:SS'), TO_DATE('2021-07-01 18:00:00', 'SYYYY-MM-DD HH24:MI:SS'), '1', TO_DATE('2021-06-25 22:49:13', 'SYYYY-MM-DD HH24:MI:SS'), '4', TO_DATE('2021-06-25 22:52:01', 'SYYYY-MM-DD HH24:MI:SS'), '', NULL, '[] ', '[] ', '[] ', '1');
INSERT INTO "OA_LEAVE" VALUES ('f254988945f34190b52592524192fb5c', '185001', '5', '114', '', '', TO_DATE('2021-07-05 09:00:00', 'SYYYY-MM-DD HH24:MI:SS'), TO_DATE('2021-07-09 18:00:00', 'SYYYY-MM-DD HH24:MI:SS'), '5', TO_DATE('2021-07-04 22:14:14', 'SYYYY-MM-DD HH24:MI:SS'), '1', TO_DATE('2021-07-04 22:16:16', 'SYYYY-MM-DD HH24:MI:SS'), '', NULL, '[] ', NULL, NULL, '1');
INSERT INTO "OA_LEAVE" VALUES ('b6295963d2be49da95d74a0f46171c61', '8', '1', '100', '', '', TO_DATE('2022-11-14 09:00:00', 'SYYYY-MM-DD HH24:MI:SS'), TO_DATE('2022-11-18 18:00:00', 'SYYYY-MM-DD HH24:MI:SS'), '1', TO_DATE('2022-11-13 18:29:51', 'SYYYY-MM-DD HH24:MI:SS'), '4', TO_DATE('2022-11-13 18:31:54', 'SYYYY-MM-DD HH24:MI:SS'), '', NULL, '[] ', '[] ', '[] ', '0');
INSERT INTO "OA_LEAVE" VALUES ('17522db8db5b4f70a99ee72e25c254a5', '46', '1', '100', '', '', TO_DATE('2022-11-21 09:00:00', 'SYYYY-MM-DD HH24:MI:SS'), TO_DATE('2022-11-25 18:00:00', 'SYYYY-MM-DD HH24:MI:SS'), '1', TO_DATE('2022-11-13 18:32:42', 'SYYYY-MM-DD HH24:MI:SS'), '1', TO_DATE('2022-11-13 18:32:42', 'SYYYY-MM-DD HH24:MI:SS'), '', NULL, NULL, NULL, NULL, '0');

-- ----------------------------
-- Table structure for OA_NOTIFY
-- ----------------------------
DROP TABLE "OA_NOTIFY";
CREATE TABLE "OA_NOTIFY" (
  "ID" NVARCHAR2(64) VISIBLE NOT NULL,
  "NOTIFY_TYPE" NCHAR(1) VISIBLE,
  "NOTIFY_TITLE" NVARCHAR2(200) VISIBLE,
  "NOTIFY_CONTENT" NCLOB VISIBLE,
  "FILES" NCLOB VISIBLE,
  "STATUS" NCHAR(1) VISIBLE,
  "CREATE_BY" NVARCHAR2(64) VISIBLE NOT NULL,
  "CREATE_TIME" DATE VISIBLE NOT NULL,
  "UPDATE_BY" NVARCHAR2(64) VISIBLE NOT NULL,
  "UPDATE_TIME" DATE VISIBLE NOT NULL,
  "REMARK" NVARCHAR2(255) VISIBLE,
  "DEL_FLAG" NCHAR(1) VISIBLE NOT NULL
)
LOGGING
NOCOMPRESS
PCTFREE 10
INITRANS 1
STORAGE (
  INITIAL 65536 
  NEXT 1048576 
  MINEXTENTS 1
  MAXEXTENTS 2147483645
  BUFFER_POOL DEFAULT
)
PARALLEL 1
NOCACHE
DISABLE ROW MOVEMENT
;
COMMENT ON COLUMN "OA_NOTIFY"."ID" IS '';
COMMENT ON COLUMN "OA_NOTIFY"."NOTIFY_TYPE" IS '';
COMMENT ON COLUMN "OA_NOTIFY"."NOTIFY_TITLE" IS '';
COMMENT ON COLUMN "OA_NOTIFY"."NOTIFY_CONTENT" IS '';
COMMENT ON COLUMN "OA_NOTIFY"."FILES" IS '';
COMMENT ON COLUMN "OA_NOTIFY"."STATUS" IS '';
COMMENT ON COLUMN "OA_NOTIFY"."CREATE_BY" IS '';
COMMENT ON COLUMN "OA_NOTIFY"."CREATE_TIME" IS '';
COMMENT ON COLUMN "OA_NOTIFY"."UPDATE_BY" IS '';
COMMENT ON COLUMN "OA_NOTIFY"."UPDATE_TIME" IS '';
COMMENT ON COLUMN "OA_NOTIFY"."REMARK" IS '';
COMMENT ON COLUMN "OA_NOTIFY"."DEL_FLAG" IS '(012)';
COMMENT ON TABLE "OA_NOTIFY" IS '';

-- ----------------------------
-- Records of OA_NOTIFY
-- ----------------------------
INSERT INTO "OA_NOTIFY" VALUES ('1f3bf4fcad934e51b86f9ee661457b05', '4', '', '<p><b><span style="font-size: 18px;">&nbsp; &nbsp; &nbsp; &nbsp; &nbsp; &nbsp; &nbsp; &nbsp; &nbsp; &nbsp; &nbsp; &nbsp; &nbsp; &nbsp; &nbsp; &nbsp; &nbsp; &nbsp; &nbsp; &nbsp; &nbsp; &nbsp; &nbsp; &nbsp; &nbsp; &nbsp; &nbsp; &nbsp; &nbsp; &nbsp; &nbsp; &nbsp; &nbsp; &nbsp; &nbsp; &nbsp; &nbsp; &nbsp; &nbsp; &nbsp; &nbsp; &nbsp; &nbsp; &nbsp; &nbsp; &nbsp; &nbsp; &nbsp; &nbsp; &nbsp; &nbsp; &nbsp; &nbsp; &nbsp; &nbsp; &nbsp; &nbsp; &nbsp;</span></b></p><p><span style="font-size: 18px;">&nbsp; &nbsp; &nbsp; &nbsp; &nbsp; &nbsp; &nbsp; &nbsp; &nbsp; &nbsp;</span><span style="font-size: 18px;">2020-12-21 18:00:00</span></p><p><b><span style="font-size: 18px;"><br></span></b></p><p><br></p><p><span style="font-size: 18px;"><span style="font-size: 14px;">&nbsp; &nbsp; &nbsp; &nbsp; &nbsp; &nbsp; &nbsp; &nbsp; &nbsp; &nbsp; &nbsp; &nbsp; &nbsp; &nbsp; &nbsp; &nbsp; &nbsp; &nbsp; &nbsp; &nbsp; &nbsp; &nbsp; &nbsp; &nbsp; &nbsp; &nbsp; &nbsp; &nbsp; &nbsp; &nbsp; &nbsp; &nbsp; &nbsp; &nbsp; &nbsp; &nbsp; &nbsp; &nbsp; &nbsp; &nbsp; &nbsp; &nbsp; &nbsp; &nbsp; &nbsp; &nbsp; &nbsp; &nbsp; &nbsp; &nbsp; &nbsp; &nbsp; &nbsp; &nbsp; &nbsp; &nbsp; &nbsp; &nbsp; &nbsp; &nbsp; &nbsp; &nbsp; &nbsp; &nbsp; &nbsp; &nbsp; &nbsp; &nbsp; &nbsp; &nbsp; &nbsp; &nbsp; &nbsp; &nbsp; &nbsp; &nbsp; &nbsp; &nbsp; &nbsp; &nbsp; &nbsp; &nbsp; &nbsp; &nbsp; &nbsp; &nbsp; &nbsp; &nbsp; &nbsp; &nbsp; &nbsp; &nbsp; &nbsp; &nbsp; &nbsp; &nbsp; &nbsp; &nbsp; &nbsp; &nbsp; &nbsp; &nbsp; &nbsp; &nbsp; &nbsp; &nbsp; &nbsp; &nbsp; &nbsp; &nbsp; &nbsp; &nbsp; &nbsp; &nbsp; &nbsp; &nbsp; &nbsp; &nbsp; &nbsp; &nbsp; &nbsp; &nbsp; &nbsp; &nbsp; &nbsp; &nbsp; &nbsp; &nbsp; &nbsp; &nbsp; &nbsp; &nbsp; &nbsp; &nbsp; &nbsp; &nbsp; &nbsp; &nbsp; &nbsp; &nbsp; &nbsp; &nbsp; &nbsp; &nbsp; &nbsp; &nbsp; &nbsp; &nbsp; &nbsp; &nbsp; </span></span></p><p><span style="font-size: 18px;"><span style="font-size: 14px;">&nbsp; &nbsp; &nbsp; &nbsp; &nbsp; &nbsp; &nbsp; &nbsp; &nbsp; &nbsp; &nbsp; &nbsp; &nbsp; &nbsp; &nbsp; &nbsp; &nbsp; &nbsp; &nbsp; &nbsp; &nbsp; &nbsp; &nbsp; &nbsp; &nbsp; &nbsp; &nbsp; &nbsp; &nbsp; &nbsp; &nbsp; &nbsp; &nbsp; &nbsp; &nbsp; &nbsp; &nbsp; &nbsp; &nbsp; &nbsp; &nbsp; &nbsp; &nbsp; &nbsp; &nbsp; &nbsp; &nbsp; &nbsp; &nbsp; &nbsp; &nbsp; &nbsp; &nbsp; &nbsp; &nbsp; &nbsp; &nbsp; &nbsp; &nbsp; &nbsp; &nbsp; &nbsp; &nbsp; &nbsp; &nbsp; &nbsp; &nbsp; &nbsp; &nbsp; &nbsp; &nbsp; &nbsp; &nbsp; &nbsp; &nbsp; &nbsp; &nbsp; &nbsp; &nbsp; &nbsp; &nbsp; &nbsp; &nbsp; &nbsp; &nbsp; &nbsp; &nbsp; &nbsp; &nbsp; &nbsp; &nbsp; &nbsp; &nbsp; &nbsp; &nbsp; &nbsp; &nbsp; &nbsp; &nbsp; &nbsp; &nbsp; &nbsp; &nbsp; &nbsp; &nbsp; &nbsp; &nbsp; &nbsp; &nbsp; &nbsp; &nbsp; &nbsp; &nbsp; &nbsp; &nbsp; &nbsp; &nbsp; &nbsp; &nbsp; &nbsp; &nbsp; &nbsp; &nbsp; &nbsp; &nbsp; &nbsp; &nbsp; &nbsp; &nbsp; &nbsp; &nbsp; &nbsp; &nbsp; &nbsp; &nbsp; &nbsp; &nbsp; &nbsp; &nbsp; &nbsp; &nbsp; &nbsp; &nbsp; &nbsp; &nbsp; &nbsp; &nbsp; &nbsp; &nbsp; &nbsp; 2020.12.21</span></span></p>', NULL, '1', 'system', TO_DATE('2020-12-21 12:23:55', 'SYYYY-MM-DD HH24:MI:SS'), 'system', TO_DATE('2020-12-21 12:23:55', 'SYYYY-MM-DD HH24:MI:SS'), NULL, '0');
INSERT INTO "OA_NOTIFY" VALUES ('6130d536bd274753ac7440d0a09e1520', '1', '', '<p>  </p>', NULL, '1', 'system', TO_DATE('2021-06-28 16:04:13', 'SYYYY-MM-DD HH24:MI:SS'), 'system', TO_DATE('2021-06-28 16:04:13', 'SYYYY-MM-DD HH24:MI:SS'), NULL, '0');
INSERT INTO "OA_NOTIFY" VALUES ('61d351b9f34d4c70a0e565bf47a35af9', '4', '', '<p></p>', NULL, '1', 'system', TO_DATE('2021-06-28 16:17:37', 'SYYYY-MM-DD HH24:MI:SS'), 'system', TO_DATE('2021-06-28 16:17:37', 'SYYYY-MM-DD HH24:MI:SS'), NULL, '0');
INSERT INTO "OA_NOTIFY" VALUES ('769607caf5e245f3ba3a4291649ed855', '4', '', '<p style="text-align: center; "><b><span style="font-size: 18px;">&nbsp;</span></b></p><p><span style="font-size: 18px;"></span><span style="font-size: 18px;">2021-06-05 18:00:00</span></p><p><b><span style="font-size: 18px;"><br></span></b></p><p><br></p><p><span style="font-size: 18px;"><span style="font-size: 14px;">&nbsp; &nbsp; &nbsp; &nbsp; &nbsp; &nbsp; &nbsp; &nbsp; &nbsp; &nbsp; &nbsp; &nbsp; &nbsp; &nbsp; &nbsp; &nbsp; &nbsp; &nbsp; &nbsp; &nbsp; &nbsp; &nbsp; &nbsp; &nbsp; &nbsp; &nbsp; &nbsp; &nbsp; &nbsp; &nbsp; &nbsp; &nbsp; &nbsp; &nbsp; &nbsp; &nbsp; &nbsp; &nbsp; &nbsp; &nbsp; &nbsp; &nbsp; &nbsp; &nbsp; &nbsp; &nbsp; &nbsp; &nbsp; &nbsp; &nbsp; &nbsp; &nbsp; &nbsp; &nbsp; &nbsp; &nbsp; &nbsp; &nbsp; &nbsp; &nbsp; &nbsp; &nbsp; &nbsp; &nbsp; &nbsp; &nbsp; &nbsp; &nbsp; &nbsp; &nbsp; &nbsp; &nbsp; &nbsp; &nbsp; &nbsp; &nbsp; &nbsp; &nbsp; &nbsp; &nbsp; &nbsp; &nbsp; &nbsp; &nbsp; &nbsp; &nbsp; &nbsp; &nbsp; &nbsp; &nbsp; &nbsp; &nbsp; &nbsp; &nbsp; &nbsp; &nbsp; &nbsp; &nbsp; &nbsp; &nbsp; &nbsp; &nbsp; &nbsp; &nbsp; &nbsp; &nbsp; &nbsp; &nbsp; &nbsp; &nbsp; &nbsp; &nbsp; &nbsp; &nbsp; &nbsp; &nbsp; &nbsp; &nbsp; &nbsp; &nbsp; &nbsp; &nbsp; &nbsp; &nbsp; &nbsp; &nbsp; &nbsp; &nbsp; &nbsp; &nbsp; &nbsp; &nbsp; &nbsp; &nbsp; &nbsp; &nbsp; &nbsp; &nbsp; &nbsp; &nbsp; &nbsp; &nbsp; &nbsp; &nbsp; &nbsp; &nbsp; &nbsp; &nbsp; &nbsp; &nbsp; </span></span></p><p><span style="font-size: 18px;"><span style="font-size: 14px;">&nbsp; &nbsp; &nbsp; &nbsp; &nbsp; &nbsp; &nbsp; &nbsp; &nbsp; &nbsp; &nbsp; &nbsp; &nbsp; &nbsp; &nbsp; &nbsp; &nbsp; &nbsp; &nbsp; &nbsp; &nbsp; &nbsp; &nbsp; &nbsp; &nbsp; &nbsp; &nbsp; &nbsp; &nbsp; &nbsp; &nbsp; &nbsp; &nbsp; &nbsp; &nbsp; &nbsp; &nbsp; &nbsp; &nbsp; &nbsp; &nbsp; &nbsp; &nbsp; &nbsp; &nbsp; &nbsp; &nbsp; &nbsp; &nbsp; &nbsp; &nbsp; &nbsp; &nbsp; &nbsp; &nbsp; &nbsp; &nbsp; &nbsp; &nbsp; &nbsp; &nbsp; &nbsp; &nbsp; &nbsp; &nbsp; &nbsp; &nbsp; &nbsp; &nbsp; &nbsp; &nbsp; &nbsp; &nbsp; &nbsp; &nbsp; &nbsp; &nbsp; &nbsp; &nbsp; &nbsp; &nbsp; &nbsp; &nbsp; &nbsp; &nbsp; &nbsp; &nbsp; &nbsp; &nbsp; &nbsp; &nbsp; &nbsp; &nbsp; &nbsp; &nbsp; &nbsp; &nbsp; &nbsp; &nbsp; &nbsp; &nbsp; &nbsp; &nbsp; &nbsp; &nbsp; &nbsp; &nbsp; &nbsp; &nbsp; &nbsp; &nbsp; &nbsp; &nbsp; &nbsp; &nbsp; &nbsp; &nbsp; &nbsp; &nbsp; &nbsp; &nbsp; &nbsp; &nbsp; &nbsp; &nbsp; &nbsp; &nbsp; &nbsp; &nbsp; &nbsp; &nbsp; &nbsp; &nbsp; &nbsp; &nbsp; &nbsp; &nbsp; &nbsp; &nbsp; &nbsp; &nbsp; &nbsp; &nbsp; &nbsp; &nbsp; &nbsp; &nbsp; &nbsp; &nbsp; &nbsp; 2021.06.04</span></span></p>', NULL, '1', 'system', TO_DATE('2021-06-04 22:23:39', 'SYYYY-MM-DD HH24:MI:SS'), 'system', TO_DATE('2021-06-04 22:23:39', 'SYYYY-MM-DD HH24:MI:SS'), NULL, '0');
INSERT INTO "OA_NOTIFY" VALUES ('8627cfb97e3742a289b643241de56f26', '4', '', '<p></p>', NULL, '1', 'system', TO_DATE('2021-06-28 18:12:51', 'SYYYY-MM-DD HH24:MI:SS'), 'system', TO_DATE('2021-06-28 18:12:51', 'SYYYY-MM-DD HH24:MI:SS'), NULL, '0');
INSERT INTO "OA_NOTIFY" VALUES ('ff68c5da85404b01a39b93f6cfea1ace', '1', '', '<p></p>', NULL, '1', 'system', TO_DATE('2021-06-27 23:19:24', 'SYYYY-MM-DD HH24:MI:SS'), 'system', TO_DATE('2021-06-27 23:19:24', 'SYYYY-MM-DD HH24:MI:SS'), NULL, '0');

-- ----------------------------
-- Table structure for OA_NOTIFY_RECORD
-- ----------------------------
DROP TABLE "OA_NOTIFY_RECORD";
CREATE TABLE "OA_NOTIFY_RECORD" (
  "ID" NVARCHAR2(64) VISIBLE NOT NULL,
  "NOTIFY_ID" NVARCHAR2(64) VISIBLE,
  "USER_ID" NVARCHAR2(64) VISIBLE,
  "READ_FLAG" NCHAR(1) VISIBLE,
  "READ_DATE" DATE VISIBLE
)
LOGGING
NOCOMPRESS
PCTFREE 10
INITRANS 1
STORAGE (
  INITIAL 65536 
  NEXT 1048576 
  MINEXTENTS 1
  MAXEXTENTS 2147483645
  BUFFER_POOL DEFAULT
)
PARALLEL 1
NOCACHE
DISABLE ROW MOVEMENT
;
COMMENT ON COLUMN "OA_NOTIFY_RECORD"."ID" IS '';
COMMENT ON COLUMN "OA_NOTIFY_RECORD"."NOTIFY_ID" IS 'ID';
COMMENT ON COLUMN "OA_NOTIFY_RECORD"."USER_ID" IS '';
COMMENT ON COLUMN "OA_NOTIFY_RECORD"."READ_FLAG" IS '';
COMMENT ON COLUMN "OA_NOTIFY_RECORD"."READ_DATE" IS '';
COMMENT ON TABLE "OA_NOTIFY_RECORD" IS '';

-- ----------------------------
-- Records of OA_NOTIFY_RECORD
-- ----------------------------
INSERT INTO "OA_NOTIFY_RECORD" VALUES ('0aed096b8aa94b79bf2ac33b42cac1da', 'ff0ce9b990634f71b40a0d9678242c59', '13', '0', NULL);
INSERT INTO "OA_NOTIFY_RECORD" VALUES ('0d24cda4d0e74fe485706140038fc840', 'ff68c5da85404b01a39b93f6cfea1ace', '7', '0', NULL);
INSERT INTO "OA_NOTIFY_RECORD" VALUES ('0fad2feb3edc4cd69db176c1e0c20833', 'ff0ce9b990634f71b40a0d9678242c59', '2', '1', TO_DATE('2020-12-21 00:00:00', 'SYYYY-MM-DD HH24:MI:SS'));
INSERT INTO "OA_NOTIFY_RECORD" VALUES ('126a5134dbaf4f14843248574e535381', '61d351b9f34d4c70a0e565bf47a35af9', '6', '0', NULL);
INSERT INTO "OA_NOTIFY_RECORD" VALUES ('1489c075d9de4c308b56a1c79fd1d7e6', '8627cfb97e3742a289b643241de56f26', '1', '1', TO_DATE('2022-11-05 00:00:00', 'SYYYY-MM-DD HH24:MI:SS'));
INSERT INTO "OA_NOTIFY_RECORD" VALUES ('17944460e7d94510ab34062f4e673b49', '6130d536bd274753ac7440d0a09e1520', '4', '0', NULL);
INSERT INTO "OA_NOTIFY_RECORD" VALUES ('202e56763bc2454db88c7939f54d366a', 'ff68c5da85404b01a39b93f6cfea1ace', '4', '0', NULL);
INSERT INTO "OA_NOTIFY_RECORD" VALUES ('2723d6bfa3604d3481c77355123fdf78', '1f3bf4fcad934e51b86f9ee661457b05', '7', '0', NULL);
INSERT INTO "OA_NOTIFY_RECORD" VALUES ('2c2b20eb3e8840c6bb21dad87a32324f', '769607caf5e245f3ba3a4291649ed855', '6', '0', NULL);
INSERT INTO "OA_NOTIFY_RECORD" VALUES ('37903026a72045ebb19410570f66186c', 'ff0ce9b990634f71b40a0d9678242c59', '11', '0', NULL);
INSERT INTO "OA_NOTIFY_RECORD" VALUES ('4110db549af84c6694e898a96a2c3d33', 'ff68c5da85404b01a39b93f6cfea1ace', '8', '0', NULL);
INSERT INTO "OA_NOTIFY_RECORD" VALUES ('43354c9bbaea4119a5ebb0b74529ce19', 'ff0ce9b990634f71b40a0d9678242c59', '8', '0', NULL);
INSERT INTO "OA_NOTIFY_RECORD" VALUES ('4bcf94dc9d054785bbda8f997df6231b', 'ff0ce9b990634f71b40a0d9678242c59', '5', '0', NULL);
INSERT INTO "OA_NOTIFY_RECORD" VALUES ('4cd2ae40fad345d1a60889dc7551fc3e', '1f3bf4fcad934e51b86f9ee661457b05', '1', '1', TO_DATE('2021-06-04 00:00:00', 'SYYYY-MM-DD HH24:MI:SS'));
INSERT INTO "OA_NOTIFY_RECORD" VALUES ('4d002759255c4d7ea0cac950f5f3125d', '61d351b9f34d4c70a0e565bf47a35af9', '5', '0', NULL);
INSERT INTO "OA_NOTIFY_RECORD" VALUES ('4ed405bbc0b0445a85b128f830c07d49', '1f3bf4fcad934e51b86f9ee661457b05', '4', '0', NULL);
INSERT INTO "OA_NOTIFY_RECORD" VALUES ('564c97f06ba345b1918044ecf1222aa8', '1f3bf4fcad934e51b86f9ee661457b05', '3', '0', NULL);
INSERT INTO "OA_NOTIFY_RECORD" VALUES ('5793c59bf64e437d9277dac188d3fc70', '769607caf5e245f3ba3a4291649ed855', '1', '1', TO_DATE('2022-11-04 00:00:00', 'SYYYY-MM-DD HH24:MI:SS'));
INSERT INTO "OA_NOTIFY_RECORD" VALUES ('5a65da51f41f47c2955a4a4416901ace', '769607caf5e245f3ba3a4291649ed855', '10', '0', NULL);
INSERT INTO "OA_NOTIFY_RECORD" VALUES ('5b99ccbd570149428459262d730adffc', '769607caf5e245f3ba3a4291649ed855', '5', '0', NULL);
INSERT INTO "OA_NOTIFY_RECORD" VALUES ('5f368a21faba4b288583f325f18e83dd', 'ff0ce9b990634f71b40a0d9678242c59', '1', '1', TO_DATE('2020-12-20 00:00:00', 'SYYYY-MM-DD HH24:MI:SS'));
INSERT INTO "OA_NOTIFY_RECORD" VALUES ('622dfecfce8541df8a1206f256a35677', '8627cfb97e3742a289b643241de56f26', '14', '0', NULL);
INSERT INTO "OA_NOTIFY_RECORD" VALUES ('690a41d2d961496db595decb61b08015', '8627cfb97e3742a289b643241de56f26', '9', '0', NULL);
INSERT INTO "OA_NOTIFY_RECORD" VALUES ('69353add8b9a4ee480e02d2052b4d5af', 'ff0ce9b990634f71b40a0d9678242c59', '10', '0', NULL);
INSERT INTO "OA_NOTIFY_RECORD" VALUES ('6a9e6ef7a35c49b78093df3b48d13f77', '769607caf5e245f3ba3a4291649ed855', '13', '0', NULL);
INSERT INTO "OA_NOTIFY_RECORD" VALUES ('6b2d1d7e57e84d90b8a41810702d61ba', 'ff0ce9b990634f71b40a0d9678242c59', '9', '0', NULL);
INSERT INTO "OA_NOTIFY_RECORD" VALUES ('7255f8e75c9548bf8021af669f2133c6', '6130d536bd274753ac7440d0a09e1520', '8', '0', NULL);
INSERT INTO "OA_NOTIFY_RECORD" VALUES ('737e5ecbdb17485aa796b58dfc239740', 'ff0ce9b990634f71b40a0d9678242c59', '14', '1', TO_DATE('2021-06-12 00:00:00', 'SYYYY-MM-DD HH24:MI:SS'));
INSERT INTO "OA_NOTIFY_RECORD" VALUES ('760ca79ad7974ca691e909e20f07294e', '8627cfb97e3742a289b643241de56f26', '4', '0', NULL);
INSERT INTO "OA_NOTIFY_RECORD" VALUES ('798335c59c924c4da832e15d583a857d', '1f3bf4fcad934e51b86f9ee661457b05', '9', '0', NULL);
INSERT INTO "OA_NOTIFY_RECORD" VALUES ('8468c0562b3543a3ae59edef53c8a07e', 'ff0ce9b990634f71b40a0d9678242c59', '7', '0', NULL);
INSERT INTO "OA_NOTIFY_RECORD" VALUES ('888fe020054448558e537451372be9d7', '1f3bf4fcad934e51b86f9ee661457b05', '14', '0', NULL);
INSERT INTO "OA_NOTIFY_RECORD" VALUES ('8a2629f16f3f4b38b79841a0a4b66299', '61d351b9f34d4c70a0e565bf47a35af9', '14', '0', NULL);
INSERT INTO "OA_NOTIFY_RECORD" VALUES ('8cdc6b83a4014a93a0196887f2696c5f', '1f3bf4fcad934e51b86f9ee661457b05', '8', '0', NULL);
INSERT INTO "OA_NOTIFY_RECORD" VALUES ('8e766b0a3efd4d9bacad6b495e6f7db2', '1f3bf4fcad934e51b86f9ee661457b05', '2', '0', NULL);
INSERT INTO "OA_NOTIFY_RECORD" VALUES ('945a2755f4f24a8cb7f92c67cd240da9', '769607caf5e245f3ba3a4291649ed855', '4', '0', NULL);
INSERT INTO "OA_NOTIFY_RECORD" VALUES ('966b0355814949fc9954d52b508e4df6', '1f3bf4fcad934e51b86f9ee661457b05', '10', '0', NULL);
INSERT INTO "OA_NOTIFY_RECORD" VALUES ('96dfe4d8db394837b747addba2209c2f', '1f3bf4fcad934e51b86f9ee661457b05', '6', '0', NULL);
INSERT INTO "OA_NOTIFY_RECORD" VALUES ('9b52eaa6fb894f50b97f256b3484d01f', 'ff68c5da85404b01a39b93f6cfea1ace', '9', '0', NULL);
INSERT INTO "OA_NOTIFY_RECORD" VALUES ('9be3e9111dea4d7cb2caad557f91c806', 'ff0ce9b990634f71b40a0d9678242c59', '12', '0', NULL);
INSERT INTO "OA_NOTIFY_RECORD" VALUES ('a2e83b9e36b944cfbe53f775065d930e', '769607caf5e245f3ba3a4291649ed855', '11', '0', NULL);
INSERT INTO "OA_NOTIFY_RECORD" VALUES ('bb3574617e034e389d4b7e856ddaeffd', '769607caf5e245f3ba3a4291649ed855', '7', '0', NULL);
INSERT INTO "OA_NOTIFY_RECORD" VALUES ('bccdc2b5c4c647829fce8f0180f12bc0', '61d351b9f34d4c70a0e565bf47a35af9', '2', '0', NULL);
INSERT INTO "OA_NOTIFY_RECORD" VALUES ('bd6f8812629f4b65af03d7e3da7dfc91', '769607caf5e245f3ba3a4291649ed855', '14', '0', NULL);
INSERT INTO "OA_NOTIFY_RECORD" VALUES ('bf644286c6be4a189e85cb0e5b5a5cfd', '6130d536bd274753ac7440d0a09e1520', '7', '0', NULL);
INSERT INTO "OA_NOTIFY_RECORD" VALUES ('c3a285403cb34fa3a724215b7047ccb7', '1f3bf4fcad934e51b86f9ee661457b05', '13', '0', NULL);
INSERT INTO "OA_NOTIFY_RECORD" VALUES ('c8837bc1784445ecbc4735301f0a6f04', '769607caf5e245f3ba3a4291649ed855', '9', '0', NULL);
INSERT INTO "OA_NOTIFY_RECORD" VALUES ('d2f0c6acf7034f7eb570be1230446c46', 'ff68c5da85404b01a39b93f6cfea1ace', '1', '1', TO_DATE('2022-11-04 00:00:00', 'SYYYY-MM-DD HH24:MI:SS'));
INSERT INTO "OA_NOTIFY_RECORD" VALUES ('d82c7d7e41ea4a0a8ff25ec715808c24', '1f3bf4fcad934e51b86f9ee661457b05', '11', '0', NULL);
INSERT INTO "OA_NOTIFY_RECORD" VALUES ('d87b11cea32d47dc80933e8bc2aa568d', '769607caf5e245f3ba3a4291649ed855', '8', '0', NULL);
INSERT INTO "OA_NOTIFY_RECORD" VALUES ('dd2e787f9bf04501b1d07e46e5ed6177', 'ff0ce9b990634f71b40a0d9678242c59', '6', '0', NULL);
INSERT INTO "OA_NOTIFY_RECORD" VALUES ('dd7b83ab4bc842eea747ee031302db98', '61d351b9f34d4c70a0e565bf47a35af9', '3', '0', NULL);
INSERT INTO "OA_NOTIFY_RECORD" VALUES ('deeda09033f14eb599c16cce1ea7e5a1', '1f3bf4fcad934e51b86f9ee661457b05', '12', '0', NULL);
INSERT INTO "OA_NOTIFY_RECORD" VALUES ('e3d9e2bc284f4a87b2b5cb89dbfaf6ee', 'ff0ce9b990634f71b40a0d9678242c59', '4', '0', NULL);
INSERT INTO "OA_NOTIFY_RECORD" VALUES ('ea29c5fb30f34879800448b274f71ba1', '769607caf5e245f3ba3a4291649ed855', '12', '0', NULL);
INSERT INTO "OA_NOTIFY_RECORD" VALUES ('ee4ee7cf305c41e9838170eb8f54cf23', 'ff0ce9b990634f71b40a0d9678242c59', '3', '1', TO_DATE('2020-12-21 00:00:00', 'SYYYY-MM-DD HH24:MI:SS'));
INSERT INTO "OA_NOTIFY_RECORD" VALUES ('efe47c2253bb4ecfaaec58ef92653c68', '769607caf5e245f3ba3a4291649ed855', '2', '0', NULL);
INSERT INTO "OA_NOTIFY_RECORD" VALUES ('f149a2d083bd4122a083bc7413b4656f', '769607caf5e245f3ba3a4291649ed855', '3', '0', NULL);
INSERT INTO "OA_NOTIFY_RECORD" VALUES ('ffd4c9fd25e346fea25c696db231486d', '1f3bf4fcad934e51b86f9ee661457b05', '5', '0', NULL);

-- ----------------------------
-- Table structure for QRTZ_BLOB_TRIGGERS
-- ----------------------------
DROP TABLE "QRTZ_BLOB_TRIGGERS";
CREATE TABLE "QRTZ_BLOB_TRIGGERS" (
  "SCHED_NAME" NVARCHAR2(120) VISIBLE NOT NULL,
  "TRIGGER_NAME" NVARCHAR2(200) VISIBLE NOT NULL,
  "TRIGGER_GROUP" NVARCHAR2(200) VISIBLE NOT NULL,
  "BLOB_DATA" BLOB VISIBLE
)
LOGGING
NOCOMPRESS
PCTFREE 10
INITRANS 1
STORAGE (
  BUFFER_POOL DEFAULT
)
PARALLEL 1
NOCACHE
DISABLE ROW MOVEMENT
;
COMMENT ON COLUMN "QRTZ_BLOB_TRIGGERS"."SCHED_NAME" IS '';
COMMENT ON COLUMN "QRTZ_BLOB_TRIGGERS"."TRIGGER_NAME" IS 'qrtz_triggerstrigger_name';
COMMENT ON COLUMN "QRTZ_BLOB_TRIGGERS"."TRIGGER_GROUP" IS 'qrtz_triggerstrigger_group';
COMMENT ON COLUMN "QRTZ_BLOB_TRIGGERS"."BLOB_DATA" IS 'Trigger';
COMMENT ON TABLE "QRTZ_BLOB_TRIGGERS" IS 'Blob';

-- ----------------------------
-- Records of QRTZ_BLOB_TRIGGERS
-- ----------------------------

-- ----------------------------
-- Table structure for QRTZ_CALENDARS
-- ----------------------------
DROP TABLE "QRTZ_CALENDARS";
CREATE TABLE "QRTZ_CALENDARS" (
  "SCHED_NAME" NVARCHAR2(120) VISIBLE NOT NULL,
  "CALENDAR_NAME" NVARCHAR2(200) VISIBLE NOT NULL,
  "CALENDAR" BLOB VISIBLE NOT NULL
)
LOGGING
NOCOMPRESS
PCTFREE 10
INITRANS 1
STORAGE (
  BUFFER_POOL DEFAULT
)
PARALLEL 1
NOCACHE
DISABLE ROW MOVEMENT
;
COMMENT ON COLUMN "QRTZ_CALENDARS"."SCHED_NAME" IS '';
COMMENT ON COLUMN "QRTZ_CALENDARS"."CALENDAR_NAME" IS '';
COMMENT ON COLUMN "QRTZ_CALENDARS"."CALENDAR" IS 'calendar';
COMMENT ON TABLE "QRTZ_CALENDARS" IS '';

-- ----------------------------
-- Records of QRTZ_CALENDARS
-- ----------------------------

-- ----------------------------
-- Table structure for QRTZ_CRON_TRIGGERS
-- ----------------------------
DROP TABLE "QRTZ_CRON_TRIGGERS";
CREATE TABLE "QRTZ_CRON_TRIGGERS" (
  "SCHED_NAME" NVARCHAR2(120) VISIBLE NOT NULL,
  "TRIGGER_NAME" NVARCHAR2(200) VISIBLE NOT NULL,
  "TRIGGER_GROUP" NVARCHAR2(200) VISIBLE NOT NULL,
  "CRON_EXPRESSION" NVARCHAR2(200) VISIBLE NOT NULL,
  "TIME_ZONE_ID" NVARCHAR2(80) VISIBLE
)
LOGGING
NOCOMPRESS
PCTFREE 10
INITRANS 1
STORAGE (
  INITIAL 65536 
  NEXT 1048576 
  MINEXTENTS 1
  MAXEXTENTS 2147483645
  BUFFER_POOL DEFAULT
)
PARALLEL 1
NOCACHE
DISABLE ROW MOVEMENT
;
COMMENT ON COLUMN "QRTZ_CRON_TRIGGERS"."SCHED_NAME" IS '';
COMMENT ON COLUMN "QRTZ_CRON_TRIGGERS"."TRIGGER_NAME" IS 'qrtz_triggerstrigger_name';
COMMENT ON COLUMN "QRTZ_CRON_TRIGGERS"."TRIGGER_GROUP" IS 'qrtz_triggerstrigger_group';
COMMENT ON COLUMN "QRTZ_CRON_TRIGGERS"."CRON_EXPRESSION" IS 'cron';
COMMENT ON COLUMN "QRTZ_CRON_TRIGGERS"."TIME_ZONE_ID" IS '';
COMMENT ON TABLE "QRTZ_CRON_TRIGGERS" IS 'Cron';

-- ----------------------------
-- Records of QRTZ_CRON_TRIGGERS
-- ----------------------------
INSERT INTO "QRTZ_CRON_TRIGGERS" VALUES ('ZhglxtScheduler', 'TASK_CLASS_NAME3', 'DEFAULT', '0/20 * * * * ?', 'Asia/Shanghai');
INSERT INTO "QRTZ_CRON_TRIGGERS" VALUES ('ZhglxtScheduler', 'TASK_CLASS_NAME1', 'DEFAULT', '0/10 * * * * ?', 'Asia/Shanghai');
INSERT INTO "QRTZ_CRON_TRIGGERS" VALUES ('ZhglxtScheduler', 'TASK_CLASS_NAME2', 'DEFAULT', '0/15 * * * * ?', 'Asia/Shanghai');

-- ----------------------------
-- Table structure for QRTZ_FIRED_TRIGGERS
-- ----------------------------
DROP TABLE "QRTZ_FIRED_TRIGGERS";
CREATE TABLE "QRTZ_FIRED_TRIGGERS" (
  "SCHED_NAME" NVARCHAR2(120) VISIBLE NOT NULL,
  "ENTRY_ID" NVARCHAR2(95) VISIBLE NOT NULL,
  "TRIGGER_NAME" NVARCHAR2(200) VISIBLE NOT NULL,
  "TRIGGER_GROUP" NVARCHAR2(200) VISIBLE NOT NULL,
  "INSTANCE_NAME" NVARCHAR2(200) VISIBLE NOT NULL,
  "FIRED_TIME" NUMBER(20,0) VISIBLE NOT NULL,
  "SCHED_TIME" NUMBER(20,0) VISIBLE NOT NULL,
  "PRIORITY" NUMBER(11,0) VISIBLE NOT NULL,
  "STATE" NVARCHAR2(16) VISIBLE NOT NULL,
  "JOB_NAME" NVARCHAR2(200) VISIBLE,
  "JOB_GROUP" NVARCHAR2(200) VISIBLE,
  "IS_NONCONCURRENT" NVARCHAR2(1) VISIBLE,
  "REQUESTS_RECOVERY" NVARCHAR2(1) VISIBLE
)
LOGGING
NOCOMPRESS
PCTFREE 10
INITRANS 1
STORAGE (
  BUFFER_POOL DEFAULT
)
PARALLEL 1
NOCACHE
DISABLE ROW MOVEMENT
;
COMMENT ON COLUMN "QRTZ_FIRED_TRIGGERS"."SCHED_NAME" IS '';
COMMENT ON COLUMN "QRTZ_FIRED_TRIGGERS"."ENTRY_ID" IS 'id';
COMMENT ON COLUMN "QRTZ_FIRED_TRIGGERS"."TRIGGER_NAME" IS 'qrtz_triggerstrigger_name';
COMMENT ON COLUMN "QRTZ_FIRED_TRIGGERS"."TRIGGER_GROUP" IS 'qrtz_triggerstrigger_group';
COMMENT ON COLUMN "QRTZ_FIRED_TRIGGERS"."INSTANCE_NAME" IS '';
COMMENT ON COLUMN "QRTZ_FIRED_TRIGGERS"."FIRED_TIME" IS '';
COMMENT ON COLUMN "QRTZ_FIRED_TRIGGERS"."SCHED_TIME" IS '';
COMMENT ON COLUMN "QRTZ_FIRED_TRIGGERS"."PRIORITY" IS '';
COMMENT ON COLUMN "QRTZ_FIRED_TRIGGERS"."STATE" IS '';
COMMENT ON COLUMN "QRTZ_FIRED_TRIGGERS"."JOB_NAME" IS '';
COMMENT ON COLUMN "QRTZ_FIRED_TRIGGERS"."JOB_GROUP" IS '';
COMMENT ON COLUMN "QRTZ_FIRED_TRIGGERS"."IS_NONCONCURRENT" IS '';
COMMENT ON COLUMN "QRTZ_FIRED_TRIGGERS"."REQUESTS_RECOVERY" IS '';
COMMENT ON TABLE "QRTZ_FIRED_TRIGGERS" IS '';

-- ----------------------------
-- Records of QRTZ_FIRED_TRIGGERS
-- ----------------------------

-- ----------------------------
-- Table structure for QRTZ_JOB_DETAILS
-- ----------------------------
DROP TABLE "QRTZ_JOB_DETAILS";
CREATE TABLE "QRTZ_JOB_DETAILS" (
  "SCHED_NAME" NVARCHAR2(120) VISIBLE NOT NULL,
  "JOB_NAME" NVARCHAR2(200) VISIBLE NOT NULL,
  "JOB_GROUP" NVARCHAR2(200) VISIBLE NOT NULL,
  "DESCRIPTION" NVARCHAR2(250) VISIBLE,
  "JOB_CLASS_NAME" NVARCHAR2(250) VISIBLE NOT NULL,
  "IS_DURABLE" NVARCHAR2(1) VISIBLE NOT NULL,
  "IS_NONCONCURRENT" NVARCHAR2(1) VISIBLE NOT NULL,
  "IS_UPDATE_DATA" NVARCHAR2(1) VISIBLE NOT NULL,
  "REQUESTS_RECOVERY" NVARCHAR2(1) VISIBLE NOT NULL,
  "JOB_DATA" BLOB VISIBLE
)
LOGGING
NOCOMPRESS
PCTFREE 10
INITRANS 1
STORAGE (
  INITIAL 65536 
  NEXT 1048576 
  MINEXTENTS 1
  MAXEXTENTS 2147483645
  BUFFER_POOL DEFAULT
)
PARALLEL 1
NOCACHE
DISABLE ROW MOVEMENT
;
COMMENT ON COLUMN "QRTZ_JOB_DETAILS"."SCHED_NAME" IS '';
COMMENT ON COLUMN "QRTZ_JOB_DETAILS"."JOB_NAME" IS '';
COMMENT ON COLUMN "QRTZ_JOB_DETAILS"."JOB_GROUP" IS '';
COMMENT ON COLUMN "QRTZ_JOB_DETAILS"."DESCRIPTION" IS '';
COMMENT ON COLUMN "QRTZ_JOB_DETAILS"."JOB_CLASS_NAME" IS '';
COMMENT ON COLUMN "QRTZ_JOB_DETAILS"."IS_DURABLE" IS '';
COMMENT ON COLUMN "QRTZ_JOB_DETAILS"."IS_NONCONCURRENT" IS '';
COMMENT ON COLUMN "QRTZ_JOB_DETAILS"."IS_UPDATE_DATA" IS '';
COMMENT ON COLUMN "QRTZ_JOB_DETAILS"."REQUESTS_RECOVERY" IS '';
COMMENT ON COLUMN "QRTZ_JOB_DETAILS"."JOB_DATA" IS 'job';
COMMENT ON TABLE "QRTZ_JOB_DETAILS" IS '';

-- ----------------------------
-- Records of QRTZ_JOB_DETAILS
-- ----------------------------
INSERT INTO "QRTZ_JOB_DETAILS" VALUES ('ZhglxtScheduler', 'TASK_CLASS_NAME3', 'DEFAULT', NULL, 'com.zhglxt.quartz.util.QuartzDisallowConcurrentExecution', '0', '1', '0', '0', HEXTORAW('ACED0005737200156F72672E71756172747A2E4A6F62446174614D61709FB083E8BFA9B0CB020000787200266F72672E71756172747A2E7574696C732E537472696E674B65794469727479466C61674D61708208E8C3FBC55D280200015A0013616C6C6F77735472616E7369656E74446174617872001D6F72672E71756172747A2E7574696C732E4469727479466C61674D617013E62EAD28760ACE0200025A000564697274794C00036D617074000F4C6A6176612F7574696C2F4D61703B787001737200116A6176612E7574696C2E486173684D61700507DAC1C31660D103000246000A6C6F6164466163746F724900097468726573686F6C6478703F4000000000000C7708000000100000000174000F5441534B5F50524F504552544945537372001F636F6D2E7A68676C78742E71756172747A2E656E746974792E5379734A6F6200000000000000010200084C000A636F6E63757272656E747400124C6A6176612F6C616E672F537472696E673B4C000E63726F6E45787072657373696F6E71007E00094C000C696E766F6B6554617267657471007E00094C00086A6F6247726F757071007E00094C00056A6F6249647400104C6A6176612F6C616E672F4C6F6E673B4C00076A6F624E616D6571007E00094C000D6D697366697265506F6C69637971007E00094C000673746174757371007E000978720028636F6D2E7A68676C78742E636F6D6D6F6E2E636F72652E656E746974792E42617365456E7469747900000000000000010200074C0008637265617465427971007E00094C000A63726561746554696D657400104C6A6176612F7574696C2F446174653B4C0006706172616D7371007E00034C000672656D61726B71007E00094C000B73656172636856616C756571007E00094C0008757064617465427971007E00094C000A75706461746554696D6571007E000C787074000561646D696E7372000E6A6176612E7574696C2E44617465686A81014B59741903000078707708000001622CDE29E07870707070707400013174000E302F3230202A202A202A202A203F74003E7A68676C78745461736B2E6D756C7469706C65506172616D7328277A68676C7874272C20747275652C20323030304C2C203331362E3530442C203130302974000744454641554C547372000E6A6176612E6C616E672E4C6F6E673B8BE490CC8F23DF0200014A000576616C7565787200106A6176612E6C616E672E4E756D62657286AC951D0B94E08B02000078700000000000000003740018E7B3BBE7BB9FE9BB98E8AEA4EFBC88E5A49AE58F82EFBC8974000133740001317800'));
INSERT INTO "QRTZ_JOB_DETAILS" VALUES ('ZhglxtScheduler', 'TASK_CLASS_NAME1', 'DEFAULT', NULL, 'com.zhglxt.quartz.util.QuartzDisallowConcurrentExecution', '0', '1', '0', '0', HEXTORAW('ACED0005737200156F72672E71756172747A2E4A6F62446174614D61709FB083E8BFA9B0CB020000787200266F72672E71756172747A2E7574696C732E537472696E674B65794469727479466C61674D61708208E8C3FBC55D280200015A0013616C6C6F77735472616E7369656E74446174617872001D6F72672E71756172747A2E7574696C732E4469727479466C61674D617013E62EAD28760ACE0200025A000564697274794C00036D617074000F4C6A6176612F7574696C2F4D61703B787001737200116A6176612E7574696C2E486173684D61700507DAC1C31660D103000246000A6C6F6164466163746F724900097468726573686F6C6478703F4000000000000C7708000000100000000174000F5441534B5F50524F504552544945537372001F636F6D2E7A68676C78742E71756172747A2E656E746974792E5379734A6F6200000000000000010200084C000A636F6E63757272656E747400124C6A6176612F6C616E672F537472696E673B4C000E63726F6E45787072657373696F6E71007E00094C000C696E766F6B6554617267657471007E00094C00086A6F6247726F757071007E00094C00056A6F6249647400104C6A6176612F6C616E672F4C6F6E673B4C00076A6F624E616D6571007E00094C000D6D697366697265506F6C69637971007E00094C000673746174757371007E000978720028636F6D2E7A68676C78742E636F6D6D6F6E2E636F72652E656E746974792E42617365456E7469747900000000000000010200074C0008637265617465427971007E00094C000A63726561746554696D657400104C6A6176612F7574696C2F446174653B4C0006706172616D7371007E00034C000672656D61726B71007E00094C000B73656172636856616C756571007E00094C0008757064617465427971007E00094C000A75706461746554696D6571007E000C787074000561646D696E7372000E6A6176612E7574696C2E44617465686A81014B59741903000078707708000001622CDE29E07870740027302F3130202A202A202A202A203F20E6AF8FE99A94E58D81E7A792E689A7E8A18CE4B880E6ACA17070707400013174000E302F3130202A202A202A202A203F7400137A68676C78745461736B2E6E6F506172616D7374000744454641554C547372000E6A6176612E6C616E672E4C6F6E673B8BE490CC8F23DF0200014A000576616C7565787200106A6176612E6C616E672E4E756D62657286AC951D0B94E08B02000078700000000000000001740018E7B3BBE7BB9FE9BB98E8AEA4EFBC88E697A0E58F82EFBC8974000133740001317800'));
INSERT INTO "QRTZ_JOB_DETAILS" VALUES ('ZhglxtScheduler', 'TASK_CLASS_NAME2', 'DEFAULT', NULL, 'com.zhglxt.quartz.util.QuartzDisallowConcurrentExecution', '0', '1', '0', '0', HEXTORAW('ACED0005737200156F72672E71756172747A2E4A6F62446174614D61709FB083E8BFA9B0CB020000787200266F72672E71756172747A2E7574696C732E537472696E674B65794469727479466C61674D61708208E8C3FBC55D280200015A0013616C6C6F77735472616E7369656E74446174617872001D6F72672E71756172747A2E7574696C732E4469727479466C61674D617013E62EAD28760ACE0200025A000564697274794C00036D617074000F4C6A6176612F7574696C2F4D61703B787001737200116A6176612E7574696C2E486173684D61700507DAC1C31660D103000246000A6C6F6164466163746F724900097468726573686F6C6478703F4000000000000C7708000000100000000174000F5441534B5F50524F504552544945537372001F636F6D2E7A68676C78742E71756172747A2E656E746974792E5379734A6F6200000000000000010200084C000A636F6E63757272656E747400124C6A6176612F6C616E672F537472696E673B4C000E63726F6E45787072657373696F6E71007E00094C000C696E766F6B6554617267657471007E00094C00086A6F6247726F757071007E00094C00056A6F6249647400104C6A6176612F6C616E672F4C6F6E673B4C00076A6F624E616D6571007E00094C000D6D697366697265506F6C69637971007E00094C000673746174757371007E000978720028636F6D2E7A68676C78742E636F6D6D6F6E2E636F72652E656E746974792E42617365456E7469747900000000000000010200074C0008637265617465427971007E00094C000A63726561746554696D657400104C6A6176612F7574696C2F446174653B4C0006706172616D7371007E00034C000672656D61726B71007E00094C000B73656172636856616C756571007E00094C0008757064617465427971007E00094C000A75706461746554696D6571007E000C787074000561646D696E7372000E6A6176612E7574696C2E44617465686A81014B59741903000078707708000001622CDE29E07870707070707400013174000E302F3135202A202A202A202A203F74001B7A68676C78745461736B2E706172616D7328277A68676C7874272974000744454641554C547372000E6A6176612E6C616E672E4C6F6E673B8BE490CC8F23DF0200014A000576616C7565787200106A6176612E6C616E672E4E756D62657286AC951D0B94E08B02000078700000000000000002740018E7B3BBE7BB9FE9BB98E8AEA4EFBC88E69C89E58F82EFBC8974000133740001317800'));

-- ----------------------------
-- Table structure for QRTZ_LOCKS
-- ----------------------------
DROP TABLE "QRTZ_LOCKS";
CREATE TABLE "QRTZ_LOCKS" (
  "SCHED_NAME" NVARCHAR2(120) VISIBLE NOT NULL,
  "LOCK_NAME" NVARCHAR2(40) VISIBLE NOT NULL
)
LOGGING
NOCOMPRESS
PCTFREE 10
INITRANS 1
STORAGE (
  INITIAL 65536 
  NEXT 1048576 
  MINEXTENTS 1
  MAXEXTENTS 2147483645
  BUFFER_POOL DEFAULT
)
PARALLEL 1
NOCACHE
DISABLE ROW MOVEMENT
;
COMMENT ON COLUMN "QRTZ_LOCKS"."SCHED_NAME" IS '';
COMMENT ON COLUMN "QRTZ_LOCKS"."LOCK_NAME" IS '';
COMMENT ON TABLE "QRTZ_LOCKS" IS '';

-- ----------------------------
-- Records of QRTZ_LOCKS
-- ----------------------------
INSERT INTO "QRTZ_LOCKS" VALUES ('ZhglxtScheduler', 'STATE_ACCESS');
INSERT INTO "QRTZ_LOCKS" VALUES ('ZhglxtScheduler', 'TRIGGER_ACCESS');

-- ----------------------------
-- Table structure for QRTZ_PAUSED_TRIGGER_GRPS
-- ----------------------------
DROP TABLE "QRTZ_PAUSED_TRIGGER_GRPS";
CREATE TABLE "QRTZ_PAUSED_TRIGGER_GRPS" (
  "SCHED_NAME" NVARCHAR2(120) VISIBLE NOT NULL,
  "TRIGGER_GROUP" NVARCHAR2(200) VISIBLE NOT NULL
)
LOGGING
NOCOMPRESS
PCTFREE 10
INITRANS 1
STORAGE (
  BUFFER_POOL DEFAULT
)
PARALLEL 1
NOCACHE
DISABLE ROW MOVEMENT
;
COMMENT ON COLUMN "QRTZ_PAUSED_TRIGGER_GRPS"."SCHED_NAME" IS '';
COMMENT ON COLUMN "QRTZ_PAUSED_TRIGGER_GRPS"."TRIGGER_GROUP" IS 'qrtz_triggerstrigger_group';
COMMENT ON TABLE "QRTZ_PAUSED_TRIGGER_GRPS" IS '';

-- ----------------------------
-- Records of QRTZ_PAUSED_TRIGGER_GRPS
-- ----------------------------

-- ----------------------------
-- Table structure for QRTZ_SCHEDULER_STATE
-- ----------------------------
DROP TABLE "QRTZ_SCHEDULER_STATE";
CREATE TABLE "QRTZ_SCHEDULER_STATE" (
  "SCHED_NAME" NVARCHAR2(120) VISIBLE NOT NULL,
  "INSTANCE_NAME" NVARCHAR2(200) VISIBLE NOT NULL,
  "LAST_CHECKIN_TIME" NUMBER(20,0) VISIBLE NOT NULL,
  "CHECKIN_INTERVAL" NUMBER(20,0) VISIBLE NOT NULL
)
LOGGING
NOCOMPRESS
PCTFREE 10
INITRANS 1
STORAGE (
  INITIAL 65536 
  NEXT 1048576 
  MINEXTENTS 1
  MAXEXTENTS 2147483645
  BUFFER_POOL DEFAULT
)
PARALLEL 1
NOCACHE
DISABLE ROW MOVEMENT
;
COMMENT ON COLUMN "QRTZ_SCHEDULER_STATE"."SCHED_NAME" IS '';
COMMENT ON COLUMN "QRTZ_SCHEDULER_STATE"."INSTANCE_NAME" IS 'org.quartz.scheduler.instanceId';
COMMENT ON COLUMN "QRTZ_SCHEDULER_STATE"."LAST_CHECKIN_TIME" IS '';
COMMENT ON COLUMN "QRTZ_SCHEDULER_STATE"."CHECKIN_INTERVAL" IS '';
COMMENT ON TABLE "QRTZ_SCHEDULER_STATE" IS '';

-- ----------------------------
-- Records of QRTZ_SCHEDULER_STATE
-- ----------------------------
INSERT INTO "QRTZ_SCHEDULER_STATE" VALUES ('ZhglxtScheduler', 'DESKTOP-H1BQSV81668334672638', '1668336423434', '15000');

-- ----------------------------
-- Table structure for QRTZ_SIMPLE_TRIGGERS
-- ----------------------------
DROP TABLE "QRTZ_SIMPLE_TRIGGERS";
CREATE TABLE "QRTZ_SIMPLE_TRIGGERS" (
  "SCHED_NAME" NVARCHAR2(120) VISIBLE NOT NULL,
  "TRIGGER_NAME" NVARCHAR2(200) VISIBLE NOT NULL,
  "TRIGGER_GROUP" NVARCHAR2(200) VISIBLE NOT NULL,
  "REPEAT_COUNT" NUMBER(20,0) VISIBLE NOT NULL,
  "REPEAT_INTERVAL" NUMBER(20,0) VISIBLE NOT NULL,
  "TIMES_TRIGGERED" NUMBER(20,0) VISIBLE NOT NULL
)
LOGGING
NOCOMPRESS
PCTFREE 10
INITRANS 1
STORAGE (
  BUFFER_POOL DEFAULT
)
PARALLEL 1
NOCACHE
DISABLE ROW MOVEMENT
;
COMMENT ON COLUMN "QRTZ_SIMPLE_TRIGGERS"."SCHED_NAME" IS '';
COMMENT ON COLUMN "QRTZ_SIMPLE_TRIGGERS"."TRIGGER_NAME" IS 'qrtz_triggerstrigger_ name';
COMMENT ON COLUMN "QRTZ_SIMPLE_TRIGGERS"."TRIGGER_GROUP" IS 'qrtz_triggerstrigger_group';
COMMENT ON COLUMN "QRTZ_SIMPLE_TRIGGERS"."REPEAT_COUNT" IS '';
COMMENT ON COLUMN "QRTZ_SIMPLE_TRIGGERS"."REPEAT_INTERVAL" IS '';
COMMENT ON COLUMN "QRTZ_SIMPLE_TRIGGERS"."TIMES_TRIGGERED" IS '';
COMMENT ON TABLE "QRTZ_SIMPLE_TRIGGERS" IS '';

-- ----------------------------
-- Records of QRTZ_SIMPLE_TRIGGERS
-- ----------------------------

-- ----------------------------
-- Table structure for QRTZ_SIMPROP_TRIGGERS
-- ----------------------------
DROP TABLE "QRTZ_SIMPROP_TRIGGERS";
CREATE TABLE "QRTZ_SIMPROP_TRIGGERS" (
  "SCHED_NAME" NVARCHAR2(120) VISIBLE NOT NULL,
  "TRIGGER_NAME" NVARCHAR2(200) VISIBLE NOT NULL,
  "TRIGGER_GROUP" NVARCHAR2(200) VISIBLE NOT NULL,
  "STR_PROP_1" NVARCHAR2(512) VISIBLE,
  "STR_PROP_2" NVARCHAR2(512) VISIBLE,
  "STR_PROP_3" NVARCHAR2(512) VISIBLE,
  "INT_PROP_1" NUMBER(11,0) VISIBLE,
  "INT_PROP_2" NUMBER(11,0) VISIBLE,
  "LONG_PROP_1" NUMBER(20,0) VISIBLE,
  "LONG_PROP_2" NUMBER(20,0) VISIBLE,
  "DEC_PROP_1" NUMBER VISIBLE,
  "DEC_PROP_2" NUMBER VISIBLE,
  "BOOL_PROP_1" NVARCHAR2(1) VISIBLE,
  "BOOL_PROP_2" NVARCHAR2(1) VISIBLE
)
LOGGING
NOCOMPRESS
PCTFREE 10
INITRANS 1
STORAGE (
  BUFFER_POOL DEFAULT
)
PARALLEL 1
NOCACHE
DISABLE ROW MOVEMENT
;
COMMENT ON COLUMN "QRTZ_SIMPROP_TRIGGERS"."SCHED_NAME" IS '';
COMMENT ON COLUMN "QRTZ_SIMPROP_TRIGGERS"."TRIGGER_NAME" IS 'qrtz_triggerstrigger_ name';
COMMENT ON COLUMN "QRTZ_SIMPROP_TRIGGERS"."TRIGGER_GROUP" IS 'qrtz_triggerstrigger_group';
COMMENT ON COLUMN "QRTZ_SIMPROP_TRIGGERS"."STR_PROP_1" IS 'Stringtrigger';
COMMENT ON COLUMN "QRTZ_SIMPROP_TRIGGERS"."STR_PROP_2" IS 'Stringtrigger';
COMMENT ON COLUMN "QRTZ_SIMPROP_TRIGGERS"."STR_PROP_3" IS 'Stringtrigger';
COMMENT ON COLUMN "QRTZ_SIMPROP_TRIGGERS"."INT_PROP_1" IS 'inttrigger';
COMMENT ON COLUMN "QRTZ_SIMPROP_TRIGGERS"."INT_PROP_2" IS 'inttrigger';
COMMENT ON COLUMN "QRTZ_SIMPROP_TRIGGERS"."LONG_PROP_1" IS 'longtrigger';
COMMENT ON COLUMN "QRTZ_SIMPROP_TRIGGERS"."LONG_PROP_2" IS 'longtrigger';
COMMENT ON COLUMN "QRTZ_SIMPROP_TRIGGERS"."DEC_PROP_1" IS 'decimaltrigger';
COMMENT ON COLUMN "QRTZ_SIMPROP_TRIGGERS"."DEC_PROP_2" IS 'decimaltrigger';
COMMENT ON COLUMN "QRTZ_SIMPROP_TRIGGERS"."BOOL_PROP_1" IS 'Booleantrigger';
COMMENT ON COLUMN "QRTZ_SIMPROP_TRIGGERS"."BOOL_PROP_2" IS 'Booleantrigger';
COMMENT ON TABLE "QRTZ_SIMPROP_TRIGGERS" IS '';

-- ----------------------------
-- Records of QRTZ_SIMPROP_TRIGGERS
-- ----------------------------

-- ----------------------------
-- Table structure for QRTZ_TRIGGERS
-- ----------------------------
DROP TABLE "QRTZ_TRIGGERS";
CREATE TABLE "QRTZ_TRIGGERS" (
  "SCHED_NAME" NVARCHAR2(120) VISIBLE NOT NULL,
  "TRIGGER_NAME" NVARCHAR2(200) VISIBLE NOT NULL,
  "TRIGGER_GROUP" NVARCHAR2(200) VISIBLE NOT NULL,
  "JOB_NAME" NVARCHAR2(200) VISIBLE NOT NULL,
  "JOB_GROUP" NVARCHAR2(200) VISIBLE NOT NULL,
  "DESCRIPTION" NVARCHAR2(250) VISIBLE,
  "NEXT_FIRE_TIME" NUMBER(20,0) VISIBLE,
  "PREV_FIRE_TIME" NUMBER(20,0) VISIBLE,
  "PRIORITY" NUMBER(11,0) VISIBLE,
  "TRIGGER_STATE" NVARCHAR2(16) VISIBLE NOT NULL,
  "TRIGGER_TYPE" NVARCHAR2(8) VISIBLE NOT NULL,
  "START_TIME" NUMBER(20,0) VISIBLE NOT NULL,
  "END_TIME" NUMBER(20,0) VISIBLE,
  "CALENDAR_NAME" NVARCHAR2(200) VISIBLE,
  "MISFIRE_INSTR" NUMBER(6,0) VISIBLE,
  "JOB_DATA" BLOB VISIBLE
)
LOGGING
NOCOMPRESS
PCTFREE 10
INITRANS 1
STORAGE (
  INITIAL 65536 
  NEXT 1048576 
  MINEXTENTS 1
  MAXEXTENTS 2147483645
  BUFFER_POOL DEFAULT
)
PARALLEL 1
NOCACHE
DISABLE ROW MOVEMENT
;
COMMENT ON COLUMN "QRTZ_TRIGGERS"."SCHED_NAME" IS '';
COMMENT ON COLUMN "QRTZ_TRIGGERS"."TRIGGER_NAME" IS '';
COMMENT ON COLUMN "QRTZ_TRIGGERS"."TRIGGER_GROUP" IS '';
COMMENT ON COLUMN "QRTZ_TRIGGERS"."JOB_NAME" IS 'qrtz_job_detailsjob_name';
COMMENT ON COLUMN "QRTZ_TRIGGERS"."JOB_GROUP" IS 'qrtz_job_detailsjob_group';
COMMENT ON COLUMN "QRTZ_TRIGGERS"."DESCRIPTION" IS '';
COMMENT ON COLUMN "QRTZ_TRIGGERS"."NEXT_FIRE_TIME" IS '';
COMMENT ON COLUMN "QRTZ_TRIGGERS"."PREV_FIRE_TIME" IS '-1';
COMMENT ON COLUMN "QRTZ_TRIGGERS"."PRIORITY" IS '';
COMMENT ON COLUMN "QRTZ_TRIGGERS"."TRIGGER_STATE" IS '';
COMMENT ON COLUMN "QRTZ_TRIGGERS"."TRIGGER_TYPE" IS '';
COMMENT ON COLUMN "QRTZ_TRIGGERS"."START_TIME" IS '';
COMMENT ON COLUMN "QRTZ_TRIGGERS"."END_TIME" IS '';
COMMENT ON COLUMN "QRTZ_TRIGGERS"."CALENDAR_NAME" IS '';
COMMENT ON COLUMN "QRTZ_TRIGGERS"."MISFIRE_INSTR" IS '';
COMMENT ON COLUMN "QRTZ_TRIGGERS"."JOB_DATA" IS 'job';
COMMENT ON TABLE "QRTZ_TRIGGERS" IS '';

-- ----------------------------
-- Records of QRTZ_TRIGGERS
-- ----------------------------
INSERT INTO "QRTZ_TRIGGERS" VALUES ('ZhglxtScheduler', 'TASK_CLASS_NAME2', 'DEFAULT', 'TASK_CLASS_NAME2', 'DEFAULT', NULL, '1668334680000', '-1', '5', 'PAUSED', 'CRON', '1668334672000', '0', NULL, '2', NULL);
INSERT INTO "QRTZ_TRIGGERS" VALUES ('ZhglxtScheduler', 'TASK_CLASS_NAME3', 'DEFAULT', 'TASK_CLASS_NAME3', 'DEFAULT', NULL, '1668334680000', '-1', '5', 'PAUSED', 'CRON', '1668334672000', '0', NULL, '2', NULL);
INSERT INTO "QRTZ_TRIGGERS" VALUES ('ZhglxtScheduler', 'TASK_CLASS_NAME1', 'DEFAULT', 'TASK_CLASS_NAME1', 'DEFAULT', NULL, '1668334680000', '-1', '5', 'PAUSED', 'CRON', '1668334672000', '0', NULL, '2', NULL);

-- ----------------------------
-- Table structure for SYS_CONFIG
-- ----------------------------
DROP TABLE "SYS_CONFIG";
CREATE TABLE "SYS_CONFIG" (
  "CONFIG_ID" NUMBER(11,0) VISIBLE NOT NULL,
  "CONFIG_NAME" NVARCHAR2(100) VISIBLE,
  "CONFIG_KEY" NVARCHAR2(100) VISIBLE,
  "CONFIG_VALUE" NVARCHAR2(500) VISIBLE,
  "CONFIG_TYPE" NCHAR(1) VISIBLE,
  "CREATE_BY" NVARCHAR2(64) VISIBLE,
  "CREATE_TIME" DATE VISIBLE,
  "UPDATE_BY" NVARCHAR2(64) VISIBLE,
  "UPDATE_TIME" DATE VISIBLE,
  "REMARK" NVARCHAR2(500) VISIBLE
)
LOGGING
NOCOMPRESS
PCTFREE 10
INITRANS 1
STORAGE (
  INITIAL 65536 
  NEXT 1048576 
  MINEXTENTS 1
  MAXEXTENTS 2147483645
  BUFFER_POOL DEFAULT
)
PARALLEL 1
NOCACHE
DISABLE ROW MOVEMENT
;
COMMENT ON COLUMN "SYS_CONFIG"."CONFIG_ID" IS '';
COMMENT ON COLUMN "SYS_CONFIG"."CONFIG_NAME" IS '';
COMMENT ON COLUMN "SYS_CONFIG"."CONFIG_KEY" IS '';
COMMENT ON COLUMN "SYS_CONFIG"."CONFIG_VALUE" IS '';
COMMENT ON COLUMN "SYS_CONFIG"."CONFIG_TYPE" IS 'Y N';
COMMENT ON COLUMN "SYS_CONFIG"."CREATE_BY" IS '';
COMMENT ON COLUMN "SYS_CONFIG"."CREATE_TIME" IS '';
COMMENT ON COLUMN "SYS_CONFIG"."UPDATE_BY" IS '';
COMMENT ON COLUMN "SYS_CONFIG"."UPDATE_TIME" IS '';
COMMENT ON COLUMN "SYS_CONFIG"."REMARK" IS '';
COMMENT ON TABLE "SYS_CONFIG" IS '';

-- ----------------------------
-- Records of SYS_CONFIG
-- ----------------------------
INSERT INTO "SYS_CONFIG" VALUES ('1', '-', 'sys.index.skinName', 'skin-blue', 'Y', 'system', TO_DATE('2018-03-16 11:33:00', 'SYYYY-MM-DD HH24:MI:SS'), 'system', TO_DATE('2019-08-31 18:52:25', 'SYYYY-MM-DD HH24:MI:SS'), ' skin-blue skin-green skin-purple skin-red skin-yellow');
INSERT INTO "SYS_CONFIG" VALUES ('2', '-', 'sys.user.initPassword', '123456', 'Y', 'system', TO_DATE('2018-03-16 11:33:00', 'SYYYY-MM-DD HH24:MI:SS'), 'system', TO_DATE('2018-03-16 11:33:00', 'SYYYY-MM-DD HH24:MI:SS'), ' 123456');
INSERT INTO "SYS_CONFIG" VALUES ('3', '-', 'sys.index.sideTheme', 'theme-blue', 'Y', 'system', TO_DATE('2018-03-16 11:33:00', 'SYYYY-MM-DD HH24:MI:SS'), 'system', TO_DATE('2020-12-12 19:01:23', 'SYYYY-MM-DD HH24:MI:SS'), 'theme-darktheme-lighttheme-blue');
INSERT INTO "SYS_CONFIG" VALUES ('4', '-', 'sys.account.registerUser', 'false', 'Y', 'system', TO_DATE('2020-05-01 17:24:28', 'SYYYY-MM-DD HH24:MI:SS'), 'system', TO_DATE('2021-07-06 11:19:36', 'SYYYY-MM-DD HH24:MI:SS'), 'truefalse');
INSERT INTO "SYS_CONFIG" VALUES ('5', '-', 'sys.account.chrtype', '0', 'Y', 'system', TO_DATE('2020-08-03 15:49:09', 'SYYYY-MM-DD HH24:MI:SS'), 'system', TO_DATE('2020-08-03 15:54:49', 'SYYYY-MM-DD HH24:MI:SS'), '010-92a-zA-Z3,4~!@#$%^&*()-=_+');
INSERT INTO "SYS_CONFIG" VALUES ('6', '-', 'sys.account.initPasswordModify', '0', 'Y', 'system', TO_DATE('2020-10-16 15:35:20', 'SYYYY-MM-DD HH24:MI:SS'), NULL, NULL, '01');
INSERT INTO "SYS_CONFIG" VALUES ('7', '-', 'sys.account.passwordValidateDays', '0', 'Y', 'system', TO_DATE('2020-10-16 15:35:20', 'SYYYY-MM-DD HH24:MI:SS'), NULL, NULL, '00365');
INSERT INTO "SYS_CONFIG" VALUES ('8', '-', 'sys.index.menuStyle', 'topnav', 'Y', 'system', TO_DATE('2020-10-16 15:35:20', 'SYYYY-MM-DD HH24:MI:SS'), 'system', TO_DATE('2021-05-31 22:23:00', 'SYYYY-MM-DD HH24:MI:SS'), 'defaulttopnav');
INSERT INTO "SYS_CONFIG" VALUES ('9', '-', 'sys.index.footer', 'true', 'Y', 'system', TO_DATE('2020-10-16 15:35:20', 'SYYYY-MM-DD HH24:MI:SS'), 'system', TO_DATE('2020-12-12 19:02:45', 'SYYYY-MM-DD HH24:MI:SS'), 'truefalse');
INSERT INTO "SYS_CONFIG" VALUES ('10', '-', 'sys.index.tagsView', 'true', 'Y', 'system', TO_DATE('2021-09-24 12:50:25', 'SYYYY-MM-DD HH24:MI:SS'), 'system', NULL, 'truefalse');

-- ----------------------------
-- Table structure for SYS_DEPT
-- ----------------------------
DROP TABLE "SYS_DEPT";
CREATE TABLE "SYS_DEPT" (
  "DEPT_ID" NUMBER(20,0) VISIBLE NOT NULL,
  "PARENT_ID" NUMBER(20,0) VISIBLE,
  "ANCESTORS" NVARCHAR2(50) VISIBLE,
  "DEPT_NAME" NVARCHAR2(30) VISIBLE,
  "ORDER_NUM" NUMBER(11,0) VISIBLE,
  "LEADER" NVARCHAR2(20) VISIBLE,
  "PHONE" NVARCHAR2(11) VISIBLE,
  "EMAIL" NVARCHAR2(50) VISIBLE,
  "STATUS" NCHAR(1) VISIBLE,
  "DEL_FLAG" NCHAR(1) VISIBLE,
  "CREATE_BY" NVARCHAR2(64) VISIBLE,
  "CREATE_TIME" DATE VISIBLE,
  "UPDATE_BY" NVARCHAR2(64) VISIBLE,
  "UPDATE_TIME" DATE VISIBLE
)
LOGGING
NOCOMPRESS
PCTFREE 10
INITRANS 1
STORAGE (
  INITIAL 65536 
  NEXT 1048576 
  MINEXTENTS 1
  MAXEXTENTS 2147483645
  BUFFER_POOL DEFAULT
)
PARALLEL 1
NOCACHE
DISABLE ROW MOVEMENT
;
COMMENT ON COLUMN "SYS_DEPT"."DEPT_ID" IS 'id';
COMMENT ON COLUMN "SYS_DEPT"."PARENT_ID" IS 'id';
COMMENT ON COLUMN "SYS_DEPT"."ANCESTORS" IS '';
COMMENT ON COLUMN "SYS_DEPT"."DEPT_NAME" IS '';
COMMENT ON COLUMN "SYS_DEPT"."ORDER_NUM" IS '';
COMMENT ON COLUMN "SYS_DEPT"."LEADER" IS '';
COMMENT ON COLUMN "SYS_DEPT"."PHONE" IS '';
COMMENT ON COLUMN "SYS_DEPT"."EMAIL" IS '';
COMMENT ON COLUMN "SYS_DEPT"."STATUS" IS '0 1';
COMMENT ON COLUMN "SYS_DEPT"."DEL_FLAG" IS '0 2';
COMMENT ON COLUMN "SYS_DEPT"."CREATE_BY" IS '';
COMMENT ON COLUMN "SYS_DEPT"."CREATE_TIME" IS '';
COMMENT ON COLUMN "SYS_DEPT"."UPDATE_BY" IS '';
COMMENT ON COLUMN "SYS_DEPT"."UPDATE_TIME" IS '';
COMMENT ON TABLE "SYS_DEPT" IS '';

-- ----------------------------
-- Records of SYS_DEPT
-- ----------------------------
INSERT INTO "SYS_DEPT" VALUES ('100', '0', '0', '', '0', '', '15888888888', '1111111111@qq.com', '0', '0', 'system', TO_DATE('2018-03-16 11:33:00', 'SYYYY-MM-DD HH24:MI:SS'), 'system', TO_DATE('2021-05-13 22:51:18', 'SYYYY-MM-DD HH24:MI:SS'));
INSERT INTO "SYS_DEPT" VALUES ('101', '100', '0,100', '', '40', 'test', '18888888888', '1111111111@qq.com', '0', '0', 'system', TO_DATE('2018-03-16 11:33:00', 'SYYYY-MM-DD HH24:MI:SS'), 'system', TO_DATE('2021-05-13 22:51:18', 'SYYYY-MM-DD HH24:MI:SS'));
INSERT INTO "SYS_DEPT" VALUES ('102', '100', '0,100', '', '2', 'test', '18888888888', '1111111111@qq.com', '0', '0', 'system', TO_DATE('2018-03-16 11:33:00', 'SYYYY-MM-DD HH24:MI:SS'), 'system', TO_DATE('2021-05-13 19:00:32', 'SYYYY-MM-DD HH24:MI:SS'));
INSERT INTO "SYS_DEPT" VALUES ('103', '101', '0,100,101', '', '1', 'test', '18888888888', '1111111111@qq.com', '0', '0', 'system', TO_DATE('2018-03-16 11:33:00', 'SYYYY-MM-DD HH24:MI:SS'), 'system', TO_DATE('2021-05-13 22:51:12', 'SYYYY-MM-DD HH24:MI:SS'));
INSERT INTO "SYS_DEPT" VALUES ('104', '101', '0,100,101', '', '2', '', '15888888888', '1111111111@qq.com', '0', '0', 'system', TO_DATE('2018-03-16 11:33:00', 'SYYYY-MM-DD HH24:MI:SS'), 'system', TO_DATE('2021-05-13 22:51:18', 'SYYYY-MM-DD HH24:MI:SS'));
INSERT INTO "SYS_DEPT" VALUES ('105', '101', '0,100,101', '', '3', '', '15888888888', '1111111111@qq.com', '0', '2', 'system', TO_DATE('2018-03-16 11:33:00', 'SYYYY-MM-DD HH24:MI:SS'), 'system', TO_DATE('2021-05-13 19:01:07', 'SYYYY-MM-DD HH24:MI:SS'));
INSERT INTO "SYS_DEPT" VALUES ('106', '101', '0,100,101', '', '4', '', '15888888888', '1111111111@qq.com', '0', '2', 'system', TO_DATE('2018-03-16 11:33:00', 'SYYYY-MM-DD HH24:MI:SS'), 'system', TO_DATE('2021-05-13 19:01:23', 'SYYYY-MM-DD HH24:MI:SS'));
INSERT INTO "SYS_DEPT" VALUES ('107', '101', '0,100,101', '', '5', '', '15888888888', '1111111111@qq.com', '0', '2', 'system', TO_DATE('2018-03-16 11:33:00', 'SYYYY-MM-DD HH24:MI:SS'), 'system', TO_DATE('2021-05-13 19:01:17', 'SYYYY-MM-DD HH24:MI:SS'));
INSERT INTO "SYS_DEPT" VALUES ('108', '102', '0,100,102', '', '1', '', '15888888888', '1111111111@qq.com', '0', '0', 'system', TO_DATE('2018-03-16 11:33:00', 'SYYYY-MM-DD HH24:MI:SS'), 'system', TO_DATE('2021-05-13 19:00:21', 'SYYYY-MM-DD HH24:MI:SS'));
INSERT INTO "SYS_DEPT" VALUES ('109', '102', '0,100,102', '', '2', '', '15888888888', '1111111111@qq.com', '0', '0', 'system', TO_DATE('2018-03-16 11:33:00', 'SYYYY-MM-DD HH24:MI:SS'), 'system', TO_DATE('2021-05-13 19:00:32', 'SYYYY-MM-DD HH24:MI:SS'));
INSERT INTO "SYS_DEPT" VALUES ('110', '101', '0,100,101', '', '10', NULL, NULL, NULL, '0', '2', 'system', TO_DATE('2019-10-17 19:01:18', 'SYYYY-MM-DD HH24:MI:SS'), 'system', TO_DATE('2021-05-13 19:01:30', 'SYYYY-MM-DD HH24:MI:SS'));
INSERT INTO "SYS_DEPT" VALUES ('111', '103', '0,100,101,103', 'TEST', '10', NULL, NULL, NULL, '0', '2', 'system', TO_DATE('2021-05-13 18:40:28', 'SYYYY-MM-DD HH24:MI:SS'), NULL, NULL);
INSERT INTO "SYS_DEPT" VALUES ('112', '100', '0,100', '', '1', NULL, NULL, NULL, '0', '0', 'system', TO_DATE('2021-05-13 18:48:50', 'SYYYY-MM-DD HH24:MI:SS'), 'system', TO_DATE('2021-05-13 19:00:02', 'SYYYY-MM-DD HH24:MI:SS'));
INSERT INTO "SYS_DEPT" VALUES ('113', '112', '0,100,112', '', '10', NULL, NULL, NULL, '0', '0', 'system', TO_DATE('2021-05-13 18:49:08', 'SYYYY-MM-DD HH24:MI:SS'), 'system', TO_DATE('2021-06-10 17:16:09', 'SYYYY-MM-DD HH24:MI:SS'));
INSERT INTO "SYS_DEPT" VALUES ('114', '103', '0,100,101,103', '', '10', NULL, NULL, NULL, '0', '0', 'system', TO_DATE('2021-05-13 19:04:46', 'SYYYY-MM-DD HH24:MI:SS'), 'system', TO_DATE('2021-05-13 22:51:12', 'SYYYY-MM-DD HH24:MI:SS'));
INSERT INTO "SYS_DEPT" VALUES ('115', '104', '0,100,101,104', '', '10', NULL, NULL, NULL, '0', '0', 'system', TO_DATE('2021-05-13 19:05:14', 'SYYYY-MM-DD HH24:MI:SS'), 'system', TO_DATE('2021-05-13 22:51:18', 'SYYYY-MM-DD HH24:MI:SS'));

-- ----------------------------
-- Table structure for SYS_DICT_DATA
-- ----------------------------
DROP TABLE "SYS_DICT_DATA";
CREATE TABLE "SYS_DICT_DATA" (
  "DICT_CODE" NUMBER(20,0) VISIBLE NOT NULL,
  "DICT_SORT" NUMBER(11,0) VISIBLE,
  "DICT_LABEL" NVARCHAR2(100) VISIBLE,
  "DICT_VALUE" NVARCHAR2(100) VISIBLE,
  "DICT_TYPE" NVARCHAR2(100) VISIBLE,
  "CSS_CLASS" NVARCHAR2(100) VISIBLE,
  "LIST_CLASS" NVARCHAR2(100) VISIBLE,
  "IS_DEFAULT" NCHAR(1) VISIBLE,
  "STATUS" NCHAR(1) VISIBLE,
  "CREATE_BY" NVARCHAR2(64) VISIBLE,
  "CREATE_TIME" DATE VISIBLE,
  "UPDATE_BY" NVARCHAR2(64) VISIBLE,
  "UPDATE_TIME" DATE VISIBLE,
  "REMARK" NVARCHAR2(500) VISIBLE
)
LOGGING
NOCOMPRESS
PCTFREE 10
INITRANS 1
STORAGE (
  INITIAL 65536 
  NEXT 1048576 
  MINEXTENTS 1
  MAXEXTENTS 2147483645
  BUFFER_POOL DEFAULT
)
PARALLEL 1
NOCACHE
DISABLE ROW MOVEMENT
;
COMMENT ON COLUMN "SYS_DICT_DATA"."DICT_CODE" IS '';
COMMENT ON COLUMN "SYS_DICT_DATA"."DICT_SORT" IS '';
COMMENT ON COLUMN "SYS_DICT_DATA"."DICT_LABEL" IS '';
COMMENT ON COLUMN "SYS_DICT_DATA"."DICT_VALUE" IS '';
COMMENT ON COLUMN "SYS_DICT_DATA"."DICT_TYPE" IS '';
COMMENT ON COLUMN "SYS_DICT_DATA"."CSS_CLASS" IS '';
COMMENT ON COLUMN "SYS_DICT_DATA"."LIST_CLASS" IS '';
COMMENT ON COLUMN "SYS_DICT_DATA"."IS_DEFAULT" IS 'Y N';
COMMENT ON COLUMN "SYS_DICT_DATA"."STATUS" IS '0 1';
COMMENT ON COLUMN "SYS_DICT_DATA"."CREATE_BY" IS '';
COMMENT ON COLUMN "SYS_DICT_DATA"."CREATE_TIME" IS '';
COMMENT ON COLUMN "SYS_DICT_DATA"."UPDATE_BY" IS '';
COMMENT ON COLUMN "SYS_DICT_DATA"."UPDATE_TIME" IS '';
COMMENT ON COLUMN "SYS_DICT_DATA"."REMARK" IS '';
COMMENT ON TABLE "SYS_DICT_DATA" IS '';

-- ----------------------------
-- Records of SYS_DICT_DATA
-- ----------------------------
INSERT INTO "SYS_DICT_DATA" VALUES ('1', '1', '', '0', 'sys_user_sex', NULL, NULL, 'Y', '0', 'admin', TO_DATE('2018-03-16 11:33:00', 'SYYYY-MM-DD HH24:MI:SS'), 'ry', TO_DATE('2018-03-16 11:33:00', 'SYYYY-MM-DD HH24:MI:SS'), '');
INSERT INTO "SYS_DICT_DATA" VALUES ('2', '2', '', '1', 'sys_user_sex', NULL, NULL, 'N', '0', 'admin', TO_DATE('2018-03-16 11:33:00', 'SYYYY-MM-DD HH24:MI:SS'), 'ry', TO_DATE('2018-03-16 11:33:00', 'SYYYY-MM-DD HH24:MI:SS'), '');
INSERT INTO "SYS_DICT_DATA" VALUES ('3', '3', '', '2', 'sys_user_sex', NULL, NULL, 'N', '0', 'admin', TO_DATE('2018-03-16 11:33:00', 'SYYYY-MM-DD HH24:MI:SS'), 'ry', TO_DATE('2018-03-16 11:33:00', 'SYYYY-MM-DD HH24:MI:SS'), '');
INSERT INTO "SYS_DICT_DATA" VALUES ('4', '1', '', '0', 'sys_show_hide', NULL, 'primary', 'Y', '0', 'admin', TO_DATE('2018-03-16 11:33:00', 'SYYYY-MM-DD HH24:MI:SS'), 'ry', TO_DATE('2018-03-16 11:33:00', 'SYYYY-MM-DD HH24:MI:SS'), '');
INSERT INTO "SYS_DICT_DATA" VALUES ('5', '2', '', '1', 'sys_show_hide', NULL, 'danger', 'N', '0', 'admin', TO_DATE('2018-03-16 11:33:00', 'SYYYY-MM-DD HH24:MI:SS'), 'ry', TO_DATE('2018-03-16 11:33:00', 'SYYYY-MM-DD HH24:MI:SS'), '');
INSERT INTO "SYS_DICT_DATA" VALUES ('6', '1', '', '0', 'sys_normal_disable', NULL, 'primary', 'Y', '0', 'admin', TO_DATE('2018-03-16 11:33:00', 'SYYYY-MM-DD HH24:MI:SS'), 'ry', TO_DATE('2018-03-16 11:33:00', 'SYYYY-MM-DD HH24:MI:SS'), '');
INSERT INTO "SYS_DICT_DATA" VALUES ('7', '2', '', '1', 'sys_normal_disable', NULL, 'danger', 'N', '0', 'admin', TO_DATE('2018-03-16 11:33:00', 'SYYYY-MM-DD HH24:MI:SS'), 'ry', TO_DATE('2018-03-16 11:33:00', 'SYYYY-MM-DD HH24:MI:SS'), '');
INSERT INTO "SYS_DICT_DATA" VALUES ('8', '1', '', '0', 'sys_job_status', NULL, 'primary', 'Y', '0', 'admin', TO_DATE('2018-03-16 11:33:00', 'SYYYY-MM-DD HH24:MI:SS'), 'ry', TO_DATE('2018-03-16 11:33:00', 'SYYYY-MM-DD HH24:MI:SS'), '');
INSERT INTO "SYS_DICT_DATA" VALUES ('9', '2', '', '1', 'sys_job_status', NULL, 'danger', 'N', '0', 'admin', TO_DATE('2018-03-16 11:33:00', 'SYYYY-MM-DD HH24:MI:SS'), 'ry', TO_DATE('2018-03-16 11:33:00', 'SYYYY-MM-DD HH24:MI:SS'), '');
INSERT INTO "SYS_DICT_DATA" VALUES ('10', '1', '', 'DEFAULT', 'sys_job_group', NULL, NULL, 'Y', '0', 'admin', TO_DATE('2018-03-16 11:33:00', 'SYYYY-MM-DD HH24:MI:SS'), 'ry', TO_DATE('2018-03-16 11:33:00', 'SYYYY-MM-DD HH24:MI:SS'), '');
INSERT INTO "SYS_DICT_DATA" VALUES ('11', '2', '', 'SYSTEM', 'sys_job_group', NULL, NULL, 'N', '0', 'admin', TO_DATE('2018-03-16 11:33:00', 'SYYYY-MM-DD HH24:MI:SS'), 'ry', TO_DATE('2018-03-16 11:33:00', 'SYYYY-MM-DD HH24:MI:SS'), '');
INSERT INTO "SYS_DICT_DATA" VALUES ('12', '1', '', 'Y', 'sys_yes_no', NULL, 'primary', 'Y', '0', 'admin', TO_DATE('2018-03-16 11:33:00', 'SYYYY-MM-DD HH24:MI:SS'), 'ry', TO_DATE('2018-03-16 11:33:00', 'SYYYY-MM-DD HH24:MI:SS'), '');
INSERT INTO "SYS_DICT_DATA" VALUES ('13', '2', '', 'N', 'sys_yes_no', NULL, 'danger', 'N', '0', 'admin', TO_DATE('2018-03-16 11:33:00', 'SYYYY-MM-DD HH24:MI:SS'), 'ry', TO_DATE('2018-03-16 11:33:00', 'SYYYY-MM-DD HH24:MI:SS'), '');
INSERT INTO "SYS_DICT_DATA" VALUES ('14', '1', '', '1', 'sys_notice_type', NULL, 'warning', 'Y', '0', 'admin', TO_DATE('2018-03-16 11:33:00', 'SYYYY-MM-DD HH24:MI:SS'), 'ry', TO_DATE('2018-03-16 11:33:00', 'SYYYY-MM-DD HH24:MI:SS'), '');
INSERT INTO "SYS_DICT_DATA" VALUES ('15', '2', '', '2', 'sys_notice_type', NULL, 'success', 'N', '0', 'admin', TO_DATE('2018-03-16 11:33:00', 'SYYYY-MM-DD HH24:MI:SS'), 'ry', TO_DATE('2018-03-16 11:33:00', 'SYYYY-MM-DD HH24:MI:SS'), '');
INSERT INTO "SYS_DICT_DATA" VALUES ('16', '1', '', '0', 'sys_notice_status', NULL, 'primary', 'Y', '0', 'admin', TO_DATE('2018-03-16 11:33:00', 'SYYYY-MM-DD HH24:MI:SS'), 'ry', TO_DATE('2018-03-16 11:33:00', 'SYYYY-MM-DD HH24:MI:SS'), '');
INSERT INTO "SYS_DICT_DATA" VALUES ('17', '2', '', '1', 'sys_notice_status', NULL, 'danger', 'N', '0', 'admin', TO_DATE('2018-03-16 11:33:00', 'SYYYY-MM-DD HH24:MI:SS'), 'ry', TO_DATE('2018-03-16 11:33:00', 'SYYYY-MM-DD HH24:MI:SS'), '');
INSERT INTO "SYS_DICT_DATA" VALUES ('18', '1', '', '1', 'sys_oper_type', NULL, 'info', 'N', '0', 'admin', TO_DATE('2018-03-16 11:33:00', 'SYYYY-MM-DD HH24:MI:SS'), 'ry', TO_DATE('2018-03-16 11:33:00', 'SYYYY-MM-DD HH24:MI:SS'), '');
INSERT INTO "SYS_DICT_DATA" VALUES ('19', '2', '', '2', 'sys_oper_type', NULL, 'info', 'N', '0', 'admin', TO_DATE('2018-03-16 11:33:00', 'SYYYY-MM-DD HH24:MI:SS'), 'ry', TO_DATE('2018-03-16 11:33:00', 'SYYYY-MM-DD HH24:MI:SS'), '');
INSERT INTO "SYS_DICT_DATA" VALUES ('20', '3', '', '3', 'sys_oper_type', NULL, 'danger', 'N', '0', 'admin', TO_DATE('2018-03-16 11:33:00', 'SYYYY-MM-DD HH24:MI:SS'), 'ry', TO_DATE('2018-03-16 11:33:00', 'SYYYY-MM-DD HH24:MI:SS'), '');
INSERT INTO "SYS_DICT_DATA" VALUES ('21', '4', '', '4', 'sys_oper_type', NULL, 'primary', 'N', '0', 'admin', TO_DATE('2018-03-16 11:33:00', 'SYYYY-MM-DD HH24:MI:SS'), 'ry', TO_DATE('2018-03-16 11:33:00', 'SYYYY-MM-DD HH24:MI:SS'), '');
INSERT INTO "SYS_DICT_DATA" VALUES ('22', '5', '', '5', 'sys_oper_type', NULL, 'warning', 'N', '0', 'admin', TO_DATE('2018-03-16 11:33:00', 'SYYYY-MM-DD HH24:MI:SS'), 'ry', TO_DATE('2018-03-16 11:33:00', 'SYYYY-MM-DD HH24:MI:SS'), '');
INSERT INTO "SYS_DICT_DATA" VALUES ('23', '6', '', '6', 'sys_oper_type', NULL, 'warning', 'N', '0', 'admin', TO_DATE('2018-03-16 11:33:00', 'SYYYY-MM-DD HH24:MI:SS'), 'ry', TO_DATE('2018-03-16 11:33:00', 'SYYYY-MM-DD HH24:MI:SS'), '');
INSERT INTO "SYS_DICT_DATA" VALUES ('24', '7', '', '7', 'sys_oper_type', NULL, 'danger', 'N', '0', 'admin', TO_DATE('2018-03-16 11:33:00', 'SYYYY-MM-DD HH24:MI:SS'), 'ry', TO_DATE('2018-03-16 11:33:00', 'SYYYY-MM-DD HH24:MI:SS'), '');
INSERT INTO "SYS_DICT_DATA" VALUES ('25', '8', '', '8', 'sys_oper_type', NULL, 'warning', 'N', '0', 'admin', TO_DATE('2018-03-16 11:33:00', 'SYYYY-MM-DD HH24:MI:SS'), 'ry', TO_DATE('2018-03-16 11:33:00', 'SYYYY-MM-DD HH24:MI:SS'), '');
INSERT INTO "SYS_DICT_DATA" VALUES ('26', '9', '', '9', 'sys_oper_type', NULL, 'danger', 'N', '0', 'admin', TO_DATE('2018-03-16 11:33:00', 'SYYYY-MM-DD HH24:MI:SS'), 'ry', TO_DATE('2018-03-16 11:33:00', 'SYYYY-MM-DD HH24:MI:SS'), '');
INSERT INTO "SYS_DICT_DATA" VALUES ('27', '1', '', '0', 'sys_common_status', NULL, 'primary', 'N', '0', 'admin', TO_DATE('2018-03-16 11:33:00', 'SYYYY-MM-DD HH24:MI:SS'), 'ry', TO_DATE('2018-03-16 11:33:00', 'SYYYY-MM-DD HH24:MI:SS'), '');
INSERT INTO "SYS_DICT_DATA" VALUES ('28', '2', '', '1', 'sys_common_status', NULL, 'danger', 'N', '0', 'admin', TO_DATE('2018-03-16 11:33:00', 'SYYYY-MM-DD HH24:MI:SS'), 'ry', TO_DATE('2018-03-16 11:33:00', 'SYYYY-MM-DD HH24:MI:SS'), '');
INSERT INTO "SYS_DICT_DATA" VALUES ('29', '1', '1', '1', 'act_category', NULL, NULL, 'Y', '0', 'system', TO_DATE('2019-10-06 15:58:04', 'SYYYY-MM-DD HH24:MI:SS'), NULL, NULL, '-1');
INSERT INTO "SYS_DICT_DATA" VALUES ('30', '2', '2', '2', 'act_category', NULL, NULL, 'Y', '0', 'system', TO_DATE('2019-10-06 15:58:35', 'SYYYY-MM-DD HH24:MI:SS'), NULL, NULL, '-2');
INSERT INTO "SYS_DICT_DATA" VALUES ('31', '1', '', '0', 'cms_yes_no', NULL, 'info', 'N', '0', 'system', TO_DATE('2019-12-14 01:15:52', 'SYYYY-MM-DD HH24:MI:SS'), 'system', TO_DATE('2019-12-14 22:22:56', 'SYYYY-MM-DD HH24:MI:SS'), '');
INSERT INTO "SYS_DICT_DATA" VALUES ('32', '2', '', '1', 'cms_yes_no', NULL, 'primary', 'Y', '0', 'system', TO_DATE('2019-12-14 01:16:15', 'SYYYY-MM-DD HH24:MI:SS'), 'system', TO_DATE('2019-12-14 22:22:46', 'SYYYY-MM-DD HH24:MI:SS'), '');
INSERT INTO "SYS_DICT_DATA" VALUES ('33', '1', '', '0', 'cms_show_hide', NULL, 'primary', 'Y', '0', 'system', TO_DATE('2019-12-14 01:30:46', 'SYYYY-MM-DD HH24:MI:SS'), 'system', TO_DATE('2019-12-14 22:15:57', 'SYYYY-MM-DD HH24:MI:SS'), '-');
INSERT INTO "SYS_DICT_DATA" VALUES ('34', '2', '', '1', 'cms_show_hide', NULL, 'danger', 'N', '0', 'system', TO_DATE('2019-12-14 01:31:18', 'SYYYY-MM-DD HH24:MI:SS'), 'system', TO_DATE('2020-05-04 00:29:15', 'SYYYY-MM-DD HH24:MI:SS'), '-');
INSERT INTO "SYS_DICT_DATA" VALUES ('35', '100', '', '0', 'sys_oper_type', NULL, 'info', 'N', '0', 'system', TO_DATE('2020-05-01 17:31:49', 'SYYYY-MM-DD HH24:MI:SS'), 'system', TO_DATE('2020-05-04 00:31:15', 'SYYYY-MM-DD HH24:MI:SS'), '');
INSERT INTO "SYS_DICT_DATA" VALUES ('36', '10', '', '1', 'oa_notify_type', NULL, 'default', 'Y', '0', 'system', TO_DATE('2020-12-19 14:07:13', 'SYYYY-MM-DD HH24:MI:SS'), NULL, NULL, '');
INSERT INTO "SYS_DICT_DATA" VALUES ('37', '20', '', '2', 'oa_notify_type', NULL, 'default', 'N', '0', 'system', TO_DATE('2020-12-19 14:07:40', 'SYYYY-MM-DD HH24:MI:SS'), 'system', TO_DATE('2020-12-19 15:29:16', 'SYYYY-MM-DD HH24:MI:SS'), '');
INSERT INTO "SYS_DICT_DATA" VALUES ('38', '30', '', '3', 'oa_notify_type', NULL, 'default', 'N', '0', 'system', TO_DATE('2020-12-19 14:08:05', 'SYYYY-MM-DD HH24:MI:SS'), 'system', TO_DATE('2020-12-19 15:29:19', 'SYYYY-MM-DD HH24:MI:SS'), '');
INSERT INTO "SYS_DICT_DATA" VALUES ('39', '10', '', '0', 'oa_notify_status', NULL, 'success', 'Y', '0', 'system', TO_DATE('2020-12-19 14:12:33', 'SYYYY-MM-DD HH24:MI:SS'), NULL, NULL, '');
INSERT INTO "SYS_DICT_DATA" VALUES ('40', '20', '', '1', 'oa_notify_status', NULL, 'info', 'N', '0', 'system', TO_DATE('2020-12-19 14:12:48', 'SYYYY-MM-DD HH24:MI:SS'), 'system', TO_DATE('2020-12-19 15:28:43', 'SYYYY-MM-DD HH24:MI:SS'), '');
INSERT INTO "SYS_DICT_DATA" VALUES ('41', '10', '', '0', 'oa_notify_read', NULL, 'danger', 'Y', '0', 'system', TO_DATE('2020-12-19 22:06:12', 'SYYYY-MM-DD HH24:MI:SS'), NULL, NULL, '');
INSERT INTO "SYS_DICT_DATA" VALUES ('42', '20', '', '1', 'oa_notify_read', NULL, 'primary', 'N', '0', 'system', TO_DATE('2020-12-19 22:06:32', 'SYYYY-MM-DD HH24:MI:SS'), NULL, NULL, '');
INSERT INTO "SYS_DICT_DATA" VALUES ('43', '40', '', '4', 'oa_notify_type', NULL, 'default', 'N', '0', 'system', TO_DATE('2020-12-19 23:59:07', 'SYYYY-MM-DD HH24:MI:SS'), NULL, NULL, '');
INSERT INTO "SYS_DICT_DATA" VALUES ('44', '50', '', '5', 'oa_notify_type', NULL, 'default', 'N', '0', 'system', TO_DATE('2020-12-20 19:43:30', 'SYYYY-MM-DD HH24:MI:SS'), 'system', TO_DATE('2020-12-20 19:55:00', 'SYYYY-MM-DD HH24:MI:SS'), '');
INSERT INTO "SYS_DICT_DATA" VALUES ('45', '10', '', 'leave', 'act_type', NULL, 'info', 'N', '0', 'system', TO_DATE('2021-06-14 17:22:46', 'SYYYY-MM-DD HH24:MI:SS'), 'system', TO_DATE('2021-06-14 17:26:53', 'SYYYY-MM-DD HH24:MI:SS'), '');
INSERT INTO "SYS_DICT_DATA" VALUES ('46', '20', '', 'business_trip', 'act_type', NULL, 'info', 'N', '0', 'system', TO_DATE('2021-06-14 17:29:51', 'SYYYY-MM-DD HH24:MI:SS'), NULL, NULL, '');

-- ----------------------------
-- Table structure for SYS_DICT_TYPE
-- ----------------------------
DROP TABLE "SYS_DICT_TYPE";
CREATE TABLE "SYS_DICT_TYPE" (
  "DICT_ID" NUMBER(20,0) VISIBLE NOT NULL,
  "DICT_NAME" NVARCHAR2(100) VISIBLE,
  "DICT_TYPE" NVARCHAR2(100) VISIBLE,
  "STATUS" NCHAR(1) VISIBLE,
  "CREATE_BY" NVARCHAR2(64) VISIBLE,
  "CREATE_TIME" DATE VISIBLE,
  "UPDATE_BY" NVARCHAR2(64) VISIBLE,
  "UPDATE_TIME" DATE VISIBLE,
  "REMARK" NVARCHAR2(500) VISIBLE
)
LOGGING
NOCOMPRESS
PCTFREE 10
INITRANS 1
STORAGE (
  INITIAL 65536 
  NEXT 1048576 
  MINEXTENTS 1
  MAXEXTENTS 2147483645
  BUFFER_POOL DEFAULT
)
PARALLEL 1
NOCACHE
DISABLE ROW MOVEMENT
;
COMMENT ON COLUMN "SYS_DICT_TYPE"."DICT_ID" IS '';
COMMENT ON COLUMN "SYS_DICT_TYPE"."DICT_NAME" IS '';
COMMENT ON COLUMN "SYS_DICT_TYPE"."DICT_TYPE" IS '';
COMMENT ON COLUMN "SYS_DICT_TYPE"."STATUS" IS '0 1';
COMMENT ON COLUMN "SYS_DICT_TYPE"."CREATE_BY" IS '';
COMMENT ON COLUMN "SYS_DICT_TYPE"."CREATE_TIME" IS '';
COMMENT ON COLUMN "SYS_DICT_TYPE"."UPDATE_BY" IS '';
COMMENT ON COLUMN "SYS_DICT_TYPE"."UPDATE_TIME" IS '';
COMMENT ON COLUMN "SYS_DICT_TYPE"."REMARK" IS '';
COMMENT ON TABLE "SYS_DICT_TYPE" IS '';

-- ----------------------------
-- Records of SYS_DICT_TYPE
-- ----------------------------
INSERT INTO "SYS_DICT_TYPE" VALUES ('1', '', 'sys_user_sex', '0', 'admin', TO_DATE('2018-03-16 11:33:00', 'SYYYY-MM-DD HH24:MI:SS'), 'ry', TO_DATE('2018-03-16 11:33:00', 'SYYYY-MM-DD HH24:MI:SS'), '');
INSERT INTO "SYS_DICT_TYPE" VALUES ('2', '', 'sys_show_hide', '0', 'admin', TO_DATE('2018-03-16 11:33:00', 'SYYYY-MM-DD HH24:MI:SS'), 'ry', TO_DATE('2018-03-16 11:33:00', 'SYYYY-MM-DD HH24:MI:SS'), '');
INSERT INTO "SYS_DICT_TYPE" VALUES ('3', '', 'sys_normal_disable', '0', 'admin', TO_DATE('2018-03-16 11:33:00', 'SYYYY-MM-DD HH24:MI:SS'), 'ry', TO_DATE('2018-03-16 11:33:00', 'SYYYY-MM-DD HH24:MI:SS'), '');
INSERT INTO "SYS_DICT_TYPE" VALUES ('4', '', 'sys_job_status', '0', 'admin', TO_DATE('2018-03-16 11:33:00', 'SYYYY-MM-DD HH24:MI:SS'), 'ry', TO_DATE('2018-03-16 11:33:00', 'SYYYY-MM-DD HH24:MI:SS'), '');
INSERT INTO "SYS_DICT_TYPE" VALUES ('5', '', 'sys_job_group', '0', 'admin', TO_DATE('2018-03-16 11:33:00', 'SYYYY-MM-DD HH24:MI:SS'), 'ry', TO_DATE('2018-03-16 11:33:00', 'SYYYY-MM-DD HH24:MI:SS'), '');
INSERT INTO "SYS_DICT_TYPE" VALUES ('6', '', 'sys_yes_no', '0', 'admin', TO_DATE('2018-03-16 11:33:00', 'SYYYY-MM-DD HH24:MI:SS'), 'ry', TO_DATE('2018-03-16 11:33:00', 'SYYYY-MM-DD HH24:MI:SS'), '');
INSERT INTO "SYS_DICT_TYPE" VALUES ('7', '', 'sys_notice_type', '0', 'admin', TO_DATE('2018-03-16 11:33:00', 'SYYYY-MM-DD HH24:MI:SS'), 'ry', TO_DATE('2018-03-16 11:33:00', 'SYYYY-MM-DD HH24:MI:SS'), '');
INSERT INTO "SYS_DICT_TYPE" VALUES ('8', '', 'sys_notice_status', '0', 'admin', TO_DATE('2018-03-16 11:33:00', 'SYYYY-MM-DD HH24:MI:SS'), 'ry', TO_DATE('2018-03-16 11:33:00', 'SYYYY-MM-DD HH24:MI:SS'), '');
INSERT INTO "SYS_DICT_TYPE" VALUES ('9', '', 'sys_oper_type', '0', 'admin', TO_DATE('2018-03-16 11:33:00', 'SYYYY-MM-DD HH24:MI:SS'), 'ry', TO_DATE('2018-03-16 11:33:00', 'SYYYY-MM-DD HH24:MI:SS'), '');
INSERT INTO "SYS_DICT_TYPE" VALUES ('10', '', 'sys_common_status', '0', 'admin', TO_DATE('2018-03-16 11:33:00', 'SYYYY-MM-DD HH24:MI:SS'), 'ry', TO_DATE('2018-03-16 11:33:00', 'SYYYY-MM-DD HH24:MI:SS'), '');
INSERT INTO "SYS_DICT_TYPE" VALUES ('11', '', 'act_category', '0', 'system', TO_DATE('2019-10-06 15:52:10', 'SYYYY-MM-DD HH24:MI:SS'), 'system', TO_DATE('2019-10-06 15:55:59', 'SYYYY-MM-DD HH24:MI:SS'), '');
INSERT INTO "SYS_DICT_TYPE" VALUES ('12', '', 'cms_yes_no', '0', 'system', TO_DATE('2019-12-14 01:13:44', 'SYYYY-MM-DD HH24:MI:SS'), 'system', TO_DATE('2019-12-14 01:26:35', 'SYYYY-MM-DD HH24:MI:SS'), '--');
INSERT INTO "SYS_DICT_TYPE" VALUES ('13', '-', 'cms_show_hide', '0', 'system', TO_DATE('2019-12-14 01:29:26', 'SYYYY-MM-DD HH24:MI:SS'), 'system', TO_DATE('2019-12-15 22:41:34', 'SYYYY-MM-DD HH24:MI:SS'), '-');
INSERT INTO "SYS_DICT_TYPE" VALUES ('14', '-', 'oa_notify_type', '0', 'system', TO_DATE('2020-12-19 14:05:43', 'SYYYY-MM-DD HH24:MI:SS'), 'system', TO_DATE('2020-12-20 19:33:44', 'SYYYY-MM-DD HH24:MI:SS'), '-');
INSERT INTO "SYS_DICT_TYPE" VALUES ('15', '-', 'oa_notify_status', '0', 'system', TO_DATE('2020-12-19 14:11:48', 'SYYYY-MM-DD HH24:MI:SS'), 'system', TO_DATE('2020-12-20 19:33:35', 'SYYYY-MM-DD HH24:MI:SS'), '-');
INSERT INTO "SYS_DICT_TYPE" VALUES ('16', '-', 'oa_notify_read', '0', 'system', TO_DATE('2020-12-19 22:05:33', 'SYYYY-MM-DD HH24:MI:SS'), 'system', TO_DATE('2020-12-20 19:32:55', 'SYYYY-MM-DD HH24:MI:SS'), '-');
INSERT INTO "SYS_DICT_TYPE" VALUES ('17', '', 'act_type', '0', 'system', TO_DATE('2021-06-14 17:21:55', 'SYYYY-MM-DD HH24:MI:SS'), NULL, NULL, '');

-- ----------------------------
-- Table structure for SYS_JOB
-- ----------------------------
DROP TABLE "SYS_JOB";
CREATE TABLE "SYS_JOB" (
  "JOB_ID" NUMBER(20,0) VISIBLE NOT NULL,
  "JOB_NAME" NVARCHAR2(64) VISIBLE NOT NULL,
  "JOB_GROUP" NVARCHAR2(64) VISIBLE NOT NULL,
  "METHOD_NAME" NVARCHAR2(255) VISIBLE,
  "METHOD_PARAMS" NVARCHAR2(50) VISIBLE,
  "INVOKE_TARGET" NVARCHAR2(500) VISIBLE NOT NULL,
  "CRON_EXPRESSION" NVARCHAR2(255) VISIBLE,
  "MISFIRE_POLICY" NVARCHAR2(20) VISIBLE,
  "CONCURRENT" NCHAR(1) VISIBLE,
  "STATUS" NCHAR(1) VISIBLE,
  "CREATE_BY" NVARCHAR2(64) VISIBLE,
  "CREATE_TIME" DATE VISIBLE,
  "UPDATE_BY" NVARCHAR2(64) VISIBLE,
  "UPDATE_TIME" DATE VISIBLE,
  "REMARK" NVARCHAR2(500) VISIBLE
)
LOGGING
NOCOMPRESS
PCTFREE 10
INITRANS 1
STORAGE (
  INITIAL 65536 
  NEXT 1048576 
  MINEXTENTS 1
  MAXEXTENTS 2147483645
  BUFFER_POOL DEFAULT
)
PARALLEL 1
NOCACHE
DISABLE ROW MOVEMENT
;
COMMENT ON COLUMN "SYS_JOB"."JOB_ID" IS 'ID';
COMMENT ON COLUMN "SYS_JOB"."JOB_NAME" IS '';
COMMENT ON COLUMN "SYS_JOB"."JOB_GROUP" IS '';
COMMENT ON COLUMN "SYS_JOB"."METHOD_NAME" IS '';
COMMENT ON COLUMN "SYS_JOB"."METHOD_PARAMS" IS '';
COMMENT ON COLUMN "SYS_JOB"."INVOKE_TARGET" IS '';
COMMENT ON COLUMN "SYS_JOB"."CRON_EXPRESSION" IS 'cron';
COMMENT ON COLUMN "SYS_JOB"."MISFIRE_POLICY" IS '1 2 3';
COMMENT ON COLUMN "SYS_JOB"."CONCURRENT" IS '0 1';
COMMENT ON COLUMN "SYS_JOB"."STATUS" IS '0 1';
COMMENT ON COLUMN "SYS_JOB"."CREATE_BY" IS '';
COMMENT ON COLUMN "SYS_JOB"."CREATE_TIME" IS '';
COMMENT ON COLUMN "SYS_JOB"."UPDATE_BY" IS '';
COMMENT ON COLUMN "SYS_JOB"."UPDATE_TIME" IS '';
COMMENT ON COLUMN "SYS_JOB"."REMARK" IS '';
COMMENT ON TABLE "SYS_JOB" IS '';

-- ----------------------------
-- Records of SYS_JOB
-- ----------------------------
INSERT INTO "SYS_JOB" VALUES ('1', '', 'DEFAULT', NULL, NULL, 'zhglxtTask.noParams', '0/10 * * * * ?', '3', '1', '1', 'admin', TO_DATE('2018-03-16 11:33:00', 'SYYYY-MM-DD HH24:MI:SS'), 'system', TO_DATE('2019-10-13 19:11:08', 'SYYYY-MM-DD HH24:MI:SS'), '0/10 * * * * ? ');
INSERT INTO "SYS_JOB" VALUES ('2', '', 'DEFAULT', NULL, NULL, 'zhglxtTask.params(''zhglxt'')', '0/15 * * * * ?', '3', '1', '1', 'admin', TO_DATE('2018-03-16 11:33:00', 'SYYYY-MM-DD HH24:MI:SS'), 'system', TO_DATE('2019-09-07 02:47:45', 'SYYYY-MM-DD HH24:MI:SS'), NULL);
INSERT INTO "SYS_JOB" VALUES ('3', '', 'DEFAULT', NULL, NULL, 'zhglxtTask.multipleParams(''zhglxt'', true, 2000L, 316.50D, 100)', '0/20 * * * * ?', '3', '1', '1', 'admin', TO_DATE('2018-03-16 11:33:00', 'SYYYY-MM-DD HH24:MI:SS'), 'system', TO_DATE('2019-09-07 02:48:14', 'SYYYY-MM-DD HH24:MI:SS'), NULL);

-- ----------------------------
-- Table structure for SYS_JOB_LOG
-- ----------------------------
DROP TABLE "SYS_JOB_LOG";
CREATE TABLE "SYS_JOB_LOG" (
  "JOB_LOG_ID" NUMBER(20,0) VISIBLE NOT NULL,
  "JOB_NAME" NVARCHAR2(64) VISIBLE NOT NULL,
  "JOB_GROUP" NVARCHAR2(64) VISIBLE NOT NULL,
  "METHOD_NAME" NVARCHAR2(255) VISIBLE,
  "METHOD_PARAMS" NVARCHAR2(50) VISIBLE,
  "INVOKE_TARGET" NVARCHAR2(500) VISIBLE NOT NULL,
  "JOB_MESSAGE" NVARCHAR2(500) VISIBLE,
  "STATUS" NCHAR(1) VISIBLE,
  "EXCEPTION_INFO" NCLOB VISIBLE,
  "CREATE_TIME" DATE VISIBLE
)
LOGGING
NOCOMPRESS
PCTFREE 10
INITRANS 1
STORAGE (
  INITIAL 65536 
  NEXT 1048576 
  MINEXTENTS 1
  MAXEXTENTS 2147483645
  BUFFER_POOL DEFAULT
)
PARALLEL 1
NOCACHE
DISABLE ROW MOVEMENT
;
COMMENT ON COLUMN "SYS_JOB_LOG"."JOB_LOG_ID" IS 'ID';
COMMENT ON COLUMN "SYS_JOB_LOG"."JOB_NAME" IS '';
COMMENT ON COLUMN "SYS_JOB_LOG"."JOB_GROUP" IS '';
COMMENT ON COLUMN "SYS_JOB_LOG"."METHOD_NAME" IS '';
COMMENT ON COLUMN "SYS_JOB_LOG"."METHOD_PARAMS" IS '';
COMMENT ON COLUMN "SYS_JOB_LOG"."INVOKE_TARGET" IS '';
COMMENT ON COLUMN "SYS_JOB_LOG"."JOB_MESSAGE" IS '';
COMMENT ON COLUMN "SYS_JOB_LOG"."STATUS" IS '0 1';
COMMENT ON COLUMN "SYS_JOB_LOG"."EXCEPTION_INFO" IS '';
COMMENT ON COLUMN "SYS_JOB_LOG"."CREATE_TIME" IS '';
COMMENT ON TABLE "SYS_JOB_LOG" IS '';

-- ----------------------------
-- Records of SYS_JOB_LOG
-- ----------------------------
INSERT INTO "SYS_JOB_LOG" VALUES ('1', '', 'DEFAULT', NULL, NULL, 'zhglxtTask.noParams', ' 0', '0', NULL, TO_DATE('2019-09-07 02:58:10', 'SYYYY-MM-DD HH24:MI:SS'));
INSERT INTO "SYS_JOB_LOG" VALUES ('2', '', 'DEFAULT', NULL, NULL, 'zhglxtTask.noParams', ' 0', '0', NULL, TO_DATE('2019-09-07 02:58:20', 'SYYYY-MM-DD HH24:MI:SS'));
INSERT INTO "SYS_JOB_LOG" VALUES ('3', '', 'DEFAULT', NULL, NULL, 'zhglxtTask.noParams', ' 0', '0', NULL, TO_DATE('2019-09-07 02:58:30', 'SYYYY-MM-DD HH24:MI:SS'));
INSERT INTO "SYS_JOB_LOG" VALUES ('4', '', 'DEFAULT', NULL, NULL, 'zhglxtTask.noParams', ' 1', '0', NULL, TO_DATE('2019-09-07 02:59:20', 'SYYYY-MM-DD HH24:MI:SS'));
INSERT INTO "SYS_JOB_LOG" VALUES ('5', '', 'DEFAULT', NULL, NULL, 'zhglxtTask.noParams', ' 1', '0', NULL, TO_DATE('2019-09-07 02:59:30', 'SYYYY-MM-DD HH24:MI:SS'));
INSERT INTO "SYS_JOB_LOG" VALUES ('6', '', 'DEFAULT', NULL, NULL, 'zhglxtTask.noParams', ' 0', '0', NULL, TO_DATE('2019-09-07 02:59:40', 'SYYYY-MM-DD HH24:MI:SS'));
INSERT INTO "SYS_JOB_LOG" VALUES ('7', '', 'DEFAULT', NULL, NULL, 'zhglxtTask.noParams', ' 0', '0', NULL, TO_DATE('2019-09-07 02:59:50', 'SYYYY-MM-DD HH24:MI:SS'));
INSERT INTO "SYS_JOB_LOG" VALUES ('8', '', 'DEFAULT', NULL, NULL, 'zhglxtTask.noParams', ' 1', '0', NULL, TO_DATE('2019-09-07 03:00:00', 'SYYYY-MM-DD HH24:MI:SS'));
INSERT INTO "SYS_JOB_LOG" VALUES ('9', '', 'DEFAULT', NULL, NULL, 'zhglxtTask.noParams', ' 0', '0', NULL, TO_DATE('2019-09-07 03:00:44', 'SYYYY-MM-DD HH24:MI:SS'));
INSERT INTO "SYS_JOB_LOG" VALUES ('10', '', 'DEFAULT', NULL, NULL, 'zhglxtTask.noParams', ' 0', '0', NULL, TO_DATE('2019-09-07 03:00:44', 'SYYYY-MM-DD HH24:MI:SS'));
INSERT INTO "SYS_JOB_LOG" VALUES ('11', '', 'DEFAULT', NULL, NULL, 'zhglxtTask.noParams', ' 0', '0', NULL, TO_DATE('2019-09-07 03:00:44', 'SYYYY-MM-DD HH24:MI:SS'));
INSERT INTO "SYS_JOB_LOG" VALUES ('12', '', 'DEFAULT', NULL, NULL, 'zhglxtTask.noParams', ' 0', '0', NULL, TO_DATE('2019-09-07 03:00:50', 'SYYYY-MM-DD HH24:MI:SS'));
INSERT INTO "SYS_JOB_LOG" VALUES ('13', '', 'DEFAULT', NULL, NULL, 'zhglxtTask.noParams', ' 0', '0', NULL, TO_DATE('2019-09-07 03:01:00', 'SYYYY-MM-DD HH24:MI:SS'));
INSERT INTO "SYS_JOB_LOG" VALUES ('14', '', 'DEFAULT', NULL, NULL, 'zhglxtTask.noParams', ' 0', '0', NULL, TO_DATE('2019-09-07 03:01:10', 'SYYYY-MM-DD HH24:MI:SS'));
INSERT INTO "SYS_JOB_LOG" VALUES ('15', '', 'DEFAULT', NULL, NULL, 'zhglxtTask.noParams', ' 0', '0', NULL, TO_DATE('2019-09-07 03:01:20', 'SYYYY-MM-DD HH24:MI:SS'));
INSERT INTO "SYS_JOB_LOG" VALUES ('16', '', 'DEFAULT', NULL, NULL, 'zhglxtTask.noParams', ' 17', '0', NULL, TO_DATE('2019-10-13 19:10:50', 'SYYYY-MM-DD HH24:MI:SS'));
INSERT INTO "SYS_JOB_LOG" VALUES ('17', '', 'DEFAULT', NULL, NULL, 'zhglxtTask.noParams', ' 0', '0', NULL, TO_DATE('2019-10-13 19:11:00', 'SYYYY-MM-DD HH24:MI:SS'));
INSERT INTO "SYS_JOB_LOG" VALUES ('18', '', 'DEFAULT', NULL, NULL, 'zhglxtTask.noParams', ' 43', '0', NULL, TO_DATE('2019-11-07 19:47:23', 'SYYYY-MM-DD HH24:MI:SS'));
INSERT INTO "SYS_JOB_LOG" VALUES ('19', '', 'DEFAULT', NULL, NULL, 'zhglxtTask.noParams', ' 79', '0', NULL, TO_DATE('2019-11-10 17:07:24', 'SYYYY-MM-DD HH24:MI:SS'));
INSERT INTO "SYS_JOB_LOG" VALUES ('20', '', 'DEFAULT', NULL, NULL, 'zhglxtTask.noParams', ' 2', '0', NULL, TO_DATE('2019-11-11 16:06:04', 'SYYYY-MM-DD HH24:MI:SS'));
INSERT INTO "SYS_JOB_LOG" VALUES ('21', '', 'DEFAULT', NULL, NULL, 'zhglxtTask.noParams', ' 57', '0', NULL, TO_DATE('2019-11-18 20:19:05', 'SYYYY-MM-DD HH24:MI:SS'));
INSERT INTO "SYS_JOB_LOG" VALUES ('22', '', 'DEFAULT', NULL, NULL, 'zhglxtTask.noParams', ' 3', '0', NULL, TO_DATE('2019-12-02 22:08:41', 'SYYYY-MM-DD HH24:MI:SS'));
INSERT INTO "SYS_JOB_LOG" VALUES ('23', '', 'DEFAULT', NULL, NULL, 'zhglxtTask.noParams', ' 1', '0', NULL, TO_DATE('2020-04-18 15:21:33', 'SYYYY-MM-DD HH24:MI:SS'));
INSERT INTO "SYS_JOB_LOG" VALUES ('24', '', 'DEFAULT', NULL, NULL, 'zhglxtTask.params(''zhglxt'')', ' 1', '0', NULL, TO_DATE('2020-04-24 20:44:56', 'SYYYY-MM-DD HH24:MI:SS'));
INSERT INTO "SYS_JOB_LOG" VALUES ('25', '', 'DEFAULT', NULL, NULL, 'zhglxtTask.noParams', ' 0', '0', NULL, TO_DATE('2020-04-24 20:51:22', 'SYYYY-MM-DD HH24:MI:SS'));
INSERT INTO "SYS_JOB_LOG" VALUES ('26', '', 'DEFAULT', NULL, NULL, 'zhglxtTask.multipleParams(''zhglxt'', true, 2000L, 316.50D, 100)', ' 3', '0', NULL, TO_DATE('2020-05-04 00:22:02', 'SYYYY-MM-DD HH24:MI:SS'));
INSERT INTO "SYS_JOB_LOG" VALUES ('27', '', 'DEFAULT', NULL, NULL, 'zhglxtTask.noParams', ' 2', '0', NULL, TO_DATE('2020-09-05 11:43:05', 'SYYYY-MM-DD HH24:MI:SS'));
INSERT INTO "SYS_JOB_LOG" VALUES ('28', '', 'DEFAULT', NULL, NULL, 'zhglxtTask.noParams', ' 1', '0', NULL, TO_DATE('2020-10-29 16:00:46', 'SYYYY-MM-DD HH24:MI:SS'));
INSERT INTO "SYS_JOB_LOG" VALUES ('29', '', 'DEFAULT', NULL, NULL, 'zhglxtTask.params(''zhglxt'')', ' 0', '0', NULL, TO_DATE('2020-10-29 16:00:50', 'SYYYY-MM-DD HH24:MI:SS'));
INSERT INTO "SYS_JOB_LOG" VALUES ('30', '', 'DEFAULT', NULL, NULL, 'zhglxtTask.multipleParams(''zhglxt'', true, 2000L, 316.50D, 100)', ' 1', '0', NULL, TO_DATE('2020-10-29 16:00:53', 'SYYYY-MM-DD HH24:MI:SS'));

-- ----------------------------
-- Table structure for SYS_LOGININFOR
-- ----------------------------
DROP TABLE "SYS_LOGININFOR";
CREATE TABLE "SYS_LOGININFOR" (
  "INFO_ID" NUMBER(20,0) VISIBLE NOT NULL,
  "LOGIN_NAME" NVARCHAR2(50) VISIBLE,
  "IPADDR" NVARCHAR2(128) VISIBLE,
  "LOGIN_LOCATION" NVARCHAR2(255) VISIBLE,
  "BROWSER" NVARCHAR2(50) VISIBLE,
  "OS" NVARCHAR2(50) VISIBLE,
  "STATUS" NCHAR(1) VISIBLE,
  "MSG" NVARCHAR2(255) VISIBLE,
  "LOGIN_TIME" DATE VISIBLE
)
LOGGING
NOCOMPRESS
PCTFREE 10
INITRANS 1
STORAGE (
  INITIAL 65536 
  NEXT 1048576 
  MINEXTENTS 1
  MAXEXTENTS 2147483645
  BUFFER_POOL DEFAULT
)
PARALLEL 1
NOCACHE
DISABLE ROW MOVEMENT
;
COMMENT ON COLUMN "SYS_LOGININFOR"."INFO_ID" IS 'ID';
COMMENT ON COLUMN "SYS_LOGININFOR"."LOGIN_NAME" IS '';
COMMENT ON COLUMN "SYS_LOGININFOR"."IPADDR" IS 'IP';
COMMENT ON COLUMN "SYS_LOGININFOR"."LOGIN_LOCATION" IS '';
COMMENT ON COLUMN "SYS_LOGININFOR"."BROWSER" IS '';
COMMENT ON COLUMN "SYS_LOGININFOR"."OS" IS '';
COMMENT ON COLUMN "SYS_LOGININFOR"."STATUS" IS '0 1';
COMMENT ON COLUMN "SYS_LOGININFOR"."MSG" IS '';
COMMENT ON COLUMN "SYS_LOGININFOR"."LOGIN_TIME" IS '';
COMMENT ON TABLE "SYS_LOGININFOR" IS '';

-- ----------------------------
-- Records of SYS_LOGININFOR
-- ----------------------------

-- ----------------------------
-- Table structure for SYS_MENU
-- ----------------------------
DROP TABLE "SYS_MENU";
CREATE TABLE "SYS_MENU" (
  "MENU_ID" NUMBER(20,0) VISIBLE NOT NULL,
  "MENU_NAME" NVARCHAR2(50) VISIBLE NOT NULL,
  "PARENT_ID" NUMBER(20,0) VISIBLE,
  "ORDER_NUM" NUMBER(11,0) VISIBLE,
  "URL" NVARCHAR2(200) VISIBLE,
  "TARGET" NVARCHAR2(20) VISIBLE,
  "MENU_TYPE" NCHAR(1) VISIBLE,
  "VISIBLE" NCHAR(1) VISIBLE,
  "IS_REFRESH" NCHAR(1) VISIBLE,
  "PERMS" NVARCHAR2(100) VISIBLE,
  "ICON" NVARCHAR2(100) VISIBLE,
  "CREATE_BY" NVARCHAR2(64) VISIBLE,
  "CREATE_TIME" DATE VISIBLE,
  "UPDATE_BY" NVARCHAR2(64) VISIBLE,
  "UPDATE_TIME" DATE VISIBLE,
  "REMARK" NVARCHAR2(500) VISIBLE
)
LOGGING
NOCOMPRESS
PCTFREE 10
INITRANS 1
STORAGE (
  INITIAL 65536 
  NEXT 1048576 
  MINEXTENTS 1
  MAXEXTENTS 2147483645
  BUFFER_POOL DEFAULT
)
PARALLEL 1
NOCACHE
DISABLE ROW MOVEMENT
;
COMMENT ON COLUMN "SYS_MENU"."MENU_ID" IS 'ID';
COMMENT ON COLUMN "SYS_MENU"."MENU_NAME" IS '';
COMMENT ON COLUMN "SYS_MENU"."PARENT_ID" IS 'ID';
COMMENT ON COLUMN "SYS_MENU"."ORDER_NUM" IS '';
COMMENT ON COLUMN "SYS_MENU"."URL" IS '';
COMMENT ON COLUMN "SYS_MENU"."TARGET" IS 'menuItem menuBlank';
COMMENT ON COLUMN "SYS_MENU"."MENU_TYPE" IS 'M C F';
COMMENT ON COLUMN "SYS_MENU"."VISIBLE" IS '0 1';
COMMENT ON COLUMN "SYS_MENU"."IS_REFRESH" IS '0 1';
COMMENT ON COLUMN "SYS_MENU"."PERMS" IS '';
COMMENT ON COLUMN "SYS_MENU"."ICON" IS '';
COMMENT ON COLUMN "SYS_MENU"."CREATE_BY" IS '';
COMMENT ON COLUMN "SYS_MENU"."CREATE_TIME" IS '';
COMMENT ON COLUMN "SYS_MENU"."UPDATE_BY" IS '';
COMMENT ON COLUMN "SYS_MENU"."UPDATE_TIME" IS '';
COMMENT ON COLUMN "SYS_MENU"."REMARK" IS '';
COMMENT ON TABLE "SYS_MENU" IS '';

-- ----------------------------
-- Records of SYS_MENU
-- ----------------------------
INSERT INTO "SYS_MENU" VALUES ('1141', '', '2', '10', '/monitor/cache', 'menuItem', 'C', '0', '1', 'monitor:cache:view', 'fa fa-cube', 'system', TO_DATE('2020-11-23 16:08:00', 'SYYYY-MM-DD HH24:MI:SS'), 'system', TO_DATE('2020-11-23 16:09:11', 'SYYYY-MM-DD HH24:MI:SS'), '');
INSERT INTO "SYS_MENU" VALUES ('1142', '', '1077', '5', '/oa/notify', 'menuItem', 'C', '0', '1', 'oa:notify:view', 'fa fa-commenting-o', 'system', TO_DATE('2020-12-19 13:47:02', 'SYYYY-MM-DD HH24:MI:SS'), 'system', TO_DATE('2020-12-19 19:04:38', 'SYYYY-MM-DD HH24:MI:SS'), NULL);
INSERT INTO "SYS_MENU" VALUES ('1143', '', '1142', '10', '#', 'menuItem', 'F', '0', '1', 'oa:notify:add', '#', 'system', TO_DATE('2020-12-19 13:48:01', 'SYYYY-MM-DD HH24:MI:SS'), 'system', TO_DATE('2020-12-19 13:50:01', 'SYYYY-MM-DD HH24:MI:SS'), NULL);
INSERT INTO "SYS_MENU" VALUES ('1144', '', '1142', '20', '#', 'menuItem', 'F', '0', '1', 'oa:notify:edit', '#', 'system', TO_DATE('2020-12-19 13:48:27', 'SYYYY-MM-DD HH24:MI:SS'), NULL, NULL, NULL);
INSERT INTO "SYS_MENU" VALUES ('1145', '', '1142', '30', '#', 'menuItem', 'F', '0', '1', 'oa:notify:remove', '#', 'system', TO_DATE('2020-12-19 13:48:55', 'SYYYY-MM-DD HH24:MI:SS'), NULL, NULL, NULL);
INSERT INTO "SYS_MENU" VALUES ('1146', '', '1077', '4', '/oa/notify/myNotify', 'menuItem', 'C', '0', '0', 'oa:notify:myNotify', 'fa fa-commenting-o', 'system', TO_DATE('2020-12-19 18:42:08', 'SYYYY-MM-DD HH24:MI:SS'), 'system', TO_DATE('2021-07-07 14:16:10', 'SYYYY-MM-DD HH24:MI:SS'), NULL);
INSERT INTO "SYS_MENU" VALUES ('1148', '', '1118', '20', '#', 'menuItem', 'F', '0', '1', 'cms:advertising:add', '#', 'system', TO_DATE('2020-12-25 00:49:13', 'SYYYY-MM-DD HH24:MI:SS'), NULL, NULL, NULL);
INSERT INTO "SYS_MENU" VALUES ('1149', '', '1118', '30', '#', 'menuItem', 'F', '0', '1', 'cms:advertising:edit', '#', 'system', TO_DATE('2020-12-25 00:49:33', 'SYYYY-MM-DD HH24:MI:SS'), NULL, NULL, NULL);
INSERT INTO "SYS_MENU" VALUES ('1150', '', '1118', '40', '#', 'menuItem', 'F', '0', '1', 'cms:advertising:remove', '#', 'system', TO_DATE('2020-12-25 00:49:52', 'SYYYY-MM-DD HH24:MI:SS'), NULL, NULL, NULL);
INSERT INTO "SYS_MENU" VALUES ('1151', '', '1119', '10', '#', 'menuItem', 'F', '0', '1', 'cms:article:add', '#', 'system', TO_DATE('2020-12-25 01:23:52', 'SYYYY-MM-DD HH24:MI:SS'), 'system', TO_DATE('2020-12-25 01:24:21', 'SYYYY-MM-DD HH24:MI:SS'), NULL);
INSERT INTO "SYS_MENU" VALUES ('1152', '', '1119', '20', '#', 'menuItem', 'F', '0', '1', 'cms:article:edit', '#', 'system', TO_DATE('2020-12-25 01:24:07', 'SYYYY-MM-DD HH24:MI:SS'), 'system', TO_DATE('2020-12-25 01:24:35', 'SYYYY-MM-DD HH24:MI:SS'), NULL);
INSERT INTO "SYS_MENU" VALUES ('1153', '', '1119', '30', '#', 'menuItem', 'F', '0', '1', 'cms:article:remove', '#', 'system', TO_DATE('2020-12-25 01:24:50', 'SYYYY-MM-DD HH24:MI:SS'), NULL, NULL, NULL);
INSERT INTO "SYS_MENU" VALUES ('1154', '', '1115', '10', '#', 'menuItem', 'F', '0', '1', 'cms:site:add', '#', 'system', TO_DATE('2021-01-05 19:50:54', 'SYYYY-MM-DD HH24:MI:SS'), NULL, NULL, NULL);
INSERT INTO "SYS_MENU" VALUES ('1155', '', '1115', '20', '#', 'menuItem', 'F', '0', '1', 'cms:site:edit', '#', 'system', TO_DATE('2021-01-05 19:51:22', 'SYYYY-MM-DD HH24:MI:SS'), NULL, NULL, NULL);
INSERT INTO "SYS_MENU" VALUES ('1156', '', '1115', '30', '#', 'menuItem', 'F', '0', '1', 'cms:site:remove', '#', 'system', TO_DATE('2021-01-05 19:51:46', 'SYYYY-MM-DD HH24:MI:SS'), NULL, NULL, NULL);
INSERT INTO "SYS_MENU" VALUES ('1174', '', '1061', '110', '/demo/import/index', 'menuItem', 'C', '0', '1', NULL, '#', 'system', TO_DATE('2021-06-17 10:21:09', 'SYYYY-MM-DD HH24:MI:SS'), 'system', TO_DATE('2021-06-17 10:22:15', 'SYYYY-MM-DD HH24:MI:SS'), NULL);
INSERT INTO "SYS_MENU" VALUES ('1175', 'MD', '1061', '50', '/demo/markdown/markdownEdit', 'menuBlank', 'C', '0', '1', NULL, '#', 'system', TO_DATE('2021-06-21 16:22:37', 'SYYYY-MM-DD HH24:MI:SS'), 'system', TO_DATE('2021-06-24 20:33:33', 'SYYYY-MM-DD HH24:MI:SS'), NULL);
INSERT INTO "SYS_MENU" VALUES ('1176', '', '1105', '60', '#', 'menuItem', 'M', '0', '1', NULL, 'fa fa-file-word-o', 'system', TO_DATE('2021-06-24 17:47:05', 'SYYYY-MM-DD HH24:MI:SS'), 'system', TO_DATE('2021-06-24 20:04:11', 'SYYYY-MM-DD HH24:MI:SS'), NULL);
INSERT INTO "SYS_MENU" VALUES ('1177', '', '1176', '10', '/cms/helpDoc', 'menuItem', 'C', '0', '1', NULL, '#', 'system', TO_DATE('2021-06-24 17:48:46', 'SYYYY-MM-DD HH24:MI:SS'), 'system', TO_DATE('2021-06-24 17:55:33', 'SYYYY-MM-DD HH24:MI:SS'), NULL);
INSERT INTO "SYS_MENU" VALUES ('1', '', '0', '50', '#', 'menuItem', 'M', '0', '1', NULL, 'fa fa-gear', 'admin', TO_DATE('2018-03-16 11:33:00', 'SYYYY-MM-DD HH24:MI:SS'), 'system', TO_DATE('2021-05-13 20:54:11', 'SYYYY-MM-DD HH24:MI:SS'), '');
INSERT INTO "SYS_MENU" VALUES ('2', '', '0', '60', '#', 'menuItem', 'M', '0', '1', NULL, 'fa fa-video-camera', 'admin', TO_DATE('2018-03-16 11:33:00', 'SYYYY-MM-DD HH24:MI:SS'), 'system', TO_DATE('2020-07-15 19:40:28', 'SYYYY-MM-DD HH24:MI:SS'), '');
INSERT INTO "SYS_MENU" VALUES ('3', '', '0', '65', '#', 'menuItem', 'M', '0', '1', NULL, 'fa fa-bars', 'admin', TO_DATE('2018-03-16 11:33:00', 'SYYYY-MM-DD HH24:MI:SS'), 'system', TO_DATE('2021-06-16 13:12:07', 'SYYYY-MM-DD HH24:MI:SS'), '');
INSERT INTO "SYS_MENU" VALUES ('100', '', '1', '1', '/system/user', NULL, 'C', '0', '1', 'system:user:view', 'fa fa-user-o', 'admin', TO_DATE('2018-03-16 11:33:00', 'SYYYY-MM-DD HH24:MI:SS'), 'ry', TO_DATE('2018-03-16 11:33:00', 'SYYYY-MM-DD HH24:MI:SS'), '');
INSERT INTO "SYS_MENU" VALUES ('101', '', '1', '2', '/system/role', NULL, 'C', '0', '1', 'system:role:view', 'fa fa-user-secret', 'admin', TO_DATE('2018-03-16 11:33:00', 'SYYYY-MM-DD HH24:MI:SS'), 'ry', TO_DATE('2018-03-16 11:33:00', 'SYYYY-MM-DD HH24:MI:SS'), '');
INSERT INTO "SYS_MENU" VALUES ('102', '', '1', '3', '/system/menu', NULL, 'C', '0', '1', 'system:menu:view', 'fa fa-th-list', 'admin', TO_DATE('2018-03-16 11:33:00', 'SYYYY-MM-DD HH24:MI:SS'), 'ry', TO_DATE('2018-03-16 11:33:00', 'SYYYY-MM-DD HH24:MI:SS'), '');
INSERT INTO "SYS_MENU" VALUES ('103', '', '1', '4', '/system/dept', NULL, 'C', '0', '1', 'system:dept:view', 'fa fa-outdent', 'admin', TO_DATE('2018-03-16 11:33:00', 'SYYYY-MM-DD HH24:MI:SS'), 'ry', TO_DATE('2018-03-16 11:33:00', 'SYYYY-MM-DD HH24:MI:SS'), '');
INSERT INTO "SYS_MENU" VALUES ('104', '', '1', '5', '/system/post', NULL, 'C', '0', '1', 'system:post:view', 'fa fa-address-card-o', 'admin', TO_DATE('2018-03-16 11:33:00', 'SYYYY-MM-DD HH24:MI:SS'), 'ry', TO_DATE('2018-03-16 11:33:00', 'SYYYY-MM-DD HH24:MI:SS'), '');
INSERT INTO "SYS_MENU" VALUES ('105', '', '1', '6', '/system/dict', NULL, 'C', '0', '1', 'system:dict:view', 'fa fa-bookmark-o', 'admin', TO_DATE('2018-03-16 11:33:00', 'SYYYY-MM-DD HH24:MI:SS'), 'ry', TO_DATE('2018-03-16 11:33:00', 'SYYYY-MM-DD HH24:MI:SS'), '');
INSERT INTO "SYS_MENU" VALUES ('106', '', '1', '7', '/system/config', NULL, 'C', '0', '1', 'system:config:view', 'fa fa-sun-o', 'admin', TO_DATE('2018-03-16 11:33:00', 'SYYYY-MM-DD HH24:MI:SS'), 'ry', TO_DATE('2018-03-16 11:33:00', 'SYYYY-MM-DD HH24:MI:SS'), '');
INSERT INTO "SYS_MENU" VALUES ('108', '', '1', '9', '#', NULL, 'M', '0', '1', NULL, 'fa fa-pencil-square-o', 'admin', TO_DATE('2018-03-16 11:33:00', 'SYYYY-MM-DD HH24:MI:SS'), 'ry', TO_DATE('2018-03-16 11:33:00', 'SYYYY-MM-DD HH24:MI:SS'), '');
INSERT INTO "SYS_MENU" VALUES ('109', '', '2', '1', '/monitor/online', NULL, 'C', '0', '1', 'monitor:online:view', 'fa fa-user-circle', 'admin', TO_DATE('2018-03-16 11:33:00', 'SYYYY-MM-DD HH24:MI:SS'), 'ry', TO_DATE('2018-03-16 11:33:00', 'SYYYY-MM-DD HH24:MI:SS'), '');
INSERT INTO "SYS_MENU" VALUES ('110', '', '2', '2', '/monitor/job', NULL, 'C', '0', '1', 'monitor:job:view', 'fa fa-tasks', 'admin', TO_DATE('2018-03-16 11:33:00', 'SYYYY-MM-DD HH24:MI:SS'), 'ry', TO_DATE('2018-03-16 11:33:00', 'SYYYY-MM-DD HH24:MI:SS'), '');
INSERT INTO "SYS_MENU" VALUES ('111', '', '2', '3', '/monitor/data', NULL, 'C', '0', '1', 'monitor:data:view', 'fa fa-bug', 'admin', TO_DATE('2018-03-16 11:33:00', 'SYYYY-MM-DD HH24:MI:SS'), 'ry', TO_DATE('2018-03-16 11:33:00', 'SYYYY-MM-DD HH24:MI:SS'), '');
INSERT INTO "SYS_MENU" VALUES ('112', '', '2', '3', '/monitor/server', NULL, 'C', '0', '1', 'monitor:server:view', 'fa fa-server', 'admin', TO_DATE('2018-03-16 11:33:00', 'SYYYY-MM-DD HH24:MI:SS'), 'system', TO_DATE('2018-03-16 11:33:00', 'SYYYY-MM-DD HH24:MI:SS'), '');
INSERT INTO "SYS_MENU" VALUES ('113', '', '3', '1', '/tool/build', NULL, 'C', '0', '1', 'tool:build:view', 'fa fa-wpforms', 'admin', TO_DATE('2018-03-16 11:33:00', 'SYYYY-MM-DD HH24:MI:SS'), 'system', TO_DATE('2018-03-16 11:33:00', 'SYYYY-MM-DD HH24:MI:SS'), '');
INSERT INTO "SYS_MENU" VALUES ('114', '', '3', '2', '/tool/gen', NULL, 'C', '0', '1', 'tool:gen:view', 'fa fa-code', 'admin', TO_DATE('2018-03-16 11:33:00', 'SYYYY-MM-DD HH24:MI:SS'), 'system', TO_DATE('2018-03-16 11:33:00', 'SYYYY-MM-DD HH24:MI:SS'), '');
INSERT INTO "SYS_MENU" VALUES ('115', '', '3', '3', '/tool/swagger', 'menuItem', 'C', '0', '1', 'tool:swagger:view', 'fa fa-gg', 'admin', TO_DATE('2018-03-16 11:33:00', 'SYYYY-MM-DD HH24:MI:SS'), 'system', TO_DATE('2020-06-08 15:49:58', 'SYYYY-MM-DD HH24:MI:SS'), '');
INSERT INTO "SYS_MENU" VALUES ('500', '', '108', '1', '/monitor/operlog', NULL, 'C', '0', '1', 'monitor:operlog:view', 'fa fa-address-book', 'admin', TO_DATE('2018-03-16 11:33:00', 'SYYYY-MM-DD HH24:MI:SS'), 'ry', TO_DATE('2018-03-16 11:33:00', 'SYYYY-MM-DD HH24:MI:SS'), '');
INSERT INTO "SYS_MENU" VALUES ('501', '', '108', '2', '/monitor/logininfor', NULL, 'C', '0', '1', 'monitor:logininfor:view', 'fa fa-file-image-o', 'admin', TO_DATE('2018-03-16 11:33:00', 'SYYYY-MM-DD HH24:MI:SS'), 'ry', TO_DATE('2018-03-16 11:33:00', 'SYYYY-MM-DD HH24:MI:SS'), '');
INSERT INTO "SYS_MENU" VALUES ('1000', '', '100', '1', '#', NULL, 'F', '0', '1', 'system:user:list', '#', 'admin', TO_DATE('2018-03-16 11:33:00', 'SYYYY-MM-DD HH24:MI:SS'), 'ry', TO_DATE('2018-03-16 11:33:00', 'SYYYY-MM-DD HH24:MI:SS'), NULL);
INSERT INTO "SYS_MENU" VALUES ('1001', '', '100', '2', '#', NULL, 'F', '0', '1', 'system:user:add', '#', 'admin', TO_DATE('2018-03-16 11:33:00', 'SYYYY-MM-DD HH24:MI:SS'), 'ry', TO_DATE('2018-03-16 11:33:00', 'SYYYY-MM-DD HH24:MI:SS'), NULL);
INSERT INTO "SYS_MENU" VALUES ('1002', '', '100', '3', '#', NULL, 'F', '0', '1', 'system:user:edit', '#', 'admin', TO_DATE('2018-03-16 11:33:00', 'SYYYY-MM-DD HH24:MI:SS'), 'ry', TO_DATE('2018-03-16 11:33:00', 'SYYYY-MM-DD HH24:MI:SS'), NULL);
INSERT INTO "SYS_MENU" VALUES ('1003', '', '100', '4', '#', NULL, 'F', '0', '1', 'system:user:remove', '#', 'admin', TO_DATE('2018-03-16 11:33:00', 'SYYYY-MM-DD HH24:MI:SS'), 'ry', TO_DATE('2018-03-16 11:33:00', 'SYYYY-MM-DD HH24:MI:SS'), NULL);
INSERT INTO "SYS_MENU" VALUES ('1004', '', '100', '5', '#', NULL, 'F', '0', '1', 'system:user:export', '#', 'admin', TO_DATE('2018-03-16 11:33:00', 'SYYYY-MM-DD HH24:MI:SS'), 'ry', TO_DATE('2018-03-16 11:33:00', 'SYYYY-MM-DD HH24:MI:SS'), NULL);
INSERT INTO "SYS_MENU" VALUES ('1005', '', '100', '6', '#', NULL, 'F', '0', '1', 'system:user:import', '#', 'admin', TO_DATE('2018-03-16 11:33:00', 'SYYYY-MM-DD HH24:MI:SS'), 'ry', TO_DATE('2018-03-16 11:33:00', 'SYYYY-MM-DD HH24:MI:SS'), NULL);
INSERT INTO "SYS_MENU" VALUES ('1006', '', '100', '7', '#', NULL, 'F', '0', '1', 'system:user:resetPwd', '#', 'admin', TO_DATE('2018-03-16 11:33:00', 'SYYYY-MM-DD HH24:MI:SS'), 'ry', TO_DATE('2018-03-16 11:33:00', 'SYYYY-MM-DD HH24:MI:SS'), NULL);
INSERT INTO "SYS_MENU" VALUES ('1007', '', '101', '1', '#', NULL, 'F', '0', '1', 'system:role:list', '#', 'admin', TO_DATE('2018-03-16 11:33:00', 'SYYYY-MM-DD HH24:MI:SS'), 'ry', TO_DATE('2018-03-16 11:33:00', 'SYYYY-MM-DD HH24:MI:SS'), NULL);
INSERT INTO "SYS_MENU" VALUES ('1008', '', '101', '2', '#', NULL, 'F', '0', '1', 'system:role:add', '#', 'admin', TO_DATE('2018-03-16 11:33:00', 'SYYYY-MM-DD HH24:MI:SS'), 'ry', TO_DATE('2018-03-16 11:33:00', 'SYYYY-MM-DD HH24:MI:SS'), NULL);
INSERT INTO "SYS_MENU" VALUES ('1009', '', '101', '3', '#', NULL, 'F', '0', '1', 'system:role:edit', '#', 'admin', TO_DATE('2018-03-16 11:33:00', 'SYYYY-MM-DD HH24:MI:SS'), 'ry', TO_DATE('2018-03-16 11:33:00', 'SYYYY-MM-DD HH24:MI:SS'), NULL);
INSERT INTO "SYS_MENU" VALUES ('1010', '', '101', '4', '#', NULL, 'F', '0', '1', 'system:role:remove', '#', 'admin', TO_DATE('2018-03-16 11:33:00', 'SYYYY-MM-DD HH24:MI:SS'), 'ry', TO_DATE('2018-03-16 11:33:00', 'SYYYY-MM-DD HH24:MI:SS'), NULL);
INSERT INTO "SYS_MENU" VALUES ('1011', '', '101', '5', '#', NULL, 'F', '0', '1', 'system:role:export', '#', 'admin', TO_DATE('2018-03-16 11:33:00', 'SYYYY-MM-DD HH24:MI:SS'), 'ry', TO_DATE('2018-03-16 11:33:00', 'SYYYY-MM-DD HH24:MI:SS'), NULL);
INSERT INTO "SYS_MENU" VALUES ('1012', '', '102', '1', '#', NULL, 'F', '0', '1', 'system:menu:list', '#', 'admin', TO_DATE('2018-03-16 11:33:00', 'SYYYY-MM-DD HH24:MI:SS'), 'ry', TO_DATE('2018-03-16 11:33:00', 'SYYYY-MM-DD HH24:MI:SS'), NULL);
INSERT INTO "SYS_MENU" VALUES ('1013', '', '102', '2', '#', NULL, 'F', '0', '1', 'system:menu:add', '#', 'admin', TO_DATE('2018-03-16 11:33:00', 'SYYYY-MM-DD HH24:MI:SS'), 'ry', TO_DATE('2018-03-16 11:33:00', 'SYYYY-MM-DD HH24:MI:SS'), NULL);
INSERT INTO "SYS_MENU" VALUES ('1014', '', '102', '3', '#', NULL, 'F', '0', '1', 'system:menu:edit', '#', 'admin', TO_DATE('2018-03-16 11:33:00', 'SYYYY-MM-DD HH24:MI:SS'), 'ry', TO_DATE('2018-03-16 11:33:00', 'SYYYY-MM-DD HH24:MI:SS'), NULL);
INSERT INTO "SYS_MENU" VALUES ('1115', '', '1113', '20', '/cms/site/index', 'menuItem', 'C', '0', '1', NULL, 'fa fa-briefcase', 'system', TO_DATE('2019-12-18 21:34:13', 'SYYYY-MM-DD HH24:MI:SS'), 'system', TO_DATE('2021-07-05 18:00:13', 'SYYYY-MM-DD HH24:MI:SS'), NULL);
INSERT INTO "SYS_MENU" VALUES ('1117', '', '1105', '50', '#', 'menuItem', 'M', '0', '1', NULL, 'fa fa-edit', 'system', TO_DATE('2019-12-18 21:35:58', 'SYYYY-MM-DD HH24:MI:SS'), NULL, NULL, NULL);
INSERT INTO "SYS_MENU" VALUES ('1118', '', '1117', '5', '/cms/advertising', 'menuItem', 'C', '0', '1', 'cms:advertising:view', 'fa fa-bullhorn', 'system', TO_DATE('2019-12-18 21:36:58', 'SYYYY-MM-DD HH24:MI:SS'), 'system', TO_DATE('2020-12-25 01:22:03', 'SYYYY-MM-DD HH24:MI:SS'), NULL);
INSERT INTO "SYS_MENU" VALUES ('1119', '', '1117', '10', '/cms/article', 'menuItem', 'C', '0', '1', 'cms:article:view', 'fa fa-clone', 'system', TO_DATE('2019-12-18 21:38:13', 'SYYYY-MM-DD HH24:MI:SS'), 'system', TO_DATE('2020-12-25 01:23:01', 'SYYYY-MM-DD HH24:MI:SS'), NULL);
INSERT INTO "SYS_MENU" VALUES ('1123', '', '0', '20', '#', 'menuItem', 'M', '0', '1', NULL, 'fa fa-folder', 'system', TO_DATE('2020-05-13 22:21:10', 'SYYYY-MM-DD HH24:MI:SS'), 'system', TO_DATE('2021-06-28 23:00:01', 'SYYYY-MM-DD HH24:MI:SS'), NULL);
INSERT INTO "SYS_MENU" VALUES ('1124', '', '1123', '10', '/ckfinder/ckfinder.html', 'menuItem', 'C', '0', '1', NULL, 'fa fa-folder-open', 'system', TO_DATE('2020-05-13 22:22:22', 'SYYYY-MM-DD HH24:MI:SS'), NULL, NULL, NULL);
INSERT INTO "SYS_MENU" VALUES ('1126', '', '0', '15', '#', 'menuItem', 'M', '0', '1', NULL, 'fa fa-qrcode', 'system', TO_DATE('2020-07-15 19:42:47', 'SYYYY-MM-DD HH24:MI:SS'), NULL, NULL, NULL);
INSERT INTO "SYS_MENU" VALUES ('1127', '', '1126', '10', '#', 'menuItem', 'M', '0', '1', NULL, 'fa fa-map', 'system', TO_DATE('2020-07-15 19:46:20', 'SYYYY-MM-DD HH24:MI:SS'), 'system', TO_DATE('2020-09-04 21:24:18', 'SYYYY-MM-DD HH24:MI:SS'), NULL);
INSERT INTO "SYS_MENU" VALUES ('1128', '', '1126', '20', '#', 'menuItem', 'M', '0', '1', NULL, 'fa fa-database', 'system', TO_DATE('2020-07-15 19:46:40', 'SYYYY-MM-DD HH24:MI:SS'), 'system', TO_DATE('2020-09-04 21:24:32', 'SYYYY-MM-DD HH24:MI:SS'), NULL);
INSERT INTO "SYS_MENU" VALUES ('1130', '', '1128', '10', '/activiti/process', 'menuItem', 'C', '0', '1', 'activiti:process:view', '#', 'system', TO_DATE('2020-07-15 19:51:10', 'SYYYY-MM-DD HH24:MI:SS'), NULL, NULL, NULL);
INSERT INTO "SYS_MENU" VALUES ('1131', '', '1128', '20', '/activiti/process/toRunningList', 'menuItem', 'C', '0', '1', 'activiti:process:list', '#', 'system', TO_DATE('2020-07-15 19:53:42', 'SYYYY-MM-DD HH24:MI:SS'), NULL, NULL, NULL);
INSERT INTO "SYS_MENU" VALUES ('1132', '', '1128', '30', '/activiti/process/myProcess', 'menuItem', 'C', '0', '1', 'activiti:process:view,activiti:model:add', '#', 'system', TO_DATE('2020-07-15 20:05:03', 'SYYYY-MM-DD HH24:MI:SS'), NULL, NULL, NULL);
INSERT INTO "SYS_MENU" VALUES ('1133', '', '1127', '20', '/activiti/model/index', 'menuItem', 'C', '0', '1', 'activiti:model:view', '#', 'system', TO_DATE('2020-07-15 20:05:51', 'SYYYY-MM-DD HH24:MI:SS'), NULL, NULL, NULL);
INSERT INTO "SYS_MENU" VALUES ('1134', '', '1131', '10', '#', 'menuItem', 'F', '0', '1', 'activiti:process:edit', '#', 'system', TO_DATE('2020-07-15 20:07:01', 'SYYYY-MM-DD HH24:MI:SS'), NULL, NULL, NULL);
INSERT INTO "SYS_MENU" VALUES ('1139', 'knife4j', '3', '10', '/doc.html', 'menuBlank', 'C', '0', '1', NULL, 'fa fa-exchange', 'system', TO_DATE('2020-10-01 13:20:58', 'SYYYY-MM-DD HH24:MI:SS'), 'system', TO_DATE('2020-10-01 13:22:19', 'SYYYY-MM-DD HH24:MI:SS'), NULL);
INSERT INTO "SYS_MENU" VALUES ('1015', '', '102', '4', '#', NULL, 'F', '0', '1', 'system:menu:remove', '#', 'admin', TO_DATE('2018-03-16 11:33:00', 'SYYYY-MM-DD HH24:MI:SS'), 'ry', TO_DATE('2018-03-16 11:33:00', 'SYYYY-MM-DD HH24:MI:SS'), NULL);
INSERT INTO "SYS_MENU" VALUES ('1016', '', '103', '1', '#', NULL, 'F', '0', '1', 'system:dept:list', '#', 'admin', TO_DATE('2018-03-16 11:33:00', 'SYYYY-MM-DD HH24:MI:SS'), 'ry', TO_DATE('2018-03-16 11:33:00', 'SYYYY-MM-DD HH24:MI:SS'), NULL);
INSERT INTO "SYS_MENU" VALUES ('1017', '', '103', '2', '#', NULL, 'F', '0', '1', 'system:dept:add', '#', 'admin', TO_DATE('2018-03-16 11:33:00', 'SYYYY-MM-DD HH24:MI:SS'), 'ry', TO_DATE('2018-03-16 11:33:00', 'SYYYY-MM-DD HH24:MI:SS'), NULL);
INSERT INTO "SYS_MENU" VALUES ('1018', '', '103', '3', '#', NULL, 'F', '0', '1', 'system:dept:edit', '#', 'admin', TO_DATE('2018-03-16 11:33:00', 'SYYYY-MM-DD HH24:MI:SS'), 'ry', TO_DATE('2018-03-16 11:33:00', 'SYYYY-MM-DD HH24:MI:SS'), NULL);
INSERT INTO "SYS_MENU" VALUES ('1019', '', '103', '4', '#', NULL, 'F', '0', '1', 'system:dept:remove', '#', 'admin', TO_DATE('2018-03-16 11:33:00', 'SYYYY-MM-DD HH24:MI:SS'), 'ry', TO_DATE('2018-03-16 11:33:00', 'SYYYY-MM-DD HH24:MI:SS'), NULL);
INSERT INTO "SYS_MENU" VALUES ('1020', '', '104', '1', '#', NULL, 'F', '0', '1', 'system:post:list', '#', 'admin', TO_DATE('2018-03-16 11:33:00', 'SYYYY-MM-DD HH24:MI:SS'), 'ry', TO_DATE('2018-03-16 11:33:00', 'SYYYY-MM-DD HH24:MI:SS'), NULL);
INSERT INTO "SYS_MENU" VALUES ('1021', '', '104', '2', '#', NULL, 'F', '0', '1', 'system:post:add', '#', 'admin', TO_DATE('2018-03-16 11:33:00', 'SYYYY-MM-DD HH24:MI:SS'), 'ry', TO_DATE('2018-03-16 11:33:00', 'SYYYY-MM-DD HH24:MI:SS'), NULL);
INSERT INTO "SYS_MENU" VALUES ('1022', '', '104', '3', '#', NULL, 'F', '0', '1', 'system:post:edit', '#', 'admin', TO_DATE('2018-03-16 11:33:00', 'SYYYY-MM-DD HH24:MI:SS'), 'ry', TO_DATE('2018-03-16 11:33:00', 'SYYYY-MM-DD HH24:MI:SS'), NULL);
INSERT INTO "SYS_MENU" VALUES ('1023', '', '104', '4', '#', NULL, 'F', '0', '1', 'system:post:remove', '#', 'admin', TO_DATE('2018-03-16 11:33:00', 'SYYYY-MM-DD HH24:MI:SS'), 'ry', TO_DATE('2018-03-16 11:33:00', 'SYYYY-MM-DD HH24:MI:SS'), NULL);
INSERT INTO "SYS_MENU" VALUES ('1024', '', '104', '5', '#', NULL, 'F', '0', '1', 'system:post:export', '#', 'admin', TO_DATE('2018-03-16 11:33:00', 'SYYYY-MM-DD HH24:MI:SS'), 'ry', TO_DATE('2018-03-16 11:33:00', 'SYYYY-MM-DD HH24:MI:SS'), NULL);
INSERT INTO "SYS_MENU" VALUES ('1025', '', '105', '1', '#', NULL, 'F', '0', '1', 'system:dict:list', '#', 'admin', TO_DATE('2018-03-16 11:33:00', 'SYYYY-MM-DD HH24:MI:SS'), 'ry', TO_DATE('2018-03-16 11:33:00', 'SYYYY-MM-DD HH24:MI:SS'), NULL);
INSERT INTO "SYS_MENU" VALUES ('1026', '', '105', '2', '#', NULL, 'F', '0', '1', 'system:dict:add', '#', 'admin', TO_DATE('2018-03-16 11:33:00', 'SYYYY-MM-DD HH24:MI:SS'), 'ry', TO_DATE('2018-03-16 11:33:00', 'SYYYY-MM-DD HH24:MI:SS'), NULL);
INSERT INTO "SYS_MENU" VALUES ('1027', '', '105', '3', '#', NULL, 'F', '0', '1', 'system:dict:edit', '#', 'admin', TO_DATE('2018-03-16 11:33:00', 'SYYYY-MM-DD HH24:MI:SS'), 'ry', TO_DATE('2018-03-16 11:33:00', 'SYYYY-MM-DD HH24:MI:SS'), NULL);
INSERT INTO "SYS_MENU" VALUES ('1028', '', '105', '4', '#', NULL, 'F', '0', '1', 'system:dict:remove', '#', 'admin', TO_DATE('2018-03-16 11:33:00', 'SYYYY-MM-DD HH24:MI:SS'), 'ry', TO_DATE('2018-03-16 11:33:00', 'SYYYY-MM-DD HH24:MI:SS'), NULL);
INSERT INTO "SYS_MENU" VALUES ('1029', '', '105', '5', '#', NULL, 'F', '0', '1', 'system:dict:export', '#', 'admin', TO_DATE('2018-03-16 11:33:00', 'SYYYY-MM-DD HH24:MI:SS'), 'ry', TO_DATE('2018-03-16 11:33:00', 'SYYYY-MM-DD HH24:MI:SS'), NULL);
INSERT INTO "SYS_MENU" VALUES ('1030', '', '106', '1', '#', NULL, 'F', '0', '1', 'system:config:list', '#', 'admin', TO_DATE('2018-03-16 11:33:00', 'SYYYY-MM-DD HH24:MI:SS'), 'ry', TO_DATE('2018-03-16 11:33:00', 'SYYYY-MM-DD HH24:MI:SS'), NULL);
INSERT INTO "SYS_MENU" VALUES ('1031', '', '106', '2', '#', NULL, 'F', '0', '1', 'system:config:add', '#', 'admin', TO_DATE('2018-03-16 11:33:00', 'SYYYY-MM-DD HH24:MI:SS'), 'ry', TO_DATE('2018-03-16 11:33:00', 'SYYYY-MM-DD HH24:MI:SS'), NULL);
INSERT INTO "SYS_MENU" VALUES ('1032', '', '106', '3', '#', NULL, 'F', '0', '1', 'system:config:edit', '#', 'admin', TO_DATE('2018-03-16 11:33:00', 'SYYYY-MM-DD HH24:MI:SS'), 'ry', TO_DATE('2018-03-16 11:33:00', 'SYYYY-MM-DD HH24:MI:SS'), NULL);
INSERT INTO "SYS_MENU" VALUES ('1033', '', '106', '4', '#', NULL, 'F', '0', '1', 'system:config:remove', '#', 'admin', TO_DATE('2018-03-16 11:33:00', 'SYYYY-MM-DD HH24:MI:SS'), 'ry', TO_DATE('2018-03-16 11:33:00', 'SYYYY-MM-DD HH24:MI:SS'), NULL);
INSERT INTO "SYS_MENU" VALUES ('1034', '', '106', '5', '#', NULL, 'F', '0', '1', 'system:config:export', '#', 'admin', TO_DATE('2018-03-16 11:33:00', 'SYYYY-MM-DD HH24:MI:SS'), 'ry', TO_DATE('2018-03-16 11:33:00', 'SYYYY-MM-DD HH24:MI:SS'), NULL);
INSERT INTO "SYS_MENU" VALUES ('1039', '', '500', '1', '#', NULL, 'F', '0', '1', 'monitor:operlog:list', '#', 'admin', TO_DATE('2018-03-16 11:33:00', 'SYYYY-MM-DD HH24:MI:SS'), 'ry', TO_DATE('2018-03-16 11:33:00', 'SYYYY-MM-DD HH24:MI:SS'), NULL);
INSERT INTO "SYS_MENU" VALUES ('1040', '', '500', '2', '#', NULL, 'F', '0', '1', 'monitor:operlog:remove', '#', 'admin', TO_DATE('2018-03-16 11:33:00', 'SYYYY-MM-DD HH24:MI:SS'), 'ry', TO_DATE('2018-03-16 11:33:00', 'SYYYY-MM-DD HH24:MI:SS'), NULL);
INSERT INTO "SYS_MENU" VALUES ('1041', '', '500', '3', '#', NULL, 'F', '0', '1', 'monitor:operlog:detail', '#', 'admin', TO_DATE('2018-03-16 11:33:00', 'SYYYY-MM-DD HH24:MI:SS'), 'ry', TO_DATE('2018-03-16 11:33:00', 'SYYYY-MM-DD HH24:MI:SS'), NULL);
INSERT INTO "SYS_MENU" VALUES ('1042', '', '500', '4', '#', NULL, 'F', '0', '1', 'monitor:operlog:export', '#', 'admin', TO_DATE('2018-03-16 11:33:00', 'SYYYY-MM-DD HH24:MI:SS'), 'ry', TO_DATE('2018-03-16 11:33:00', 'SYYYY-MM-DD HH24:MI:SS'), NULL);
INSERT INTO "SYS_MENU" VALUES ('1043', '', '501', '1', '#', NULL, 'F', '0', '1', 'monitor:logininfor:list', '#', 'admin', TO_DATE('2018-03-16 11:33:00', 'SYYYY-MM-DD HH24:MI:SS'), 'ry', TO_DATE('2018-03-16 11:33:00', 'SYYYY-MM-DD HH24:MI:SS'), NULL);
INSERT INTO "SYS_MENU" VALUES ('1044', '', '501', '2', '#', NULL, 'F', '0', '1', 'monitor:logininfor:remove', '#', 'admin', TO_DATE('2018-03-16 11:33:00', 'SYYYY-MM-DD HH24:MI:SS'), 'ry', TO_DATE('2018-03-16 11:33:00', 'SYYYY-MM-DD HH24:MI:SS'), NULL);
INSERT INTO "SYS_MENU" VALUES ('1045', '', '501', '3', '#', NULL, 'F', '0', '1', 'monitor:logininfor:export', '#', 'admin', TO_DATE('2018-03-16 11:33:00', 'SYYYY-MM-DD HH24:MI:SS'), 'ry', TO_DATE('2018-03-16 11:33:00', 'SYYYY-MM-DD HH24:MI:SS'), NULL);
INSERT INTO "SYS_MENU" VALUES ('1046', '', '109', '1', '#', NULL, 'F', '0', '1', 'monitor:online:list', '#', 'admin', TO_DATE('2018-03-16 11:33:00', 'SYYYY-MM-DD HH24:MI:SS'), 'ry', TO_DATE('2018-03-16 11:33:00', 'SYYYY-MM-DD HH24:MI:SS'), NULL);
INSERT INTO "SYS_MENU" VALUES ('1047', '', '109', '2', '#', NULL, 'F', '0', '1', 'monitor:online:batchForceLogout', '#', 'admin', TO_DATE('2018-03-16 11:33:00', 'SYYYY-MM-DD HH24:MI:SS'), 'ry', TO_DATE('2018-03-16 11:33:00', 'SYYYY-MM-DD HH24:MI:SS'), NULL);
INSERT INTO "SYS_MENU" VALUES ('1048', '', '109', '3', '#', NULL, 'F', '0', '1', 'monitor:online:forceLogout', '#', 'admin', TO_DATE('2018-03-16 11:33:00', 'SYYYY-MM-DD HH24:MI:SS'), 'ry', TO_DATE('2018-03-16 11:33:00', 'SYYYY-MM-DD HH24:MI:SS'), NULL);
INSERT INTO "SYS_MENU" VALUES ('1049', '', '110', '1', '#', NULL, 'F', '0', '1', 'monitor:job:list', '#', 'admin', TO_DATE('2018-03-16 11:33:00', 'SYYYY-MM-DD HH24:MI:SS'), 'ry', TO_DATE('2018-03-16 11:33:00', 'SYYYY-MM-DD HH24:MI:SS'), NULL);
INSERT INTO "SYS_MENU" VALUES ('1050', '', '110', '2', '#', NULL, 'F', '0', '1', 'monitor:job:add', '#', 'admin', TO_DATE('2018-03-16 11:33:00', 'SYYYY-MM-DD HH24:MI:SS'), 'ry', TO_DATE('2018-03-16 11:33:00', 'SYYYY-MM-DD HH24:MI:SS'), NULL);
INSERT INTO "SYS_MENU" VALUES ('1051', '', '110', '3', '#', NULL, 'F', '0', '1', 'monitor:job:edit', '#', 'admin', TO_DATE('2018-03-16 11:33:00', 'SYYYY-MM-DD HH24:MI:SS'), 'ry', TO_DATE('2018-03-16 11:33:00', 'SYYYY-MM-DD HH24:MI:SS'), NULL);
INSERT INTO "SYS_MENU" VALUES ('1052', '', '110', '4', '#', NULL, 'F', '0', '1', 'monitor:job:remove', '#', 'admin', TO_DATE('2018-03-16 11:33:00', 'SYYYY-MM-DD HH24:MI:SS'), 'ry', TO_DATE('2018-03-16 11:33:00', 'SYYYY-MM-DD HH24:MI:SS'), NULL);
INSERT INTO "SYS_MENU" VALUES ('1053', '', '110', '5', '#', NULL, 'F', '0', '1', 'monitor:job:changeStatus', '#', 'admin', TO_DATE('2018-03-16 11:33:00', 'SYYYY-MM-DD HH24:MI:SS'), 'ry', TO_DATE('2018-03-16 11:33:00', 'SYYYY-MM-DD HH24:MI:SS'), NULL);
INSERT INTO "SYS_MENU" VALUES ('1054', '', '110', '6', '#', NULL, 'F', '0', '1', 'monitor:job:detail', '#', 'admin', TO_DATE('2018-03-16 11:33:00', 'SYYYY-MM-DD HH24:MI:SS'), 'ry', TO_DATE('2018-03-16 11:33:00', 'SYYYY-MM-DD HH24:MI:SS'), NULL);
INSERT INTO "SYS_MENU" VALUES ('1055', '', '110', '7', '#', NULL, 'F', '0', '1', 'monitor:job:export', '#', 'admin', TO_DATE('2018-03-16 11:33:00', 'SYYYY-MM-DD HH24:MI:SS'), 'ry', TO_DATE('2018-03-16 11:33:00', 'SYYYY-MM-DD HH24:MI:SS'), NULL);
INSERT INTO "SYS_MENU" VALUES ('1056', '', '114', '1', '#', NULL, 'F', '0', '1', 'tool:gen:list', '#', 'admin', TO_DATE('2018-03-16 11:33:00', 'SYYYY-MM-DD HH24:MI:SS'), 'admin', TO_DATE('2018-03-16 11:33:00', 'SYYYY-MM-DD HH24:MI:SS'), NULL);
INSERT INTO "SYS_MENU" VALUES ('1057', '', '114', '2', '#', NULL, 'F', '0', '1', 'tool:gen:edit', '#', 'admin', TO_DATE('2018-03-16 11:33:00', 'SYYYY-MM-DD HH24:MI:SS'), 'admin', TO_DATE('2018-03-16 11:33:00', 'SYYYY-MM-DD HH24:MI:SS'), NULL);
INSERT INTO "SYS_MENU" VALUES ('1058', '', '114', '3', '#', NULL, 'F', '0', '1', 'tool:gen:remove', '#', 'admin', TO_DATE('2018-03-16 11:33:00', 'SYYYY-MM-DD HH24:MI:SS'), 'admin', TO_DATE('2018-03-16 11:33:00', 'SYYYY-MM-DD HH24:MI:SS'), NULL);
INSERT INTO "SYS_MENU" VALUES ('1059', '', '114', '4', '#', NULL, 'F', '0', '1', 'tool:gen:preview', '#', 'admin', TO_DATE('2018-03-16 11:33:00', 'SYYYY-MM-DD HH24:MI:SS'), 'admin', TO_DATE('2018-03-16 11:33:00', 'SYYYY-MM-DD HH24:MI:SS'), NULL);
INSERT INTO "SYS_MENU" VALUES ('1060', '', '114', '5', '#', NULL, 'F', '0', '1', 'tool:gen:code', '#', 'admin', TO_DATE('2018-03-16 11:33:00', 'SYYYY-MM-DD HH24:MI:SS'), 'admin', TO_DATE('2018-03-16 11:33:00', 'SYYYY-MM-DD HH24:MI:SS'), NULL);
INSERT INTO "SYS_MENU" VALUES ('1061', 'Demo', '0', '100', '#', 'menuItem', 'M', '0', '1', NULL, 'fa fa-edit', 'system', TO_DATE('2019-08-26 21:10:00', 'SYYYY-MM-DD HH24:MI:SS'), 'system', TO_DATE('2021-06-28 21:43:06', 'SYYYY-MM-DD HH24:MI:SS'), NULL);
INSERT INTO "SYS_MENU" VALUES ('1074', '', '0', '6', '#', 'menuItem', 'M', '0', '1', NULL, 'fa fa-newspaper-o', 'system', TO_DATE('2019-09-25 19:02:42', 'SYYYY-MM-DD HH24:MI:SS'), 'system', TO_DATE('2020-12-21 14:11:49', 'SYYYY-MM-DD HH24:MI:SS'), NULL);
INSERT INTO "SYS_MENU" VALUES ('1077', '', '1074', '10', '#', 'menuItem', 'M', '0', '1', NULL, 'fa fa-bullhorn', 'system', TO_DATE('2019-09-25 19:07:34', 'SYYYY-MM-DD HH24:MI:SS'), NULL, NULL, NULL);
INSERT INTO "SYS_MENU" VALUES ('1078', '', '1077', '10', '/system/notice/self', 'menuItem', 'C', '1', '1', 'system:notice:view', '#', 'system', TO_DATE('2019-09-25 19:08:12', 'SYYYY-MM-DD HH24:MI:SS'), 'system', TO_DATE('2020-12-20 21:01:03', 'SYYYY-MM-DD HH24:MI:SS'), NULL);
INSERT INTO "SYS_MENU" VALUES ('1079', '', '1077', '10', '/system/notice', 'menuItem', 'C', '1', '1', NULL, '#', 'system', TO_DATE('2019-09-25 19:09:24', 'SYYYY-MM-DD HH24:MI:SS'), 'system', TO_DATE('2020-12-20 21:01:17', 'SYYYY-MM-DD HH24:MI:SS'), NULL);
INSERT INTO "SYS_MENU" VALUES ('1080', '', '1074', '10', '#', 'menuItem', 'M', '0', '1', NULL, 'fa fa-address-card-o', 'system', TO_DATE('2019-09-25 19:11:04', 'SYYYY-MM-DD HH24:MI:SS'), 'system', TO_DATE('2020-09-04 21:25:51', 'SYYYY-MM-DD HH24:MI:SS'), NULL);
INSERT INTO "SYS_MENU" VALUES ('1081', '', '1080', '5', '/activiti/task/todo', 'menuItem', 'C', '0', '1', 'activiti:task:view', '#', 'system', TO_DATE('2019-09-25 19:11:24', 'SYYYY-MM-DD HH24:MI:SS'), 'system', TO_DATE('2019-11-05 00:52:42', 'SYYYY-MM-DD HH24:MI:SS'), NULL);
INSERT INTO "SYS_MENU" VALUES ('1083', '', '1080', '10', '/oa/leave/list', 'menuItem', 'C', '0', '1', 'activiti:leave:list', '#', 'system', TO_DATE('2019-09-25 19:12:25', 'SYYYY-MM-DD HH24:MI:SS'), 'system', TO_DATE('2021-07-04 22:03:19', 'SYYYY-MM-DD HH24:MI:SS'), NULL);
INSERT INTO "SYS_MENU" VALUES ('1091', '', '501', '30', '#', 'menuItem', 'F', '0', '1', 'monitor:logininfor:unlock', '#', 'system', TO_DATE('2019-10-08 19:42:12', 'SYYYY-MM-DD HH24:MI:SS'), NULL, NULL, NULL);
INSERT INTO "SYS_MENU" VALUES ('1092', '', '1083', '10', '#', 'menuItem', 'F', '0', '1', 'activiti:leave:add', '#', 'system', TO_DATE('2019-10-13 14:34:58', 'SYYYY-MM-DD HH24:MI:SS'), NULL, NULL, NULL);
INSERT INTO "SYS_MENU" VALUES ('1093', '', '1083', '30', '#', 'menuItem', 'F', '0', '1', 'activiti:leave:remove', '#', 'system', TO_DATE('2019-10-13 14:57:14', 'SYYYY-MM-DD HH24:MI:SS'), NULL, NULL, NULL);
INSERT INTO "SYS_MENU" VALUES ('1097', '', '1083', '10', '#', 'menuItem', 'F', '0', '1', 'activiti:leaveAudit:edit', '#', 'system', TO_DATE('2019-11-05 00:53:23', 'SYYYY-MM-DD HH24:MI:SS'), NULL, NULL, NULL);
INSERT INTO "SYS_MENU" VALUES ('1101', '', '1079', '1', '#', 'menuItem', 'F', '0', '1', 'system:notice:add', '#', 'system', TO_DATE('2019-12-02 20:57:14', 'SYYYY-MM-DD HH24:MI:SS'), 'system', TO_DATE('2019-12-02 21:16:23', 'SYYYY-MM-DD HH24:MI:SS'), NULL);
INSERT INTO "SYS_MENU" VALUES ('1102', '', '1079', '2', '#', 'menuItem', 'F', '0', '1', 'system:notice:edit', '#', 'system', TO_DATE('2019-12-02 20:57:43', 'SYYYY-MM-DD HH24:MI:SS'), 'system', TO_DATE('2019-12-02 21:16:29', 'SYYYY-MM-DD HH24:MI:SS'), NULL);
INSERT INTO "SYS_MENU" VALUES ('1103', '', '1079', '3', '#', 'menuItem', 'F', '0', '1', 'system:notice:remove', '#', 'system', TO_DATE('2019-12-02 20:58:09', 'SYYYY-MM-DD HH24:MI:SS'), 'system', TO_DATE('2019-12-02 21:16:37', 'SYYYY-MM-DD HH24:MI:SS'), NULL);
INSERT INTO "SYS_MENU" VALUES ('1104', '', '1078', '1', '#', 'menuItem', 'F', '0', '1', 'system:notice:list', '#', 'system', TO_DATE('2019-12-02 21:12:51', 'SYYYY-MM-DD HH24:MI:SS'), 'system', TO_DATE('2019-12-02 21:14:49', 'SYYYY-MM-DD HH24:MI:SS'), NULL);
INSERT INTO "SYS_MENU" VALUES ('1105', '', '0', '5', '#', 'menuItem', 'M', '0', '1', NULL, 'fa fa-clone', 'system', TO_DATE('2019-12-03 23:39:29', 'SYYYY-MM-DD HH24:MI:SS'), 'system', TO_DATE('2021-01-20 14:57:04', 'SYYYY-MM-DD HH24:MI:SS'), NULL);
INSERT INTO "SYS_MENU" VALUES ('1113', '', '1105', '10', '#', 'menuItem', 'M', '0', '1', NULL, 'fa fa-calendar', 'system', TO_DATE('2019-12-18 21:32:18', 'SYYYY-MM-DD HH24:MI:SS'), 'system', TO_DATE('2021-07-05 17:59:56', 'SYYYY-MM-DD HH24:MI:SS'), NULL);
INSERT INTO "SYS_MENU" VALUES ('1114', '', '1113', '10', '/cms/column/index', 'menuItem', 'C', '0', '1', NULL, 'fa fa-home', 'system', TO_DATE('2019-12-18 21:33:21', 'SYYYY-MM-DD HH24:MI:SS'), 'system', TO_DATE('2020-12-24 21:49:59', 'SYYYY-MM-DD HH24:MI:SS'), NULL);

-- ----------------------------
-- Table structure for SYS_NOTICE
-- ----------------------------
DROP TABLE "SYS_NOTICE";
CREATE TABLE "SYS_NOTICE" (
  "NOTICE_ID" NUMBER(11,0) VISIBLE NOT NULL,
  "NOTICE_TITLE" NVARCHAR2(50) VISIBLE NOT NULL,
  "NOTICE_TYPE" NCHAR(1) VISIBLE NOT NULL,
  "NOTICE_CONTENT" NCLOB VISIBLE,
  "STATUS" NCHAR(1) VISIBLE,
  "CREATE_BY" NVARCHAR2(64) VISIBLE,
  "CREATE_TIME" DATE VISIBLE,
  "UPDATE_BY" NVARCHAR2(64) VISIBLE,
  "UPDATE_TIME" DATE VISIBLE,
  "REMARK" NVARCHAR2(255) VISIBLE
)
LOGGING
NOCOMPRESS
PCTFREE 10
INITRANS 1
STORAGE (
  INITIAL 65536 
  NEXT 1048576 
  MINEXTENTS 1
  MAXEXTENTS 2147483645
  BUFFER_POOL DEFAULT
)
PARALLEL 1
NOCACHE
DISABLE ROW MOVEMENT
;
COMMENT ON COLUMN "SYS_NOTICE"."NOTICE_ID" IS 'ID';
COMMENT ON COLUMN "SYS_NOTICE"."NOTICE_TITLE" IS '';
COMMENT ON COLUMN "SYS_NOTICE"."NOTICE_TYPE" IS '1 2';
COMMENT ON COLUMN "SYS_NOTICE"."NOTICE_CONTENT" IS '';
COMMENT ON COLUMN "SYS_NOTICE"."STATUS" IS '0 1';
COMMENT ON COLUMN "SYS_NOTICE"."CREATE_BY" IS '';
COMMENT ON COLUMN "SYS_NOTICE"."CREATE_TIME" IS '';
COMMENT ON COLUMN "SYS_NOTICE"."UPDATE_BY" IS '';
COMMENT ON COLUMN "SYS_NOTICE"."UPDATE_TIME" IS '';
COMMENT ON COLUMN "SYS_NOTICE"."REMARK" IS '';
COMMENT ON TABLE "SYS_NOTICE" IS '';

-- ----------------------------
-- Records of SYS_NOTICE
-- ----------------------------
INSERT INTO "SYS_NOTICE" VALUES ('3', ' ', '2', '<p><br></p>', '0', 'system', TO_DATE('2019-09-07 03:22:43', 'SYYYY-MM-DD HH24:MI:SS'), 'dlsdys', TO_DATE('2019-12-02 21:09:52', 'SYYYY-MM-DD HH24:MI:SS'), NULL);
INSERT INTO "SYS_NOTICE" VALUES ('4', '', '1', '<p><br></p>', '0', 'system', TO_DATE('2019-09-07 03:23:11', 'SYYYY-MM-DD HH24:MI:SS'), 'system', TO_DATE('2019-12-02 20:39:51', 'SYYYY-MM-DD HH24:MI:SS'), NULL);

-- ----------------------------
-- Table structure for SYS_OPER_LOG
-- ----------------------------
DROP TABLE "SYS_OPER_LOG";
CREATE TABLE "SYS_OPER_LOG" (
  "OPER_ID" NUMBER(20,0) VISIBLE NOT NULL,
  "TITLE" NVARCHAR2(50) VISIBLE,
  "BUSINESS_TYPE" NUMBER(11,0) VISIBLE,
  "METHOD" NVARCHAR2(100) VISIBLE,
  "REQUEST_METHOD" NVARCHAR2(10) VISIBLE,
  "OPERATOR_TYPE" NUMBER(11,0) VISIBLE,
  "OPER_NAME" NVARCHAR2(50) VISIBLE,
  "DEPT_NAME" NVARCHAR2(50) VISIBLE,
  "OPER_URL" NVARCHAR2(255) VISIBLE,
  "OPER_IP" NVARCHAR2(128) VISIBLE,
  "OPER_LOCATION" NVARCHAR2(255) VISIBLE,
  "OPER_PARAM" NCLOB VISIBLE,
  "JSON_RESULT" NCLOB VISIBLE,
  "STATUS" NUMBER(11,0) VISIBLE,
  "ERROR_MSG" NCLOB VISIBLE,
  "OPER_TIME" DATE VISIBLE
)
LOGGING
NOCOMPRESS
PCTFREE 10
INITRANS 1
STORAGE (
  INITIAL 65536 
  NEXT 1048576 
  MINEXTENTS 1
  MAXEXTENTS 2147483645
  BUFFER_POOL DEFAULT
)
PARALLEL 1
NOCACHE
DISABLE ROW MOVEMENT
;
COMMENT ON COLUMN "SYS_OPER_LOG"."OPER_ID" IS '';
COMMENT ON COLUMN "SYS_OPER_LOG"."TITLE" IS '';
COMMENT ON COLUMN "SYS_OPER_LOG"."BUSINESS_TYPE" IS '0 1 2 3';
COMMENT ON COLUMN "SYS_OPER_LOG"."METHOD" IS '';
COMMENT ON COLUMN "SYS_OPER_LOG"."REQUEST_METHOD" IS '';
COMMENT ON COLUMN "SYS_OPER_LOG"."OPERATOR_TYPE" IS '0 1 2';
COMMENT ON COLUMN "SYS_OPER_LOG"."OPER_NAME" IS '';
COMMENT ON COLUMN "SYS_OPER_LOG"."DEPT_NAME" IS '';
COMMENT ON COLUMN "SYS_OPER_LOG"."OPER_URL" IS 'URL';
COMMENT ON COLUMN "SYS_OPER_LOG"."OPER_IP" IS '';
COMMENT ON COLUMN "SYS_OPER_LOG"."OPER_LOCATION" IS '';
COMMENT ON COLUMN "SYS_OPER_LOG"."OPER_PARAM" IS '';
COMMENT ON COLUMN "SYS_OPER_LOG"."JSON_RESULT" IS '';
COMMENT ON COLUMN "SYS_OPER_LOG"."STATUS" IS '0 1';
COMMENT ON COLUMN "SYS_OPER_LOG"."ERROR_MSG" IS '';
COMMENT ON COLUMN "SYS_OPER_LOG"."OPER_TIME" IS '';
COMMENT ON TABLE "SYS_OPER_LOG" IS '';

-- ----------------------------
-- Records of SYS_OPER_LOG
-- ----------------------------

-- ----------------------------
-- Table structure for SYS_POST
-- ----------------------------
DROP TABLE "SYS_POST";
CREATE TABLE "SYS_POST" (
  "POST_ID" NUMBER(20,0) VISIBLE NOT NULL,
  "POST_CODE" NVARCHAR2(64) VISIBLE NOT NULL,
  "POST_NAME" NVARCHAR2(50) VISIBLE NOT NULL,
  "POST_SORT" NUMBER(11,0) VISIBLE NOT NULL,
  "STATUS" NCHAR(1) VISIBLE NOT NULL,
  "CREATE_BY" NVARCHAR2(64) VISIBLE,
  "CREATE_TIME" DATE VISIBLE,
  "UPDATE_BY" NVARCHAR2(64) VISIBLE,
  "UPDATE_TIME" DATE VISIBLE,
  "REMARK" NVARCHAR2(500) VISIBLE
)
LOGGING
NOCOMPRESS
PCTFREE 10
INITRANS 1
STORAGE (
  INITIAL 65536 
  NEXT 1048576 
  MINEXTENTS 1
  MAXEXTENTS 2147483645
  BUFFER_POOL DEFAULT
)
PARALLEL 1
NOCACHE
DISABLE ROW MOVEMENT
;
COMMENT ON COLUMN "SYS_POST"."POST_ID" IS 'ID';
COMMENT ON COLUMN "SYS_POST"."POST_CODE" IS '';
COMMENT ON COLUMN "SYS_POST"."POST_NAME" IS '';
COMMENT ON COLUMN "SYS_POST"."POST_SORT" IS '';
COMMENT ON COLUMN "SYS_POST"."STATUS" IS '0 1';
COMMENT ON COLUMN "SYS_POST"."CREATE_BY" IS '';
COMMENT ON COLUMN "SYS_POST"."CREATE_TIME" IS '';
COMMENT ON COLUMN "SYS_POST"."UPDATE_BY" IS '';
COMMENT ON COLUMN "SYS_POST"."UPDATE_TIME" IS '';
COMMENT ON COLUMN "SYS_POST"."REMARK" IS '';
COMMENT ON TABLE "SYS_POST" IS '';

-- ----------------------------
-- Records of SYS_POST
-- ----------------------------
INSERT INTO "SYS_POST" VALUES ('1', 'gm', '', '1', '0', 'admin', TO_DATE('2018-03-16 11:33:00', 'SYYYY-MM-DD HH24:MI:SS'), 'system', TO_DATE('2021-06-30 00:01:20', 'SYYYY-MM-DD HH24:MI:SS'), NULL);
INSERT INTO "SYS_POST" VALUES ('2', 'pm', '', '2', '0', 'admin', TO_DATE('2018-03-16 11:33:00', 'SYYYY-MM-DD HH24:MI:SS'), 'system', TO_DATE('2021-06-30 00:01:48', 'SYYYY-MM-DD HH24:MI:SS'), NULL);
INSERT INTO "SYS_POST" VALUES ('3', 'hr', '', '3', '0', 'admin', TO_DATE('2018-03-16 11:33:00', 'SYYYY-MM-DD HH24:MI:SS'), 'ry', TO_DATE('2018-03-16 11:33:00', 'SYYYY-MM-DD HH24:MI:SS'), NULL);
INSERT INTO "SYS_POST" VALUES ('4', 'common', '', '4', '0', 'admin', TO_DATE('2018-03-16 11:33:00', 'SYYYY-MM-DD HH24:MI:SS'), 'system', TO_DATE('2021-06-30 00:02:11', 'SYYYY-MM-DD HH24:MI:SS'), NULL);
INSERT INTO "SYS_POST" VALUES ('5', 'sys', '', '5', '0', 'system', TO_DATE('2019-12-02 00:29:17', 'SYYYY-MM-DD HH24:MI:SS'), 'system', TO_DATE('2021-06-28 21:44:04', 'SYYYY-MM-DD HH24:MI:SS'), '');
INSERT INTO "SYS_POST" VALUES ('6', 'ceo', '', '6', '0', 'system', TO_DATE('2021-06-12 18:33:48', 'SYYYY-MM-DD HH24:MI:SS'), 'system', TO_DATE('2021-06-30 00:01:26', 'SYYYY-MM-DD HH24:MI:SS'), '');

-- ----------------------------
-- Table structure for SYS_ROLE
-- ----------------------------
DROP TABLE "SYS_ROLE";
CREATE TABLE "SYS_ROLE" (
  "ROLE_ID" NUMBER(20,0) VISIBLE NOT NULL,
  "ROLE_NAME" NVARCHAR2(30) VISIBLE NOT NULL,
  "ROLE_KEY" NVARCHAR2(100) VISIBLE NOT NULL,
  "ROLE_SORT" NUMBER(11,0) VISIBLE NOT NULL,
  "DATA_SCOPE" NCHAR(1) VISIBLE,
  "STATUS" NCHAR(1) VISIBLE NOT NULL,
  "DEL_FLAG" NCHAR(1) VISIBLE,
  "CREATE_BY" NVARCHAR2(64) VISIBLE,
  "CREATE_TIME" DATE VISIBLE,
  "UPDATE_BY" NVARCHAR2(64) VISIBLE,
  "UPDATE_TIME" DATE VISIBLE,
  "REMARK" NVARCHAR2(500) VISIBLE
)
LOGGING
NOCOMPRESS
PCTFREE 10
INITRANS 1
STORAGE (
  INITIAL 65536 
  NEXT 1048576 
  MINEXTENTS 1
  MAXEXTENTS 2147483645
  BUFFER_POOL DEFAULT
)
PARALLEL 1
NOCACHE
DISABLE ROW MOVEMENT
;
COMMENT ON COLUMN "SYS_ROLE"."ROLE_ID" IS 'ID';
COMMENT ON COLUMN "SYS_ROLE"."ROLE_NAME" IS '';
COMMENT ON COLUMN "SYS_ROLE"."ROLE_KEY" IS '';
COMMENT ON COLUMN "SYS_ROLE"."ROLE_SORT" IS '';
COMMENT ON COLUMN "SYS_ROLE"."DATA_SCOPE" IS '1 2 3 4';
COMMENT ON COLUMN "SYS_ROLE"."STATUS" IS '0 1';
COMMENT ON COLUMN "SYS_ROLE"."DEL_FLAG" IS '0 2';
COMMENT ON COLUMN "SYS_ROLE"."CREATE_BY" IS '';
COMMENT ON COLUMN "SYS_ROLE"."CREATE_TIME" IS '';
COMMENT ON COLUMN "SYS_ROLE"."UPDATE_BY" IS '';
COMMENT ON COLUMN "SYS_ROLE"."UPDATE_TIME" IS '';
COMMENT ON COLUMN "SYS_ROLE"."REMARK" IS '';
COMMENT ON TABLE "SYS_ROLE" IS '';

-- ----------------------------
-- Records of SYS_ROLE
-- ----------------------------
INSERT INTO "SYS_ROLE" VALUES ('1', '', 'sys', '1', '1', '0', '0', 'admin', TO_DATE('2018-03-16 11:33:00', 'SYYYY-MM-DD HH24:MI:SS'), 'system', TO_DATE('2021-06-28 20:49:14', 'SYYYY-MM-DD HH24:MI:SS'), '');
INSERT INTO "SYS_ROLE" VALUES ('2', '', 'admin', '2', '4', '0', '0', 'admin', TO_DATE('2018-03-16 11:33:00', 'SYYYY-MM-DD HH24:MI:SS'), 'system', TO_DATE('2021-07-04 22:04:23', 'SYYYY-MM-DD HH24:MI:SS'), '');
INSERT INTO "SYS_ROLE" VALUES ('3', '', 'common', '3', '5', '0', '0', 'admin', TO_DATE('2019-08-12 19:41:19', 'SYYYY-MM-DD HH24:MI:SS'), 'system', TO_DATE('2021-07-04 22:04:02', 'SYYYY-MM-DD HH24:MI:SS'), '');
INSERT INTO "SYS_ROLE" VALUES ('4', '', 'deptAdmin', '4', '3', '0', '0', 'system', TO_DATE('2019-10-15 22:26:03', 'SYYYY-MM-DD HH24:MI:SS'), 'system', TO_DATE('2021-07-04 22:04:41', 'SYYYY-MM-DD HH24:MI:SS'), '');
INSERT INTO "SYS_ROLE" VALUES ('5', 'HR', 'hr', '20', '1', '0', '0', 'system', TO_DATE('2019-10-17 18:58:59', 'SYYYY-MM-DD HH24:MI:SS'), 'system', TO_DATE('2021-07-04 22:04:48', 'SYYYY-MM-DD HH24:MI:SS'), '');
INSERT INTO "SYS_ROLE" VALUES ('6', '', 'ceo', '21', '1', '0', '0', 'system', TO_DATE('2019-11-05 16:27:48', 'SYYYY-MM-DD HH24:MI:SS'), 'system', TO_DATE('2021-07-04 22:05:02', 'SYYYY-MM-DD HH24:MI:SS'), NULL);

-- ----------------------------
-- Table structure for SYS_ROLE_DEPT
-- ----------------------------
DROP TABLE "SYS_ROLE_DEPT";
CREATE TABLE "SYS_ROLE_DEPT" (
  "ROLE_ID" NUMBER(20,0) VISIBLE NOT NULL,
  "DEPT_ID" NUMBER(20,0) VISIBLE NOT NULL
)
LOGGING
NOCOMPRESS
PCTFREE 10
INITRANS 1
STORAGE (
  BUFFER_POOL DEFAULT
)
PARALLEL 1
NOCACHE
DISABLE ROW MOVEMENT
;
COMMENT ON COLUMN "SYS_ROLE_DEPT"."ROLE_ID" IS 'ID';
COMMENT ON COLUMN "SYS_ROLE_DEPT"."DEPT_ID" IS 'ID';
COMMENT ON TABLE "SYS_ROLE_DEPT" IS '';

-- ----------------------------
-- Records of SYS_ROLE_DEPT
-- ----------------------------

-- ----------------------------
-- Table structure for SYS_ROLE_MENU
-- ----------------------------
DROP TABLE "SYS_ROLE_MENU";
CREATE TABLE "SYS_ROLE_MENU" (
  "ROLE_ID" NUMBER(20,0) VISIBLE NOT NULL,
  "MENU_ID" NUMBER(20,0) VISIBLE NOT NULL
)
LOGGING
NOCOMPRESS
PCTFREE 10
INITRANS 1
STORAGE (
  INITIAL 65536 
  NEXT 1048576 
  MINEXTENTS 1
  MAXEXTENTS 2147483645
  BUFFER_POOL DEFAULT
)
PARALLEL 1
NOCACHE
DISABLE ROW MOVEMENT
;
COMMENT ON COLUMN "SYS_ROLE_MENU"."ROLE_ID" IS 'ID';
COMMENT ON COLUMN "SYS_ROLE_MENU"."MENU_ID" IS 'ID';
COMMENT ON TABLE "SYS_ROLE_MENU" IS '';

-- ----------------------------
-- Records of SYS_ROLE_MENU
-- ----------------------------
INSERT INTO "SYS_ROLE_MENU" VALUES ('2', '1074');
INSERT INTO "SYS_ROLE_MENU" VALUES ('2', '1077');
INSERT INTO "SYS_ROLE_MENU" VALUES ('2', '1080');
INSERT INTO "SYS_ROLE_MENU" VALUES ('2', '1083');
INSERT INTO "SYS_ROLE_MENU" VALUES ('2', '1092');
INSERT INTO "SYS_ROLE_MENU" VALUES ('2', '1105');
INSERT INTO "SYS_ROLE_MENU" VALUES ('2', '1113');
INSERT INTO "SYS_ROLE_MENU" VALUES ('2', '1114');
INSERT INTO "SYS_ROLE_MENU" VALUES ('2', '1115');
INSERT INTO "SYS_ROLE_MENU" VALUES ('2', '1117');
INSERT INTO "SYS_ROLE_MENU" VALUES ('2', '1118');
INSERT INTO "SYS_ROLE_MENU" VALUES ('2', '1119');
INSERT INTO "SYS_ROLE_MENU" VALUES ('2', '1146');
INSERT INTO "SYS_ROLE_MENU" VALUES ('2', '1148');
INSERT INTO "SYS_ROLE_MENU" VALUES ('2', '1149');
INSERT INTO "SYS_ROLE_MENU" VALUES ('2', '1150');
INSERT INTO "SYS_ROLE_MENU" VALUES ('2', '1151');
INSERT INTO "SYS_ROLE_MENU" VALUES ('2', '1152');
INSERT INTO "SYS_ROLE_MENU" VALUES ('2', '1153');
INSERT INTO "SYS_ROLE_MENU" VALUES ('2', '1154');
INSERT INTO "SYS_ROLE_MENU" VALUES ('2', '1155');
INSERT INTO "SYS_ROLE_MENU" VALUES ('2', '1156');
INSERT INTO "SYS_ROLE_MENU" VALUES ('3', '1074');
INSERT INTO "SYS_ROLE_MENU" VALUES ('3', '1077');
INSERT INTO "SYS_ROLE_MENU" VALUES ('3', '1080');
INSERT INTO "SYS_ROLE_MENU" VALUES ('3', '1083');
INSERT INTO "SYS_ROLE_MENU" VALUES ('3', '1092');
INSERT INTO "SYS_ROLE_MENU" VALUES ('3', '1123');
INSERT INTO "SYS_ROLE_MENU" VALUES ('3', '1124');
INSERT INTO "SYS_ROLE_MENU" VALUES ('3', '1146');
INSERT INTO "SYS_ROLE_MENU" VALUES ('4', '1');
INSERT INTO "SYS_ROLE_MENU" VALUES ('4', '100');
INSERT INTO "SYS_ROLE_MENU" VALUES ('4', '1000');
INSERT INTO "SYS_ROLE_MENU" VALUES ('4', '1074');
INSERT INTO "SYS_ROLE_MENU" VALUES ('4', '1077');
INSERT INTO "SYS_ROLE_MENU" VALUES ('4', '1080');
INSERT INTO "SYS_ROLE_MENU" VALUES ('4', '1081');
INSERT INTO "SYS_ROLE_MENU" VALUES ('4', '1083');
INSERT INTO "SYS_ROLE_MENU" VALUES ('4', '1092');
INSERT INTO "SYS_ROLE_MENU" VALUES ('4', '1097');
INSERT INTO "SYS_ROLE_MENU" VALUES ('4', '1146');
INSERT INTO "SYS_ROLE_MENU" VALUES ('5', '1');
INSERT INTO "SYS_ROLE_MENU" VALUES ('5', '100');
INSERT INTO "SYS_ROLE_MENU" VALUES ('5', '101');
INSERT INTO "SYS_ROLE_MENU" VALUES ('5', '103');
INSERT INTO "SYS_ROLE_MENU" VALUES ('5', '104');
INSERT INTO "SYS_ROLE_MENU" VALUES ('5', '1000');
INSERT INTO "SYS_ROLE_MENU" VALUES ('5', '1001');
INSERT INTO "SYS_ROLE_MENU" VALUES ('5', '1002');
INSERT INTO "SYS_ROLE_MENU" VALUES ('5', '1003');
INSERT INTO "SYS_ROLE_MENU" VALUES ('5', '1004');
INSERT INTO "SYS_ROLE_MENU" VALUES ('5', '1005');
INSERT INTO "SYS_ROLE_MENU" VALUES ('5', '1006');
INSERT INTO "SYS_ROLE_MENU" VALUES ('5', '1007');
INSERT INTO "SYS_ROLE_MENU" VALUES ('5', '1008');
INSERT INTO "SYS_ROLE_MENU" VALUES ('5', '1009');
INSERT INTO "SYS_ROLE_MENU" VALUES ('5', '1011');
INSERT INTO "SYS_ROLE_MENU" VALUES ('5', '1016');
INSERT INTO "SYS_ROLE_MENU" VALUES ('5', '1017');
INSERT INTO "SYS_ROLE_MENU" VALUES ('5', '1018');
INSERT INTO "SYS_ROLE_MENU" VALUES ('5', '1019');
INSERT INTO "SYS_ROLE_MENU" VALUES ('5', '1020');
INSERT INTO "SYS_ROLE_MENU" VALUES ('5', '1021');
INSERT INTO "SYS_ROLE_MENU" VALUES ('5', '1022');
INSERT INTO "SYS_ROLE_MENU" VALUES ('5', '1023');
INSERT INTO "SYS_ROLE_MENU" VALUES ('5', '1024');
INSERT INTO "SYS_ROLE_MENU" VALUES ('5', '1074');
INSERT INTO "SYS_ROLE_MENU" VALUES ('5', '1077');
INSERT INTO "SYS_ROLE_MENU" VALUES ('5', '1080');
INSERT INTO "SYS_ROLE_MENU" VALUES ('5', '1081');
INSERT INTO "SYS_ROLE_MENU" VALUES ('5', '1083');
INSERT INTO "SYS_ROLE_MENU" VALUES ('5', '1092');
INSERT INTO "SYS_ROLE_MENU" VALUES ('5', '1097');
INSERT INTO "SYS_ROLE_MENU" VALUES ('5', '1123');
INSERT INTO "SYS_ROLE_MENU" VALUES ('5', '1124');
INSERT INTO "SYS_ROLE_MENU" VALUES ('5', '1142');
INSERT INTO "SYS_ROLE_MENU" VALUES ('5', '1143');
INSERT INTO "SYS_ROLE_MENU" VALUES ('5', '1144');
INSERT INTO "SYS_ROLE_MENU" VALUES ('5', '1145');
INSERT INTO "SYS_ROLE_MENU" VALUES ('5', '1146');
INSERT INTO "SYS_ROLE_MENU" VALUES ('6', '1');
INSERT INTO "SYS_ROLE_MENU" VALUES ('6', '100');
INSERT INTO "SYS_ROLE_MENU" VALUES ('6', '101');
INSERT INTO "SYS_ROLE_MENU" VALUES ('6', '103');
INSERT INTO "SYS_ROLE_MENU" VALUES ('6', '104');
INSERT INTO "SYS_ROLE_MENU" VALUES ('6', '1000');
INSERT INTO "SYS_ROLE_MENU" VALUES ('6', '1004');
INSERT INTO "SYS_ROLE_MENU" VALUES ('6', '1007');
INSERT INTO "SYS_ROLE_MENU" VALUES ('6', '1011');
INSERT INTO "SYS_ROLE_MENU" VALUES ('6', '1016');
INSERT INTO "SYS_ROLE_MENU" VALUES ('6', '1020');
INSERT INTO "SYS_ROLE_MENU" VALUES ('6', '1074');
INSERT INTO "SYS_ROLE_MENU" VALUES ('6', '1077');
INSERT INTO "SYS_ROLE_MENU" VALUES ('6', '1080');
INSERT INTO "SYS_ROLE_MENU" VALUES ('6', '1081');
INSERT INTO "SYS_ROLE_MENU" VALUES ('6', '1083');
INSERT INTO "SYS_ROLE_MENU" VALUES ('6', '1092');
INSERT INTO "SYS_ROLE_MENU" VALUES ('6', '1097');
INSERT INTO "SYS_ROLE_MENU" VALUES ('6', '1123');
INSERT INTO "SYS_ROLE_MENU" VALUES ('6', '1124');
INSERT INTO "SYS_ROLE_MENU" VALUES ('6', '1146');

-- ----------------------------
-- Table structure for SYS_USER
-- ----------------------------
DROP TABLE "SYS_USER";
CREATE TABLE "SYS_USER" (
  "USER_ID" NVARCHAR2(40) VISIBLE NOT NULL,
  "DEPT_ID" NUMBER(20,0) VISIBLE,
  "LOGIN_NAME" NVARCHAR2(30) VISIBLE NOT NULL,
  "USER_NAME" NVARCHAR2(30) VISIBLE NOT NULL,
  "ID_CARD" NVARCHAR2(18) VISIBLE,
  "USER_TYPE" NVARCHAR2(2) VISIBLE,
  "EMAIL" NVARCHAR2(50) VISIBLE,
  "PHONENUMBER" NVARCHAR2(11) VISIBLE,
  "SEX" NCHAR(1) VISIBLE,
  "AVATAR" NVARCHAR2(100) VISIBLE,
  "PASSWORD" NVARCHAR2(50) VISIBLE,
  "SALT" NVARCHAR2(20) VISIBLE,
  "STATUS" NCHAR(1) VISIBLE,
  "DEL_FLAG" NCHAR(1) VISIBLE,
  "LOGIN_IP" NVARCHAR2(128) VISIBLE,
  "LOGIN_DATE" DATE VISIBLE,
  "PWD_UPDATE_DATE" DATE VISIBLE,
  "CREATE_BY" NVARCHAR2(64) VISIBLE,
  "CREATE_TIME" DATE VISIBLE,
  "UPDATE_BY" NVARCHAR2(64) VISIBLE,
  "UPDATE_TIME" DATE VISIBLE,
  "REMARK" NVARCHAR2(500) VISIBLE
)
LOGGING
NOCOMPRESS
PCTFREE 10
INITRANS 1
STORAGE (
  INITIAL 65536 
  NEXT 1048576 
  MINEXTENTS 1
  MAXEXTENTS 2147483645
  BUFFER_POOL DEFAULT
)
PARALLEL 1
NOCACHE
DISABLE ROW MOVEMENT
;
COMMENT ON COLUMN "SYS_USER"."USER_ID" IS 'ID';
COMMENT ON COLUMN "SYS_USER"."DEPT_ID" IS 'ID';
COMMENT ON COLUMN "SYS_USER"."LOGIN_NAME" IS '';
COMMENT ON COLUMN "SYS_USER"."USER_NAME" IS '';
COMMENT ON COLUMN "SYS_USER"."ID_CARD" IS '';
COMMENT ON COLUMN "SYS_USER"."USER_TYPE" IS '00 01';
COMMENT ON COLUMN "SYS_USER"."EMAIL" IS '';
COMMENT ON COLUMN "SYS_USER"."PHONENUMBER" IS '';
COMMENT ON COLUMN "SYS_USER"."SEX" IS '0 1 2';
COMMENT ON COLUMN "SYS_USER"."AVATAR" IS '';
COMMENT ON COLUMN "SYS_USER"."PASSWORD" IS '';
COMMENT ON COLUMN "SYS_USER"."SALT" IS '';
COMMENT ON COLUMN "SYS_USER"."STATUS" IS '0 1';
COMMENT ON COLUMN "SYS_USER"."DEL_FLAG" IS '0 2';
COMMENT ON COLUMN "SYS_USER"."LOGIN_IP" IS 'IP';
COMMENT ON COLUMN "SYS_USER"."LOGIN_DATE" IS '';
COMMENT ON COLUMN "SYS_USER"."PWD_UPDATE_DATE" IS '';
COMMENT ON COLUMN "SYS_USER"."CREATE_BY" IS '';
COMMENT ON COLUMN "SYS_USER"."CREATE_TIME" IS '';
COMMENT ON COLUMN "SYS_USER"."UPDATE_BY" IS '';
COMMENT ON COLUMN "SYS_USER"."UPDATE_TIME" IS '';
COMMENT ON COLUMN "SYS_USER"."REMARK" IS '';
COMMENT ON TABLE "SYS_USER" IS '';

-- ----------------------------
-- Records of SYS_USER
-- ----------------------------
INSERT INTO "SYS_USER" VALUES ('1', '100', 'system', '', NULL, '00', '1111111111@qq.com', '18888888888', '0', '/profile/avatar/2020/07/17/27f3974b62ea4ff386ae992b18d19380.png', '90e40a84a011a86d0b7e44db9a4dced4', '7fe6d2', '0', '0', '127.0.0.1', TO_DATE('2022-11-13 18:32:03', 'SYYYY-MM-DD HH24:MI:SS'), NULL, 'admin', TO_DATE('2019-08-11 11:33:00', 'SYYYY-MM-DD HH24:MI:SS'), 'system', TO_DATE('2022-11-13 18:32:03', 'SYYYY-MM-DD HH24:MI:SS'), '');
INSERT INTO "SYS_USER" VALUES ('14', '114', 'dlsdys', '', NULL, '00', '1111111111@qq.com', '18888888888', '0', NULL, 'aaf811dccbe790d8af9a7c9177ed346d', 'ee0c10', '0', '0', '127.0.0.1', TO_DATE('2022-11-13 18:30:38', 'SYYYY-MM-DD HH24:MI:SS'), NULL, 'system', TO_DATE('2019-10-13 16:00:45', 'SYYYY-MM-DD HH24:MI:SS'), 'system', TO_DATE('2022-11-13 18:30:38', 'SYYYY-MM-DD HH24:MI:SS'), NULL);
INSERT INTO "SYS_USER" VALUES ('18', NULL, 'test', 'test', NULL, '01', NULL, NULL, '0', NULL, '7ea9465c9f534ab0ffbb71148db00315', 'a285a5', '0', '0', '127.0.0.1', TO_DATE('2020-06-25 00:31:03', 'SYYYY-MM-DD HH24:MI:SS'), NULL, NULL, TO_DATE('2020-06-25 00:23:41', 'SYYYY-MM-DD HH24:MI:SS'), NULL, TO_DATE('2020-06-25 00:31:02', 'SYYYY-MM-DD HH24:MI:SS'), NULL);
INSERT INTO "SYS_USER" VALUES ('2', '114', 'administrator', '', NULL, '00', '1111111111@qq.com', '18888888888', '1', NULL, '3a882584598e16bdec13ea2c7995e839', '19e38e', '0', '0', '127.0.0.1', TO_DATE('2021-01-28 03:02:53', 'SYYYY-MM-DD HH24:MI:SS'), NULL, 'admin', TO_DATE('2019-08-11 11:33:00', 'SYYYY-MM-DD HH24:MI:SS'), 'system', TO_DATE('2021-05-13 20:48:25', 'SYYYY-MM-DD HH24:MI:SS'), '');
INSERT INTO "SYS_USER" VALUES ('3', '114', 'admin', '', NULL, '00', '1111111111@qq.com', '18888888888', '0', NULL, 'b46c0e8cf32e811f82b527c4be6b9a2e', 'e2d39e', '0', '0', '127.0.0.1', TO_DATE('2021-06-14 23:16:06', 'SYYYY-MM-DD HH24:MI:SS'), NULL, 'admin', TO_DATE('2019-08-12 19:47:25', 'SYYYY-MM-DD HH24:MI:SS'), 'system', TO_DATE('2021-06-14 23:16:05', 'SYYYY-MM-DD HH24:MI:SS'), '');
INSERT INTO "SYS_USER" VALUES ('4', '115', 'ylsnq', '', NULL, '00', '1111111111@qq.com', '18888888888', '1', NULL, '3108d23f42f384dd771f1a4fb578932c', '6538bd', '0', '0', '127.0.0.1', TO_DATE('2022-11-13 18:31:37', 'SYYYY-MM-DD HH24:MI:SS'), NULL, 'system', TO_DATE('2019-08-15 20:24:58', 'SYYYY-MM-DD HH24:MI:SS'), 'system', TO_DATE('2022-11-13 18:31:37', 'SYYYY-MM-DD HH24:MI:SS'), NULL);
INSERT INTO "SYS_USER" VALUES ('5', '114', 'test1', 'test1', NULL, '00', '1111111111@qq.com', '18888888888', '0', NULL, 'ae41c95f7d808167009258e080c022a1', 'a63a3b', '0', '0', '127.0.0.1', TO_DATE('2021-07-04 22:13:49', 'SYYYY-MM-DD HH24:MI:SS'), NULL, 'system', TO_DATE('2019-08-15 20:35:34', 'SYYYY-MM-DD HH24:MI:SS'), 'system', TO_DATE('2021-07-04 22:13:49', 'SYYYY-MM-DD HH24:MI:SS'), NULL);
INSERT INTO "SYS_USER" VALUES ('6', '114', 'test2', 'test2', NULL, '00', '1111111111@qq.com', '18888888888', '0', NULL, 'fd8c6a52fd8b0d6784ac69c74e238bd6', '2d3ad1', '0', '0', '127.0.0.1', TO_DATE('2021-07-04 22:19:59', 'SYYYY-MM-DD HH24:MI:SS'), NULL, 'system', TO_DATE('2019-08-15 20:36:37', 'SYYYY-MM-DD HH24:MI:SS'), 'system', TO_DATE('2021-07-04 22:19:58', 'SYYYY-MM-DD HH24:MI:SS'), NULL);
INSERT INTO "SYS_USER" VALUES ('7', '113', 'test3', 'test3', NULL, '00', '1111111111@qq.com', '18888888888', '0', NULL, '1c0a087f5935f868eddc72912d78c991', 'ab88e8', '0', '0', '127.0.0.1', TO_DATE('2021-07-04 21:54:13', 'SYYYY-MM-DD HH24:MI:SS'), NULL, 'system', TO_DATE('2019-08-15 21:54:56', 'SYYYY-MM-DD HH24:MI:SS'), 'system', TO_DATE('2021-07-04 21:54:13', 'SYYYY-MM-DD HH24:MI:SS'), NULL);
INSERT INTO "SYS_USER" VALUES ('8', '109', 'test4', 'test4', NULL, '00', '1111111111@qq.com', '18888888888', '1', NULL, '396fdd90d8dbc1fe1aed1a3b3385be4c', '38e343', '0', '0', '127.0.0.1', TO_DATE('2021-07-04 21:15:24', 'SYYYY-MM-DD HH24:MI:SS'), NULL, 'system', TO_DATE('2019-08-15 21:56:36', 'SYYYY-MM-DD HH24:MI:SS'), 'system', TO_DATE('2021-07-04 21:15:24', 'SYYYY-MM-DD HH24:MI:SS'), NULL);
INSERT INTO "SYS_USER" VALUES ('9', '108', 'test5', 'test5', NULL, '00', '1111111111@qq.com', '18888888888', '0', NULL, '9ae5442aca166c99c735f70e715f66e6', '723b27', '0', '0', '127.0.0.1', TO_DATE('2021-07-04 21:15:38', 'SYYYY-MM-DD HH24:MI:SS'), NULL, 'system', TO_DATE('2019-08-15 21:57:17', 'SYYYY-MM-DD HH24:MI:SS'), NULL, TO_DATE('2021-07-04 21:15:37', 'SYYYY-MM-DD HH24:MI:SS'), NULL);

-- ----------------------------
-- Table structure for SYS_USER_ONLINE
-- ----------------------------
DROP TABLE "SYS_USER_ONLINE";
CREATE TABLE "SYS_USER_ONLINE" (
  "SESSIONID" NVARCHAR2(50) VISIBLE NOT NULL,
  "LOGIN_NAME" NVARCHAR2(50) VISIBLE,
  "DEPT_NAME" NVARCHAR2(50) VISIBLE,
  "IPADDR" NVARCHAR2(128) VISIBLE,
  "LOGIN_LOCATION" NVARCHAR2(255) VISIBLE,
  "BROWSER" NVARCHAR2(50) VISIBLE,
  "OS" NVARCHAR2(50) VISIBLE,
  "STATUS" NVARCHAR2(10) VISIBLE,
  "START_TIMESTAMP" DATE VISIBLE,
  "LAST_ACCESS_TIME" DATE VISIBLE,
  "EXPIRE_TIME" NUMBER(11,0) VISIBLE
)
LOGGING
NOCOMPRESS
PCTFREE 10
INITRANS 1
STORAGE (
  INITIAL 65536 
  NEXT 1048576 
  MINEXTENTS 1
  MAXEXTENTS 2147483645
  BUFFER_POOL DEFAULT
)
PARALLEL 1
NOCACHE
DISABLE ROW MOVEMENT
;
COMMENT ON COLUMN "SYS_USER_ONLINE"."SESSIONID" IS 'id';
COMMENT ON COLUMN "SYS_USER_ONLINE"."LOGIN_NAME" IS '';
COMMENT ON COLUMN "SYS_USER_ONLINE"."DEPT_NAME" IS '';
COMMENT ON COLUMN "SYS_USER_ONLINE"."IPADDR" IS 'IP';
COMMENT ON COLUMN "SYS_USER_ONLINE"."LOGIN_LOCATION" IS '';
COMMENT ON COLUMN "SYS_USER_ONLINE"."BROWSER" IS '';
COMMENT ON COLUMN "SYS_USER_ONLINE"."OS" IS '';
COMMENT ON COLUMN "SYS_USER_ONLINE"."STATUS" IS 'on_lineoff_line';
COMMENT ON COLUMN "SYS_USER_ONLINE"."START_TIMESTAMP" IS 'session';
COMMENT ON COLUMN "SYS_USER_ONLINE"."LAST_ACCESS_TIME" IS 'session';
COMMENT ON COLUMN "SYS_USER_ONLINE"."EXPIRE_TIME" IS '';
COMMENT ON TABLE "SYS_USER_ONLINE" IS '';

-- ----------------------------
-- Records of SYS_USER_ONLINE
-- ----------------------------

-- ----------------------------
-- Table structure for SYS_USER_POST
-- ----------------------------
DROP TABLE "SYS_USER_POST";
CREATE TABLE "SYS_USER_POST" (
  "USER_ID" NVARCHAR2(40) VISIBLE NOT NULL,
  "POST_ID" NUMBER(20,0) VISIBLE NOT NULL
)
LOGGING
NOCOMPRESS
PCTFREE 10
INITRANS 1
STORAGE (
  INITIAL 65536 
  NEXT 1048576 
  MINEXTENTS 1
  MAXEXTENTS 2147483645
  BUFFER_POOL DEFAULT
)
PARALLEL 1
NOCACHE
DISABLE ROW MOVEMENT
;
COMMENT ON COLUMN "SYS_USER_POST"."USER_ID" IS 'ID';
COMMENT ON COLUMN "SYS_USER_POST"."POST_ID" IS 'ID';
COMMENT ON TABLE "SYS_USER_POST" IS '';

-- ----------------------------
-- Records of SYS_USER_POST
-- ----------------------------
INSERT INTO "SYS_USER_POST" VALUES ('1', '5');
INSERT INTO "SYS_USER_POST" VALUES ('14', '4');
INSERT INTO "SYS_USER_POST" VALUES ('3', '5');
INSERT INTO "SYS_USER_POST" VALUES ('4', '6');
INSERT INTO "SYS_USER_POST" VALUES ('6', '4');
INSERT INTO "SYS_USER_POST" VALUES ('7', '4');
INSERT INTO "SYS_USER_POST" VALUES ('8', '4');
INSERT INTO "SYS_USER_POST" VALUES ('9', '4');

-- ----------------------------
-- Table structure for SYS_USER_ROLE
-- ----------------------------
DROP TABLE "SYS_USER_ROLE";
CREATE TABLE "SYS_USER_ROLE" (
  "USER_ID" NVARCHAR2(40) VISIBLE NOT NULL,
  "ROLE_ID" NUMBER(20,0) VISIBLE NOT NULL
)
LOGGING
NOCOMPRESS
PCTFREE 10
INITRANS 1
STORAGE (
  INITIAL 65536 
  NEXT 1048576 
  MINEXTENTS 1
  MAXEXTENTS 2147483645
  BUFFER_POOL DEFAULT
)
PARALLEL 1
NOCACHE
DISABLE ROW MOVEMENT
;
COMMENT ON COLUMN "SYS_USER_ROLE"."USER_ID" IS 'ID';
COMMENT ON COLUMN "SYS_USER_ROLE"."ROLE_ID" IS 'ID';
COMMENT ON TABLE "SYS_USER_ROLE" IS '';

-- ----------------------------
-- Records of SYS_USER_ROLE
-- ----------------------------
INSERT INTO "SYS_USER_ROLE" VALUES ('1', '1');
INSERT INTO "SYS_USER_ROLE" VALUES ('14', '5');
INSERT INTO "SYS_USER_ROLE" VALUES ('2', '2');
INSERT INTO "SYS_USER_ROLE" VALUES ('3', '2');
INSERT INTO "SYS_USER_ROLE" VALUES ('4', '3');
INSERT INTO "SYS_USER_ROLE" VALUES ('4', '6');
INSERT INTO "SYS_USER_ROLE" VALUES ('5', '3');
INSERT INTO "SYS_USER_ROLE" VALUES ('6', '3');
INSERT INTO "SYS_USER_ROLE" VALUES ('7', '3');
INSERT INTO "SYS_USER_ROLE" VALUES ('7', '4');
INSERT INTO "SYS_USER_ROLE" VALUES ('8', '3');
INSERT INTO "SYS_USER_ROLE" VALUES ('9', '3');

-- ----------------------------
-- Table structure for T_USER
-- ----------------------------
DROP TABLE "T_USER";
CREATE TABLE "T_USER" (
  "USER_ID" NUMBER(20,0) VISIBLE NOT NULL,
  "DEPT_ID" NUMBER(20,0) VISIBLE,
  "LOGIN_NAME" NVARCHAR2(30) VISIBLE,
  "USER_NAME" NVARCHAR2(30) VISIBLE,
  "ID_CARD" NVARCHAR2(18) VISIBLE,
  "USER_TYPE" NVARCHAR2(2) VISIBLE,
  "EMAIL" NVARCHAR2(50) VISIBLE,
  "PHONENUMBER" NVARCHAR2(11) VISIBLE,
  "SEX" NCHAR(1) VISIBLE,
  "AVATAR" NVARCHAR2(100) VISIBLE,
  "PASSWORD" NVARCHAR2(50) VISIBLE,
  "SALT" NVARCHAR2(20) VISIBLE,
  "STATUS" NCHAR(1) VISIBLE,
  "DEL_FLAG" NCHAR(1) VISIBLE,
  "LOGIN_IP" NVARCHAR2(128) VISIBLE,
  "LOGIN_DATE" DATE VISIBLE,
  "PWD_UPDATE_DATE" DATE VISIBLE,
  "CREATE_BY" NVARCHAR2(64) VISIBLE,
  "CREATE_TIME" DATE VISIBLE,
  "UPDATE_BY" NVARCHAR2(64) VISIBLE,
  "UPDATE_TIME" DATE VISIBLE,
  "REMARK" NVARCHAR2(500) VISIBLE
)
LOGGING
NOCOMPRESS
PCTFREE 10
INITRANS 1
STORAGE (
  BUFFER_POOL DEFAULT
)
PARALLEL 1
NOCACHE
DISABLE ROW MOVEMENT
;
COMMENT ON COLUMN "T_USER"."USER_ID" IS 'ID';
COMMENT ON COLUMN "T_USER"."DEPT_ID" IS 'ID';
COMMENT ON COLUMN "T_USER"."LOGIN_NAME" IS '';
COMMENT ON COLUMN "T_USER"."USER_NAME" IS '';
COMMENT ON COLUMN "T_USER"."ID_CARD" IS '';
COMMENT ON COLUMN "T_USER"."USER_TYPE" IS '00 01';
COMMENT ON COLUMN "T_USER"."EMAIL" IS '';
COMMENT ON COLUMN "T_USER"."PHONENUMBER" IS '';
COMMENT ON COLUMN "T_USER"."SEX" IS '0 1 2';
COMMENT ON COLUMN "T_USER"."AVATAR" IS '';
COMMENT ON COLUMN "T_USER"."PASSWORD" IS '';
COMMENT ON COLUMN "T_USER"."SALT" IS '';
COMMENT ON COLUMN "T_USER"."STATUS" IS '0 1';
COMMENT ON COLUMN "T_USER"."DEL_FLAG" IS '0 2';
COMMENT ON COLUMN "T_USER"."LOGIN_IP" IS 'IP';
COMMENT ON COLUMN "T_USER"."LOGIN_DATE" IS '';
COMMENT ON COLUMN "T_USER"."PWD_UPDATE_DATE" IS '';
COMMENT ON COLUMN "T_USER"."CREATE_BY" IS '';
COMMENT ON COLUMN "T_USER"."CREATE_TIME" IS '';
COMMENT ON COLUMN "T_USER"."UPDATE_BY" IS '';
COMMENT ON COLUMN "T_USER"."UPDATE_TIME" IS '';
COMMENT ON COLUMN "T_USER"."REMARK" IS '';
COMMENT ON TABLE "T_USER" IS '';

-- ----------------------------
-- Records of T_USER
-- ----------------------------

-- ----------------------------
-- Function structure for FIND_IN_SET
-- ----------------------------
CREATE OR REPLACE
FUNCTION "FIND_IN_SET" AS
begin
select instr(','||arg2||',' , ','||arg1||',') into Result from dual;
return(Result);
end find_in_set;
/

-- ----------------------------
-- Sequence structure for ACT_EVT_LOG_SEQ
-- ----------------------------
DROP SEQUENCE "ACT_EVT_LOG_SEQ";
CREATE SEQUENCE "ACT_EVT_LOG_SEQ" MINVALUE 1 MAXVALUE 9999999999999999999999999999 INCREMENT BY 1 CACHE 20;

-- ----------------------------
-- Sequence structure for SEQ_GEN_TABLE
-- ----------------------------
DROP SEQUENCE "SEQ_GEN_TABLE";
CREATE SEQUENCE "SEQ_GEN_TABLE" MINVALUE 1 MAXVALUE 9999999999999999999999999999 INCREMENT BY 1 CACHE 20;

-- ----------------------------
-- Sequence structure for SEQ_GEN_TABLE_COLUMN
-- ----------------------------
DROP SEQUENCE "SEQ_GEN_TABLE_COLUMN";
CREATE SEQUENCE "SEQ_GEN_TABLE_COLUMN" MINVALUE 1 MAXVALUE 9999999999999999999999999999 INCREMENT BY 1 CACHE 20;

-- ----------------------------
-- Sequence structure for SEQ_SYS_CONFIG
-- ----------------------------
DROP SEQUENCE "SEQ_SYS_CONFIG";
CREATE SEQUENCE "SEQ_SYS_CONFIG" MINVALUE 1 MAXVALUE 9999999999999999999999999999 INCREMENT BY 1 CACHE 20;

-- ----------------------------
-- Sequence structure for SEQ_SYS_DEPT
-- ----------------------------
DROP SEQUENCE "SEQ_SYS_DEPT";
CREATE SEQUENCE "SEQ_SYS_DEPT" MINVALUE 1 MAXVALUE 9999999999999999999999999999 INCREMENT BY 1 CACHE 20;

-- ----------------------------
-- Sequence structure for SEQ_SYS_DICT_DATA
-- ----------------------------
DROP SEQUENCE "SEQ_SYS_DICT_DATA";
CREATE SEQUENCE "SEQ_SYS_DICT_DATA" MINVALUE 1 MAXVALUE 9999999999999999999999999999 INCREMENT BY 1 CACHE 20;

-- ----------------------------
-- Sequence structure for SEQ_SYS_DICT_TYPE
-- ----------------------------
DROP SEQUENCE "SEQ_SYS_DICT_TYPE";
CREATE SEQUENCE "SEQ_SYS_DICT_TYPE" MINVALUE 1 MAXVALUE 9999999999999999999999999999 INCREMENT BY 1 CACHE 20;

-- ----------------------------
-- Sequence structure for SEQ_SYS_JOB
-- ----------------------------
DROP SEQUENCE "SEQ_SYS_JOB";
CREATE SEQUENCE "SEQ_SYS_JOB" MINVALUE 1 MAXVALUE 9999999999999999999999999999 INCREMENT BY 1 CACHE 20;

-- ----------------------------
-- Sequence structure for SEQ_SYS_JOB_LOG
-- ----------------------------
DROP SEQUENCE "SEQ_SYS_JOB_LOG";
CREATE SEQUENCE "SEQ_SYS_JOB_LOG" MINVALUE 1 MAXVALUE 9999999999999999999999999999 INCREMENT BY 1 CACHE 20;

-- ----------------------------
-- Sequence structure for SEQ_SYS_LOGININFOR
-- ----------------------------
DROP SEQUENCE "SEQ_SYS_LOGININFOR";
CREATE SEQUENCE "SEQ_SYS_LOGININFOR" MINVALUE 1 MAXVALUE 9999999999999999999999999999 INCREMENT BY 1 CACHE 20;

-- ----------------------------
-- Sequence structure for SEQ_SYS_MENU
-- ----------------------------
DROP SEQUENCE "SEQ_SYS_MENU";
CREATE SEQUENCE "SEQ_SYS_MENU" MINVALUE 1 MAXVALUE 9999999999999999999999999999 INCREMENT BY 1 CACHE 20;

-- ----------------------------
-- Sequence structure for SEQ_SYS_NOTICE
-- ----------------------------
DROP SEQUENCE "SEQ_SYS_NOTICE";
CREATE SEQUENCE "SEQ_SYS_NOTICE" MINVALUE 1 MAXVALUE 9999999999999999999999999999 INCREMENT BY 1 CACHE 20;

-- ----------------------------
-- Sequence structure for SEQ_SYS_OPER_LOG
-- ----------------------------
DROP SEQUENCE "SEQ_SYS_OPER_LOG";
CREATE SEQUENCE "SEQ_SYS_OPER_LOG" MINVALUE 1 MAXVALUE 9999999999999999999999999999 INCREMENT BY 1 CACHE 20;

-- ----------------------------
-- Sequence structure for SEQ_SYS_POST
-- ----------------------------
DROP SEQUENCE "SEQ_SYS_POST";
CREATE SEQUENCE "SEQ_SYS_POST" MINVALUE 1 MAXVALUE 9999999999999999999999999999 INCREMENT BY 1 CACHE 20;

-- ----------------------------
-- Sequence structure for SEQ_SYS_ROLE
-- ----------------------------
DROP SEQUENCE "SEQ_SYS_ROLE";
CREATE SEQUENCE "SEQ_SYS_ROLE" MINVALUE 1 MAXVALUE 9999999999999999999999999999 INCREMENT BY 1 CACHE 20;

-- ----------------------------
-- Sequence structure for SEQ_SYS_USER
-- ----------------------------
DROP SEQUENCE "SEQ_SYS_USER";
CREATE SEQUENCE "SEQ_SYS_USER" MINVALUE 1 MAXVALUE 9999999999999999999999999999 INCREMENT BY 1 CACHE 20;

-- ----------------------------
-- Primary Key structure for table ACT_EVT_LOG
-- ----------------------------
ALTER TABLE "ACT_EVT_LOG" ADD CONSTRAINT "SYS_C0013280" PRIMARY KEY ("LOG_NR_");

-- ----------------------------
-- Checks structure for table ACT_EVT_LOG
-- ----------------------------
ALTER TABLE "ACT_EVT_LOG" ADD CONSTRAINT "SYS_C0013279" CHECK ("TIME_STAMP_" IS NOT NULL) NOT DEFERRABLE INITIALLY IMMEDIATE NORELY VALIDATE;

-- ----------------------------
-- Primary Key structure for table ACT_GE_BYTEARRAY
-- ----------------------------
ALTER TABLE "ACT_GE_BYTEARRAY" ADD CONSTRAINT "SYS_C0013250" PRIMARY KEY ("ID_");

-- ----------------------------
-- Checks structure for table ACT_GE_BYTEARRAY
-- ----------------------------
ALTER TABLE "ACT_GE_BYTEARRAY" ADD CONSTRAINT "SYS_C0013249" CHECK (GENERATED_ IN (1,0)) NOT DEFERRABLE INITIALLY IMMEDIATE NORELY VALIDATE;

-- ----------------------------
-- Indexes structure for table ACT_GE_BYTEARRAY
-- ----------------------------
CREATE INDEX "ACT_IDX_BYTEAR_DEPL"
  ON "ACT_GE_BYTEARRAY" ("DEPLOYMENT_ID_" ASC)
  LOGGING
  VISIBLE
PCTFREE 10
INITRANS 2
STORAGE (
  INITIAL 65536 
  NEXT 1048576 
  MINEXTENTS 1
  MAXEXTENTS 2147483645
  BUFFER_POOL DEFAULT
  FLASH_CACHE DEFAULT
)
   USABLE;

-- ----------------------------
-- Primary Key structure for table ACT_GE_PROPERTY
-- ----------------------------
ALTER TABLE "ACT_GE_PROPERTY" ADD CONSTRAINT "SYS_C0013248" PRIMARY KEY ("NAME_");

-- ----------------------------
-- Primary Key structure for table ACT_HI_ACTINST
-- ----------------------------
ALTER TABLE "ACT_HI_ACTINST" ADD CONSTRAINT "SYS_C0013320" PRIMARY KEY ("ID_");

-- ----------------------------
-- Checks structure for table ACT_HI_ACTINST
-- ----------------------------
ALTER TABLE "ACT_HI_ACTINST" ADD CONSTRAINT "SYS_C0013313" CHECK ("ID_" IS NOT NULL) NOT DEFERRABLE INITIALLY IMMEDIATE NORELY VALIDATE;
ALTER TABLE "ACT_HI_ACTINST" ADD CONSTRAINT "SYS_C0013314" CHECK ("PROC_DEF_ID_" IS NOT NULL) NOT DEFERRABLE INITIALLY IMMEDIATE NORELY VALIDATE;
ALTER TABLE "ACT_HI_ACTINST" ADD CONSTRAINT "SYS_C0013315" CHECK ("PROC_INST_ID_" IS NOT NULL) NOT DEFERRABLE INITIALLY IMMEDIATE NORELY VALIDATE;
ALTER TABLE "ACT_HI_ACTINST" ADD CONSTRAINT "SYS_C0013316" CHECK ("EXECUTION_ID_" IS NOT NULL) NOT DEFERRABLE INITIALLY IMMEDIATE NORELY VALIDATE;
ALTER TABLE "ACT_HI_ACTINST" ADD CONSTRAINT "SYS_C0013317" CHECK ("ACT_ID_" IS NOT NULL) NOT DEFERRABLE INITIALLY IMMEDIATE NORELY VALIDATE;
ALTER TABLE "ACT_HI_ACTINST" ADD CONSTRAINT "SYS_C0013318" CHECK ("ACT_TYPE_" IS NOT NULL) NOT DEFERRABLE INITIALLY IMMEDIATE NORELY VALIDATE;
ALTER TABLE "ACT_HI_ACTINST" ADD CONSTRAINT "SYS_C0013319" CHECK ("START_TIME_" IS NOT NULL) NOT DEFERRABLE INITIALLY IMMEDIATE NORELY VALIDATE;

-- ----------------------------
-- Indexes structure for table ACT_HI_ACTINST
-- ----------------------------
CREATE INDEX "ACT_IDX_HI_ACT_INST_END"
  ON "ACT_HI_ACTINST" ("END_TIME_" ASC)
  LOGGING
  VISIBLE
PCTFREE 10
INITRANS 2
STORAGE (
  INITIAL 65536 
  NEXT 1048576 
  MINEXTENTS 1
  MAXEXTENTS 2147483645
  BUFFER_POOL DEFAULT
  FLASH_CACHE DEFAULT
)
   USABLE;
CREATE INDEX "ACT_IDX_HI_ACT_INST_EXEC"
  ON "ACT_HI_ACTINST" ("EXECUTION_ID_" ASC, "ACT_ID_" ASC)
  LOGGING
  VISIBLE
PCTFREE 10
INITRANS 2
STORAGE (
  INITIAL 65536 
  NEXT 1048576 
  MINEXTENTS 1
  MAXEXTENTS 2147483645
  BUFFER_POOL DEFAULT
  FLASH_CACHE DEFAULT
)
   USABLE;
CREATE INDEX "ACT_IDX_HI_ACT_INST_PROCINST"
  ON "ACT_HI_ACTINST" ("PROC_INST_ID_" ASC, "ACT_ID_" ASC)
  LOGGING
  VISIBLE
PCTFREE 10
INITRANS 2
STORAGE (
  INITIAL 65536 
  NEXT 1048576 
  MINEXTENTS 1
  MAXEXTENTS 2147483645
  BUFFER_POOL DEFAULT
  FLASH_CACHE DEFAULT
)
   USABLE;
CREATE INDEX "ACT_IDX_HI_ACT_INST_START"
  ON "ACT_HI_ACTINST" ("START_TIME_" ASC)
  LOGGING
  VISIBLE
PCTFREE 10
INITRANS 2
STORAGE (
  INITIAL 65536 
  NEXT 1048576 
  MINEXTENTS 1
  MAXEXTENTS 2147483645
  BUFFER_POOL DEFAULT
  FLASH_CACHE DEFAULT
)
   USABLE;

-- ----------------------------
-- Primary Key structure for table ACT_HI_ATTACHMENT
-- ----------------------------
ALTER TABLE "ACT_HI_ATTACHMENT" ADD CONSTRAINT "SYS_C0013336" PRIMARY KEY ("ID_");

-- ----------------------------
-- Checks structure for table ACT_HI_ATTACHMENT
-- ----------------------------
ALTER TABLE "ACT_HI_ATTACHMENT" ADD CONSTRAINT "SYS_C0013335" CHECK ("ID_" IS NOT NULL) NOT DEFERRABLE INITIALLY IMMEDIATE NORELY VALIDATE;

-- ----------------------------
-- Primary Key structure for table ACT_HI_COMMENT
-- ----------------------------
ALTER TABLE "ACT_HI_COMMENT" ADD CONSTRAINT "SYS_C0013334" PRIMARY KEY ("ID_");

-- ----------------------------
-- Checks structure for table ACT_HI_COMMENT
-- ----------------------------
ALTER TABLE "ACT_HI_COMMENT" ADD CONSTRAINT "SYS_C0013332" CHECK ("ID_" IS NOT NULL) NOT DEFERRABLE INITIALLY IMMEDIATE NORELY VALIDATE;
ALTER TABLE "ACT_HI_COMMENT" ADD CONSTRAINT "SYS_C0013333" CHECK ("TIME_" IS NOT NULL) NOT DEFERRABLE INITIALLY IMMEDIATE NORELY VALIDATE;

-- ----------------------------
-- Primary Key structure for table ACT_HI_DETAIL
-- ----------------------------
ALTER TABLE "ACT_HI_DETAIL" ADD CONSTRAINT "SYS_C0013331" PRIMARY KEY ("ID_");

-- ----------------------------
-- Checks structure for table ACT_HI_DETAIL
-- ----------------------------
ALTER TABLE "ACT_HI_DETAIL" ADD CONSTRAINT "SYS_C0013327" CHECK ("ID_" IS NOT NULL) NOT DEFERRABLE INITIALLY IMMEDIATE NORELY VALIDATE;
ALTER TABLE "ACT_HI_DETAIL" ADD CONSTRAINT "SYS_C0013328" CHECK ("TYPE_" IS NOT NULL) NOT DEFERRABLE INITIALLY IMMEDIATE NORELY VALIDATE;
ALTER TABLE "ACT_HI_DETAIL" ADD CONSTRAINT "SYS_C0013329" CHECK ("NAME_" IS NOT NULL) NOT DEFERRABLE INITIALLY IMMEDIATE NORELY VALIDATE;
ALTER TABLE "ACT_HI_DETAIL" ADD CONSTRAINT "SYS_C0013330" CHECK ("TIME_" IS NOT NULL) NOT DEFERRABLE INITIALLY IMMEDIATE NORELY VALIDATE;

-- ----------------------------
-- Indexes structure for table ACT_HI_DETAIL
-- ----------------------------
CREATE INDEX "ACT_IDX_HI_DETAIL_ACT_INST"
  ON "ACT_HI_DETAIL" ("ACT_INST_ID_" ASC)
  LOGGING
  VISIBLE
PCTFREE 10
INITRANS 2
STORAGE (
  INITIAL 65536 
  NEXT 1048576 
  MINEXTENTS 1
  MAXEXTENTS 2147483645
  BUFFER_POOL DEFAULT
  FLASH_CACHE DEFAULT
)
   USABLE;
CREATE INDEX "ACT_IDX_HI_DETAIL_NAME"
  ON "ACT_HI_DETAIL" ("NAME_" ASC)
  LOGGING
  VISIBLE
PCTFREE 10
INITRANS 2
STORAGE (
  INITIAL 65536 
  NEXT 1048576 
  MINEXTENTS 1
  MAXEXTENTS 2147483645
  BUFFER_POOL DEFAULT
  FLASH_CACHE DEFAULT
)
   USABLE;
CREATE INDEX "ACT_IDX_HI_DETAIL_PROC_INST"
  ON "ACT_HI_DETAIL" ("PROC_INST_ID_" ASC)
  LOGGING
  VISIBLE
PCTFREE 10
INITRANS 2
STORAGE (
  INITIAL 65536 
  NEXT 1048576 
  MINEXTENTS 1
  MAXEXTENTS 2147483645
  BUFFER_POOL DEFAULT
  FLASH_CACHE DEFAULT
)
   USABLE;
CREATE INDEX "ACT_IDX_HI_DETAIL_TASK_ID"
  ON "ACT_HI_DETAIL" ("TASK_ID_" ASC)
  LOGGING
  VISIBLE
PCTFREE 10
INITRANS 2
STORAGE (
  INITIAL 65536 
  NEXT 1048576 
  MINEXTENTS 1
  MAXEXTENTS 2147483645
  BUFFER_POOL DEFAULT
  FLASH_CACHE DEFAULT
)
   USABLE;
CREATE INDEX "ACT_IDX_HI_DETAIL_TIME"
  ON "ACT_HI_DETAIL" ("TIME_" ASC)
  LOGGING
  VISIBLE
PCTFREE 10
INITRANS 2
STORAGE (
  INITIAL 65536 
  NEXT 1048576 
  MINEXTENTS 1
  MAXEXTENTS 2147483645
  BUFFER_POOL DEFAULT
  FLASH_CACHE DEFAULT
)
   USABLE;

-- ----------------------------
-- Primary Key structure for table ACT_HI_IDENTITYLINK
-- ----------------------------
ALTER TABLE "ACT_HI_IDENTITYLINK" ADD CONSTRAINT "SYS_C0013337" PRIMARY KEY ("ID_");

-- ----------------------------
-- Indexes structure for table ACT_HI_IDENTITYLINK
-- ----------------------------
CREATE INDEX "ACT_IDX_HI_IDENT_LNK_PROCINST"
  ON "ACT_HI_IDENTITYLINK" ("PROC_INST_ID_" ASC)
  LOGGING
  VISIBLE
PCTFREE 10
INITRANS 2
STORAGE (
  INITIAL 65536 
  NEXT 1048576 
  MINEXTENTS 1
  MAXEXTENTS 2147483645
  BUFFER_POOL DEFAULT
  FLASH_CACHE DEFAULT
)
   USABLE;
CREATE INDEX "ACT_IDX_HI_IDENT_LNK_TASK"
  ON "ACT_HI_IDENTITYLINK" ("TASK_ID_" ASC)
  LOGGING
  VISIBLE
PCTFREE 10
INITRANS 2
STORAGE (
  INITIAL 65536 
  NEXT 1048576 
  MINEXTENTS 1
  MAXEXTENTS 2147483645
  BUFFER_POOL DEFAULT
  FLASH_CACHE DEFAULT
)
   USABLE;
CREATE INDEX "ACT_IDX_HI_IDENT_LNK_USER"
  ON "ACT_HI_IDENTITYLINK" ("USER_ID_" ASC)
  LOGGING
  VISIBLE
PCTFREE 10
INITRANS 2
STORAGE (
  INITIAL 65536 
  NEXT 1048576 
  MINEXTENTS 1
  MAXEXTENTS 2147483645
  BUFFER_POOL DEFAULT
  FLASH_CACHE DEFAULT
)
   USABLE;

-- ----------------------------
-- Primary Key structure for table ACT_HI_PROCINST
-- ----------------------------
ALTER TABLE "ACT_HI_PROCINST" ADD CONSTRAINT "SYS_C0013311" PRIMARY KEY ("ID_");

-- ----------------------------
-- Uniques structure for table ACT_HI_PROCINST
-- ----------------------------
ALTER TABLE "ACT_HI_PROCINST" ADD CONSTRAINT "SYS_C0013312" UNIQUE ("PROC_INST_ID_") NOT DEFERRABLE INITIALLY IMMEDIATE NORELY VALIDATE;

-- ----------------------------
-- Checks structure for table ACT_HI_PROCINST
-- ----------------------------
ALTER TABLE "ACT_HI_PROCINST" ADD CONSTRAINT "SYS_C0013307" CHECK ("ID_" IS NOT NULL) NOT DEFERRABLE INITIALLY IMMEDIATE NORELY VALIDATE;
ALTER TABLE "ACT_HI_PROCINST" ADD CONSTRAINT "SYS_C0013308" CHECK ("PROC_INST_ID_" IS NOT NULL) NOT DEFERRABLE INITIALLY IMMEDIATE NORELY VALIDATE;
ALTER TABLE "ACT_HI_PROCINST" ADD CONSTRAINT "SYS_C0013309" CHECK ("PROC_DEF_ID_" IS NOT NULL) NOT DEFERRABLE INITIALLY IMMEDIATE NORELY VALIDATE;
ALTER TABLE "ACT_HI_PROCINST" ADD CONSTRAINT "SYS_C0013310" CHECK ("START_TIME_" IS NOT NULL) NOT DEFERRABLE INITIALLY IMMEDIATE NORELY VALIDATE;

-- ----------------------------
-- Indexes structure for table ACT_HI_PROCINST
-- ----------------------------
CREATE INDEX "ACT_IDX_HI_PRO_INST_END"
  ON "ACT_HI_PROCINST" ("END_TIME_" ASC)
  LOGGING
  VISIBLE
PCTFREE 10
INITRANS 2
STORAGE (
  INITIAL 65536 
  NEXT 1048576 
  MINEXTENTS 1
  MAXEXTENTS 2147483645
  BUFFER_POOL DEFAULT
  FLASH_CACHE DEFAULT
)
   USABLE;
CREATE INDEX "ACT_IDX_HI_PRO_I_BUSKEY"
  ON "ACT_HI_PROCINST" ("BUSINESS_KEY_" ASC)
  LOGGING
  VISIBLE
PCTFREE 10
INITRANS 2
STORAGE (
  INITIAL 65536 
  NEXT 1048576 
  MINEXTENTS 1
  MAXEXTENTS 2147483645
  BUFFER_POOL DEFAULT
  FLASH_CACHE DEFAULT
)
   USABLE;

-- ----------------------------
-- Primary Key structure for table ACT_HI_TASKINST
-- ----------------------------
ALTER TABLE "ACT_HI_TASKINST" ADD CONSTRAINT "SYS_C0013323" PRIMARY KEY ("ID_");

-- ----------------------------
-- Checks structure for table ACT_HI_TASKINST
-- ----------------------------
ALTER TABLE "ACT_HI_TASKINST" ADD CONSTRAINT "SYS_C0013321" CHECK ("ID_" IS NOT NULL) NOT DEFERRABLE INITIALLY IMMEDIATE NORELY VALIDATE;
ALTER TABLE "ACT_HI_TASKINST" ADD CONSTRAINT "SYS_C0013322" CHECK ("START_TIME_" IS NOT NULL) NOT DEFERRABLE INITIALLY IMMEDIATE NORELY VALIDATE;

-- ----------------------------
-- Indexes structure for table ACT_HI_TASKINST
-- ----------------------------
CREATE INDEX "ACT_IDX_HI_TASK_INST_PROCINST"
  ON "ACT_HI_TASKINST" ("PROC_INST_ID_" ASC)
  LOGGING
  VISIBLE
PCTFREE 10
INITRANS 2
STORAGE (
  INITIAL 65536 
  NEXT 1048576 
  MINEXTENTS 1
  MAXEXTENTS 2147483645
  BUFFER_POOL DEFAULT
  FLASH_CACHE DEFAULT
)
   USABLE;

-- ----------------------------
-- Primary Key structure for table ACT_HI_VARINST
-- ----------------------------
ALTER TABLE "ACT_HI_VARINST" ADD CONSTRAINT "SYS_C0013326" PRIMARY KEY ("ID_");

-- ----------------------------
-- Checks structure for table ACT_HI_VARINST
-- ----------------------------
ALTER TABLE "ACT_HI_VARINST" ADD CONSTRAINT "SYS_C0013324" CHECK ("ID_" IS NOT NULL) NOT DEFERRABLE INITIALLY IMMEDIATE NORELY VALIDATE;
ALTER TABLE "ACT_HI_VARINST" ADD CONSTRAINT "SYS_C0013325" CHECK ("NAME_" IS NOT NULL) NOT DEFERRABLE INITIALLY IMMEDIATE NORELY VALIDATE;

-- ----------------------------
-- Indexes structure for table ACT_HI_VARINST
-- ----------------------------
CREATE INDEX "ACT_IDX_HI_PROCVAR_NAME_TYPE"
  ON "ACT_HI_VARINST" ("NAME_" ASC, "VAR_TYPE_" ASC)
  LOGGING
  VISIBLE
PCTFREE 10
INITRANS 2
STORAGE (
  INITIAL 65536 
  NEXT 1048576 
  MINEXTENTS 1
  MAXEXTENTS 2147483645
  BUFFER_POOL DEFAULT
  FLASH_CACHE DEFAULT
)
   USABLE;
CREATE INDEX "ACT_IDX_HI_PROCVAR_PROC_INST"
  ON "ACT_HI_VARINST" ("PROC_INST_ID_" ASC)
  LOGGING
  VISIBLE
PCTFREE 10
INITRANS 2
STORAGE (
  INITIAL 65536 
  NEXT 1048576 
  MINEXTENTS 1
  MAXEXTENTS 2147483645
  BUFFER_POOL DEFAULT
  FLASH_CACHE DEFAULT
)
   USABLE;
CREATE INDEX "ACT_IDX_HI_PROCVAR_TASK_ID"
  ON "ACT_HI_VARINST" ("TASK_ID_" ASC)
  LOGGING
  VISIBLE
PCTFREE 10
INITRANS 2
STORAGE (
  INITIAL 65536 
  NEXT 1048576 
  MINEXTENTS 1
  MAXEXTENTS 2147483645
  BUFFER_POOL DEFAULT
  FLASH_CACHE DEFAULT
)
   USABLE;

-- ----------------------------
-- Primary Key structure for table ACT_ID_GROUP
-- ----------------------------
ALTER TABLE "ACT_ID_GROUP" ADD CONSTRAINT "SYS_C0013338" PRIMARY KEY ("ID_");

-- ----------------------------
-- Primary Key structure for table ACT_ID_INFO
-- ----------------------------
ALTER TABLE "ACT_ID_INFO" ADD CONSTRAINT "SYS_C0013341" PRIMARY KEY ("ID_");

-- ----------------------------
-- Primary Key structure for table ACT_ID_MEMBERSHIP
-- ----------------------------
ALTER TABLE "ACT_ID_MEMBERSHIP" ADD CONSTRAINT "SYS_C0013339" PRIMARY KEY ("USER_ID_", "GROUP_ID_");

-- ----------------------------
-- Indexes structure for table ACT_ID_MEMBERSHIP
-- ----------------------------
CREATE INDEX "ACT_IDX_MEMB_GROUP"
  ON "ACT_ID_MEMBERSHIP" ("GROUP_ID_" ASC)
  LOGGING
  VISIBLE
PCTFREE 10
INITRANS 2
STORAGE (
  BUFFER_POOL DEFAULT
  FLASH_CACHE DEFAULT
)
   USABLE;
CREATE INDEX "ACT_IDX_MEMB_USER"
  ON "ACT_ID_MEMBERSHIP" ("USER_ID_" ASC)
  LOGGING
  VISIBLE
PCTFREE 10
INITRANS 2
STORAGE (
  BUFFER_POOL DEFAULT
  FLASH_CACHE DEFAULT
)
   USABLE;

-- ----------------------------
-- Primary Key structure for table ACT_ID_USER
-- ----------------------------
ALTER TABLE "ACT_ID_USER" ADD CONSTRAINT "SYS_C0013340" PRIMARY KEY ("ID_");

-- ----------------------------
-- Primary Key structure for table ACT_PROCDEF_INFO
-- ----------------------------
ALTER TABLE "ACT_PROCDEF_INFO" ADD CONSTRAINT "SYS_C0013283" PRIMARY KEY ("ID_");

-- ----------------------------
-- Uniques structure for table ACT_PROCDEF_INFO
-- ----------------------------
ALTER TABLE "ACT_PROCDEF_INFO" ADD CONSTRAINT "ACT_UNIQ_INFO_PROCDEF" UNIQUE ("PROC_DEF_ID_") NOT DEFERRABLE INITIALLY IMMEDIATE NORELY VALIDATE;

-- ----------------------------
-- Checks structure for table ACT_PROCDEF_INFO
-- ----------------------------
ALTER TABLE "ACT_PROCDEF_INFO" ADD CONSTRAINT "SYS_C0013281" CHECK ("ID_" IS NOT NULL) NOT DEFERRABLE INITIALLY IMMEDIATE NORELY VALIDATE;
ALTER TABLE "ACT_PROCDEF_INFO" ADD CONSTRAINT "SYS_C0013282" CHECK ("PROC_DEF_ID_" IS NOT NULL) NOT DEFERRABLE INITIALLY IMMEDIATE NORELY VALIDATE;

-- ----------------------------
-- Indexes structure for table ACT_PROCDEF_INFO
-- ----------------------------
CREATE INDEX "ACT_IDX_PROCDEF_INFO_JSON"
  ON "ACT_PROCDEF_INFO" ("INFO_JSON_ID_" ASC)
  LOGGING
  VISIBLE
PCTFREE 10
INITRANS 2
STORAGE (
  BUFFER_POOL DEFAULT
  FLASH_CACHE DEFAULT
)
   USABLE;
CREATE INDEX "ACT_IDX_PROCDEF_INFO_PROC"
  ON "ACT_PROCDEF_INFO" ("PROC_DEF_ID_" ASC)
  LOGGING
  VISIBLE
PCTFREE 10
INITRANS 2
STORAGE (
  BUFFER_POOL DEFAULT
  FLASH_CACHE DEFAULT
)
   USABLE;

-- ----------------------------
-- Primary Key structure for table ACT_RE_DEPLOYMENT
-- ----------------------------
ALTER TABLE "ACT_RE_DEPLOYMENT" ADD CONSTRAINT "SYS_C0013251" PRIMARY KEY ("ID_");

-- ----------------------------
-- Primary Key structure for table ACT_RE_MODEL
-- ----------------------------
ALTER TABLE "ACT_RE_MODEL" ADD CONSTRAINT "SYS_C0013253" PRIMARY KEY ("ID_");

-- ----------------------------
-- Checks structure for table ACT_RE_MODEL
-- ----------------------------
ALTER TABLE "ACT_RE_MODEL" ADD CONSTRAINT "SYS_C0013252" CHECK ("ID_" IS NOT NULL) NOT DEFERRABLE INITIALLY IMMEDIATE NORELY VALIDATE;

-- ----------------------------
-- Indexes structure for table ACT_RE_MODEL
-- ----------------------------
CREATE INDEX "ACT_IDX_MODEL_DEPLOYMENT"
  ON "ACT_RE_MODEL" ("DEPLOYMENT_ID_" ASC)
  LOGGING
  VISIBLE
PCTFREE 10
INITRANS 2
STORAGE (
  INITIAL 65536 
  NEXT 1048576 
  MINEXTENTS 1
  MAXEXTENTS 2147483645
  BUFFER_POOL DEFAULT
  FLASH_CACHE DEFAULT
)
   USABLE;
CREATE INDEX "ACT_IDX_MODEL_SOURCE"
  ON "ACT_RE_MODEL" ("EDITOR_SOURCE_VALUE_ID_" ASC)
  LOGGING
  VISIBLE
PCTFREE 10
INITRANS 2
STORAGE (
  INITIAL 65536 
  NEXT 1048576 
  MINEXTENTS 1
  MAXEXTENTS 2147483645
  BUFFER_POOL DEFAULT
  FLASH_CACHE DEFAULT
)
   USABLE;
CREATE INDEX "ACT_IDX_MODEL_SOURCE_EXTRA"
  ON "ACT_RE_MODEL" ("EDITOR_SOURCE_EXTRA_VALUE_ID_" ASC)
  LOGGING
  VISIBLE
PCTFREE 10
INITRANS 2
STORAGE (
  INITIAL 65536 
  NEXT 1048576 
  MINEXTENTS 1
  MAXEXTENTS 2147483645
  BUFFER_POOL DEFAULT
  FLASH_CACHE DEFAULT
)
   USABLE;

-- ----------------------------
-- Primary Key structure for table ACT_RE_PROCDEF
-- ----------------------------
ALTER TABLE "ACT_RE_PROCDEF" ADD CONSTRAINT "SYS_C0013268" PRIMARY KEY ("ID_");

-- ----------------------------
-- Uniques structure for table ACT_RE_PROCDEF
-- ----------------------------
ALTER TABLE "ACT_RE_PROCDEF" ADD CONSTRAINT "ACT_UNIQ_PROCDEF" UNIQUE ("KEY_", "VERSION_", "TENANT_ID_") NOT DEFERRABLE INITIALLY IMMEDIATE NORELY VALIDATE;

-- ----------------------------
-- Checks structure for table ACT_RE_PROCDEF
-- ----------------------------
ALTER TABLE "ACT_RE_PROCDEF" ADD CONSTRAINT "SYS_C0013263" CHECK ("ID_" IS NOT NULL) NOT DEFERRABLE INITIALLY IMMEDIATE NORELY VALIDATE;
ALTER TABLE "ACT_RE_PROCDEF" ADD CONSTRAINT "SYS_C0013264" CHECK ("KEY_" IS NOT NULL) NOT DEFERRABLE INITIALLY IMMEDIATE NORELY VALIDATE;
ALTER TABLE "ACT_RE_PROCDEF" ADD CONSTRAINT "SYS_C0013265" CHECK ("VERSION_" IS NOT NULL) NOT DEFERRABLE INITIALLY IMMEDIATE NORELY VALIDATE;
ALTER TABLE "ACT_RE_PROCDEF" ADD CONSTRAINT "SYS_C0013266" CHECK (HAS_START_FORM_KEY_ IN (1,0)) NOT DEFERRABLE INITIALLY IMMEDIATE NORELY VALIDATE;
ALTER TABLE "ACT_RE_PROCDEF" ADD CONSTRAINT "SYS_C0013267" CHECK (HAS_GRAPHICAL_NOTATION_ IN (1,0)) NOT DEFERRABLE INITIALLY IMMEDIATE NORELY VALIDATE;

-- ----------------------------
-- Primary Key structure for table ACT_RU_EVENT_SUBSCR
-- ----------------------------
ALTER TABLE "ACT_RU_EVENT_SUBSCR" ADD CONSTRAINT "SYS_C0013278" PRIMARY KEY ("ID_");

-- ----------------------------
-- Checks structure for table ACT_RU_EVENT_SUBSCR
-- ----------------------------
ALTER TABLE "ACT_RU_EVENT_SUBSCR" ADD CONSTRAINT "SYS_C0013275" CHECK ("ID_" IS NOT NULL) NOT DEFERRABLE INITIALLY IMMEDIATE NORELY VALIDATE;
ALTER TABLE "ACT_RU_EVENT_SUBSCR" ADD CONSTRAINT "SYS_C0013276" CHECK ("EVENT_TYPE_" IS NOT NULL) NOT DEFERRABLE INITIALLY IMMEDIATE NORELY VALIDATE;
ALTER TABLE "ACT_RU_EVENT_SUBSCR" ADD CONSTRAINT "SYS_C0013277" CHECK ("CREATED_" IS NOT NULL) NOT DEFERRABLE INITIALLY IMMEDIATE NORELY VALIDATE;

-- ----------------------------
-- Indexes structure for table ACT_RU_EVENT_SUBSCR
-- ----------------------------
CREATE INDEX "ACT_IDX_EVENT_SUBSCR"
  ON "ACT_RU_EVENT_SUBSCR" ("EXECUTION_ID_" ASC)
  LOGGING
  VISIBLE
PCTFREE 10
INITRANS 2
STORAGE (
  BUFFER_POOL DEFAULT
  FLASH_CACHE DEFAULT
)
   USABLE;
CREATE INDEX "ACT_IDX_EVENT_SUBSCR_CONFIG_"
  ON "ACT_RU_EVENT_SUBSCR" ("CONFIGURATION_" ASC)
  LOGGING
  VISIBLE
PCTFREE 10
INITRANS 2
STORAGE (
  BUFFER_POOL DEFAULT
  FLASH_CACHE DEFAULT
)
   USABLE;

-- ----------------------------
-- Primary Key structure for table ACT_RU_EXECUTION
-- ----------------------------
ALTER TABLE "ACT_RU_EXECUTION" ADD CONSTRAINT "SYS_C0013258" PRIMARY KEY ("ID_");

-- ----------------------------
-- Checks structure for table ACT_RU_EXECUTION
-- ----------------------------
ALTER TABLE "ACT_RU_EXECUTION" ADD CONSTRAINT "SYS_C0013254" CHECK (IS_ACTIVE_ IN (1,0)) NOT DEFERRABLE INITIALLY IMMEDIATE NORELY VALIDATE;
ALTER TABLE "ACT_RU_EXECUTION" ADD CONSTRAINT "SYS_C0013255" CHECK (IS_CONCURRENT_ IN (1,0)) NOT DEFERRABLE INITIALLY IMMEDIATE NORELY VALIDATE;
ALTER TABLE "ACT_RU_EXECUTION" ADD CONSTRAINT "SYS_C0013256" CHECK (IS_SCOPE_ IN (1,0)) NOT DEFERRABLE INITIALLY IMMEDIATE NORELY VALIDATE;
ALTER TABLE "ACT_RU_EXECUTION" ADD CONSTRAINT "SYS_C0013257" CHECK (IS_EVENT_SCOPE_ IN (1,0)) NOT DEFERRABLE INITIALLY IMMEDIATE NORELY VALIDATE;

-- ----------------------------
-- Indexes structure for table ACT_RU_EXECUTION
-- ----------------------------
CREATE INDEX "ACT_IDX_EXEC_BUSKEY"
  ON "ACT_RU_EXECUTION" ("BUSINESS_KEY_" ASC)
  LOGGING
  VISIBLE
PCTFREE 10
INITRANS 2
STORAGE (
  INITIAL 65536 
  NEXT 1048576 
  MINEXTENTS 1
  MAXEXTENTS 2147483645
  BUFFER_POOL DEFAULT
  FLASH_CACHE DEFAULT
)
   USABLE;
CREATE INDEX "ACT_IDX_EXE_PARENT"
  ON "ACT_RU_EXECUTION" ("PARENT_ID_" ASC)
  LOGGING
  VISIBLE
PCTFREE 10
INITRANS 2
STORAGE (
  INITIAL 65536 
  NEXT 1048576 
  MINEXTENTS 1
  MAXEXTENTS 2147483645
  BUFFER_POOL DEFAULT
  FLASH_CACHE DEFAULT
)
   USABLE;
CREATE INDEX "ACT_IDX_EXE_PROCDEF"
  ON "ACT_RU_EXECUTION" ("PROC_DEF_ID_" ASC)
  LOGGING
  VISIBLE
PCTFREE 10
INITRANS 2
STORAGE (
  INITIAL 65536 
  NEXT 1048576 
  MINEXTENTS 1
  MAXEXTENTS 2147483645
  BUFFER_POOL DEFAULT
  FLASH_CACHE DEFAULT
)
   USABLE;
CREATE INDEX "ACT_IDX_EXE_PROCINST"
  ON "ACT_RU_EXECUTION" ("PROC_INST_ID_" ASC)
  LOGGING
  VISIBLE
PCTFREE 10
INITRANS 2
STORAGE (
  INITIAL 65536 
  NEXT 1048576 
  MINEXTENTS 1
  MAXEXTENTS 2147483645
  BUFFER_POOL DEFAULT
  FLASH_CACHE DEFAULT
)
   USABLE;
CREATE INDEX "ACT_IDX_EXE_SUPER"
  ON "ACT_RU_EXECUTION" ("SUPER_EXEC_" ASC)
  LOGGING
  VISIBLE
PCTFREE 10
INITRANS 2
STORAGE (
  INITIAL 65536 
  NEXT 1048576 
  MINEXTENTS 1
  MAXEXTENTS 2147483645
  BUFFER_POOL DEFAULT
  FLASH_CACHE DEFAULT
)
   USABLE;

-- ----------------------------
-- Primary Key structure for table ACT_RU_IDENTITYLINK
-- ----------------------------
ALTER TABLE "ACT_RU_IDENTITYLINK" ADD CONSTRAINT "SYS_C0013270" PRIMARY KEY ("ID_");

-- ----------------------------
-- Indexes structure for table ACT_RU_IDENTITYLINK
-- ----------------------------
CREATE INDEX "ACT_IDX_ATHRZ_PROCEDEF"
  ON "ACT_RU_IDENTITYLINK" ("PROC_DEF_ID_" ASC)
  LOGGING
  VISIBLE
PCTFREE 10
INITRANS 2
STORAGE (
  INITIAL 65536 
  NEXT 1048576 
  MINEXTENTS 1
  MAXEXTENTS 2147483645
  BUFFER_POOL DEFAULT
  FLASH_CACHE DEFAULT
)
   USABLE;
CREATE INDEX "ACT_IDX_IDENT_LNK_GROUP"
  ON "ACT_RU_IDENTITYLINK" ("GROUP_ID_" ASC)
  LOGGING
  VISIBLE
PCTFREE 10
INITRANS 2
STORAGE (
  INITIAL 65536 
  NEXT 1048576 
  MINEXTENTS 1
  MAXEXTENTS 2147483645
  BUFFER_POOL DEFAULT
  FLASH_CACHE DEFAULT
)
   USABLE;
CREATE INDEX "ACT_IDX_IDENT_LNK_USER"
  ON "ACT_RU_IDENTITYLINK" ("USER_ID_" ASC)
  LOGGING
  VISIBLE
PCTFREE 10
INITRANS 2
STORAGE (
  INITIAL 65536 
  NEXT 1048576 
  MINEXTENTS 1
  MAXEXTENTS 2147483645
  BUFFER_POOL DEFAULT
  FLASH_CACHE DEFAULT
)
   USABLE;
CREATE INDEX "ACT_IDX_IDL_PROCINST"
  ON "ACT_RU_IDENTITYLINK" ("PROC_INST_ID_" ASC)
  LOGGING
  VISIBLE
PCTFREE 10
INITRANS 2
STORAGE (
  INITIAL 65536 
  NEXT 1048576 
  MINEXTENTS 1
  MAXEXTENTS 2147483645
  BUFFER_POOL DEFAULT
  FLASH_CACHE DEFAULT
)
   USABLE;
CREATE INDEX "ACT_IDX_TSKASS_TASK"
  ON "ACT_RU_IDENTITYLINK" ("TASK_ID_" ASC)
  LOGGING
  VISIBLE
PCTFREE 10
INITRANS 2
STORAGE (
  INITIAL 65536 
  NEXT 1048576 
  MINEXTENTS 1
  MAXEXTENTS 2147483645
  BUFFER_POOL DEFAULT
  FLASH_CACHE DEFAULT
)
   USABLE;

-- ----------------------------
-- Primary Key structure for table ACT_RU_JOB
-- ----------------------------
ALTER TABLE "ACT_RU_JOB" ADD CONSTRAINT "SYS_C0013262" PRIMARY KEY ("ID_");

-- ----------------------------
-- Checks structure for table ACT_RU_JOB
-- ----------------------------
ALTER TABLE "ACT_RU_JOB" ADD CONSTRAINT "SYS_C0013259" CHECK ("ID_" IS NOT NULL) NOT DEFERRABLE INITIALLY IMMEDIATE NORELY VALIDATE;
ALTER TABLE "ACT_RU_JOB" ADD CONSTRAINT "SYS_C0013260" CHECK ("TYPE_" IS NOT NULL) NOT DEFERRABLE INITIALLY IMMEDIATE NORELY VALIDATE;
ALTER TABLE "ACT_RU_JOB" ADD CONSTRAINT "SYS_C0013261" CHECK (EXCLUSIVE_ IN (1,0)) NOT DEFERRABLE INITIALLY IMMEDIATE NORELY VALIDATE;

-- ----------------------------
-- Indexes structure for table ACT_RU_JOB
-- ----------------------------
CREATE INDEX "ACT_IDX_JOB_EXCEPTION"
  ON "ACT_RU_JOB" ("EXCEPTION_STACK_ID_" ASC)
  LOGGING
  VISIBLE
PCTFREE 10
INITRANS 2
STORAGE (
  BUFFER_POOL DEFAULT
  FLASH_CACHE DEFAULT
)
   USABLE;

-- ----------------------------
-- Primary Key structure for table ACT_RU_TASK
-- ----------------------------
ALTER TABLE "ACT_RU_TASK" ADD CONSTRAINT "SYS_C0013269" PRIMARY KEY ("ID_");

-- ----------------------------
-- Indexes structure for table ACT_RU_TASK
-- ----------------------------
CREATE INDEX "ACT_IDX_TASK_CREATE"
  ON "ACT_RU_TASK" ("CREATE_TIME_" ASC)
  LOGGING
  VISIBLE
PCTFREE 10
INITRANS 2
STORAGE (
  INITIAL 65536 
  NEXT 1048576 
  MINEXTENTS 1
  MAXEXTENTS 2147483645
  BUFFER_POOL DEFAULT
  FLASH_CACHE DEFAULT
)
   USABLE;
CREATE INDEX "ACT_IDX_TASK_EXEC"
  ON "ACT_RU_TASK" ("EXECUTION_ID_" ASC)
  LOGGING
  VISIBLE
PCTFREE 10
INITRANS 2
STORAGE (
  INITIAL 65536 
  NEXT 1048576 
  MINEXTENTS 1
  MAXEXTENTS 2147483645
  BUFFER_POOL DEFAULT
  FLASH_CACHE DEFAULT
)
   USABLE;
CREATE INDEX "ACT_IDX_TASK_PROCDEF"
  ON "ACT_RU_TASK" ("PROC_DEF_ID_" ASC)
  LOGGING
  VISIBLE
PCTFREE 10
INITRANS 2
STORAGE (
  INITIAL 65536 
  NEXT 1048576 
  MINEXTENTS 1
  MAXEXTENTS 2147483645
  BUFFER_POOL DEFAULT
  FLASH_CACHE DEFAULT
)
   USABLE;
CREATE INDEX "ACT_IDX_TASK_PROCINST"
  ON "ACT_RU_TASK" ("PROC_INST_ID_" ASC)
  LOGGING
  VISIBLE
PCTFREE 10
INITRANS 2
STORAGE (
  INITIAL 65536 
  NEXT 1048576 
  MINEXTENTS 1
  MAXEXTENTS 2147483645
  BUFFER_POOL DEFAULT
  FLASH_CACHE DEFAULT
)
   USABLE;

-- ----------------------------
-- Primary Key structure for table ACT_RU_VARIABLE
-- ----------------------------
ALTER TABLE "ACT_RU_VARIABLE" ADD CONSTRAINT "SYS_C0013274" PRIMARY KEY ("ID_");

-- ----------------------------
-- Checks structure for table ACT_RU_VARIABLE
-- ----------------------------
ALTER TABLE "ACT_RU_VARIABLE" ADD CONSTRAINT "SYS_C0013271" CHECK ("ID_" IS NOT NULL) NOT DEFERRABLE INITIALLY IMMEDIATE NORELY VALIDATE;
ALTER TABLE "ACT_RU_VARIABLE" ADD CONSTRAINT "SYS_C0013272" CHECK ("TYPE_" IS NOT NULL) NOT DEFERRABLE INITIALLY IMMEDIATE NORELY VALIDATE;
ALTER TABLE "ACT_RU_VARIABLE" ADD CONSTRAINT "SYS_C0013273" CHECK ("NAME_" IS NOT NULL) NOT DEFERRABLE INITIALLY IMMEDIATE NORELY VALIDATE;

-- ----------------------------
-- Indexes structure for table ACT_RU_VARIABLE
-- ----------------------------
CREATE INDEX "ACT_IDX_VARIABLE_TASK_ID"
  ON "ACT_RU_VARIABLE" ("TASK_ID_" ASC)
  LOGGING
  VISIBLE
PCTFREE 10
INITRANS 2
STORAGE (
  INITIAL 65536 
  NEXT 1048576 
  MINEXTENTS 1
  MAXEXTENTS 2147483645
  BUFFER_POOL DEFAULT
  FLASH_CACHE DEFAULT
)
   USABLE;
CREATE INDEX "ACT_IDX_VAR_BYTEARRAY"
  ON "ACT_RU_VARIABLE" ("BYTEARRAY_ID_" ASC)
  LOGGING
  VISIBLE
PCTFREE 10
INITRANS 2
STORAGE (
  INITIAL 65536 
  NEXT 1048576 
  MINEXTENTS 1
  MAXEXTENTS 2147483645
  BUFFER_POOL DEFAULT
  FLASH_CACHE DEFAULT
)
   USABLE;
CREATE INDEX "ACT_IDX_VAR_EXE"
  ON "ACT_RU_VARIABLE" ("EXECUTION_ID_" ASC)
  LOGGING
  VISIBLE
PCTFREE 10
INITRANS 2
STORAGE (
  INITIAL 65536 
  NEXT 1048576 
  MINEXTENTS 1
  MAXEXTENTS 2147483645
  BUFFER_POOL DEFAULT
  FLASH_CACHE DEFAULT
)
   USABLE;
CREATE INDEX "ACT_IDX_VAR_PROCINST"
  ON "ACT_RU_VARIABLE" ("PROC_INST_ID_" ASC)
  LOGGING
  VISIBLE
PCTFREE 10
INITRANS 2
STORAGE (
  INITIAL 65536 
  NEXT 1048576 
  MINEXTENTS 1
  MAXEXTENTS 2147483645
  BUFFER_POOL DEFAULT
  FLASH_CACHE DEFAULT
)
   USABLE;

-- ----------------------------
-- Primary Key structure for table CMS_ADVERTISING
-- ----------------------------
ALTER TABLE "CMS_ADVERTISING" ADD CONSTRAINT "SYS_C0010817" PRIMARY KEY ("ID");

-- ----------------------------
-- Checks structure for table CMS_ADVERTISING
-- ----------------------------
ALTER TABLE "CMS_ADVERTISING" ADD CONSTRAINT "SYS_C0010804" CHECK ("ID" IS NOT NULL) NOT DEFERRABLE INITIALLY IMMEDIATE NORELY VALIDATE;

-- ----------------------------
-- Primary Key structure for table CMS_ARTICLE
-- ----------------------------
ALTER TABLE "CMS_ARTICLE" ADD CONSTRAINT "SYS_C0010815" PRIMARY KEY ("ID");

-- ----------------------------
-- Checks structure for table CMS_ARTICLE
-- ----------------------------
ALTER TABLE "CMS_ARTICLE" ADD CONSTRAINT "SYS_C0010802" CHECK ("ID" IS NOT NULL) NOT DEFERRABLE INITIALLY IMMEDIATE NORELY VALIDATE;
ALTER TABLE "CMS_ARTICLE" ADD CONSTRAINT "SYS_C0010803" CHECK ("SITE_ID" IS NOT NULL) NOT DEFERRABLE INITIALLY IMMEDIATE NORELY VALIDATE;

-- ----------------------------
-- Primary Key structure for table CMS_ARTICLE_DATA
-- ----------------------------
ALTER TABLE "CMS_ARTICLE_DATA" ADD CONSTRAINT "SYS_C0010816" PRIMARY KEY ("ID");

-- ----------------------------
-- Checks structure for table CMS_ARTICLE_DATA
-- ----------------------------
ALTER TABLE "CMS_ARTICLE_DATA" ADD CONSTRAINT "SYS_C0010801" CHECK ("ID" IS NOT NULL) NOT DEFERRABLE INITIALLY IMMEDIATE NORELY VALIDATE;

-- ----------------------------
-- Primary Key structure for table CMS_COLUMN
-- ----------------------------
ALTER TABLE "CMS_COLUMN" ADD CONSTRAINT "SYS_C0010818" PRIMARY KEY ("COLUMN_ID");

-- ----------------------------
-- Checks structure for table CMS_COLUMN
-- ----------------------------
ALTER TABLE "CMS_COLUMN" ADD CONSTRAINT "SYS_C0010805" CHECK ("COLUMN_ID" IS NOT NULL) NOT DEFERRABLE INITIALLY IMMEDIATE NORELY VALIDATE;
ALTER TABLE "CMS_COLUMN" ADD CONSTRAINT "SYS_C0010806" CHECK ("SITE_ID" IS NOT NULL) NOT DEFERRABLE INITIALLY IMMEDIATE NORELY VALIDATE;
ALTER TABLE "CMS_COLUMN" ADD CONSTRAINT "SYS_C0010807" CHECK ("COLUMN_NAME" IS NOT NULL) NOT DEFERRABLE INITIALLY IMMEDIATE NORELY VALIDATE;
ALTER TABLE "CMS_COLUMN" ADD CONSTRAINT "SYS_C0010808" CHECK ("IS_SHOW" IS NOT NULL) NOT DEFERRABLE INITIALLY IMMEDIATE NORELY VALIDATE;
ALTER TABLE "CMS_COLUMN" ADD CONSTRAINT "SYS_C0010809" CHECK ("STATUS" IS NOT NULL) NOT DEFERRABLE INITIALLY IMMEDIATE NORELY VALIDATE;

-- ----------------------------
-- Checks structure for table CMS_HELP_DOC
-- ----------------------------
ALTER TABLE "CMS_HELP_DOC" ADD CONSTRAINT "SYS_C0010814" CHECK ("ID" IS NOT NULL) NOT DEFERRABLE INITIALLY IMMEDIATE NORELY VALIDATE;

-- ----------------------------
-- Primary Key structure for table CMS_SITE
-- ----------------------------
ALTER TABLE "CMS_SITE" ADD CONSTRAINT "SYS_C0010819" PRIMARY KEY ("ID");

-- ----------------------------
-- Checks structure for table CMS_SITE
-- ----------------------------
ALTER TABLE "CMS_SITE" ADD CONSTRAINT "SYS_C0010810" CHECK ("ID" IS NOT NULL) NOT DEFERRABLE INITIALLY IMMEDIATE NORELY VALIDATE;
ALTER TABLE "CMS_SITE" ADD CONSTRAINT "SYS_C0010811" CHECK ("NAME" IS NOT NULL) NOT DEFERRABLE INITIALLY IMMEDIATE NORELY VALIDATE;
ALTER TABLE "CMS_SITE" ADD CONSTRAINT "SYS_C0010812" CHECK ("TITLE" IS NOT NULL) NOT DEFERRABLE INITIALLY IMMEDIATE NORELY VALIDATE;
ALTER TABLE "CMS_SITE" ADD CONSTRAINT "SYS_C0010813" CHECK ("STATUS" IS NOT NULL) NOT DEFERRABLE INITIALLY IMMEDIATE NORELY VALIDATE;

-- ----------------------------
-- Indexes structure for table CMS_SITE
-- ----------------------------
CREATE INDEX "CMS_SITE_DEL_FLAG"
  ON "CMS_SITE" ("STATUS" ASC)
  LOGGING
  VISIBLE
PCTFREE 10
INITRANS 2
STORAGE (
  INITIAL 65536 
  NEXT 1048576 
  MINEXTENTS 1
  MAXEXTENTS 2147483645
  BUFFER_POOL DEFAULT
  FLASH_CACHE DEFAULT
)
   USABLE;

-- ----------------------------
-- Primary Key structure for table GEN_TABLE
-- ----------------------------
ALTER TABLE "GEN_TABLE" ADD CONSTRAINT "SYS_C008685" PRIMARY KEY ("TABLE_ID");

-- ----------------------------
-- Checks structure for table GEN_TABLE
-- ----------------------------
ALTER TABLE "GEN_TABLE" ADD CONSTRAINT "SYS_C008569" CHECK ("TABLE_ID" IS NOT NULL) NOT DEFERRABLE INITIALLY IMMEDIATE NORELY VALIDATE;
ALTER TABLE "GEN_TABLE" ADD CONSTRAINT "SYS_C008877" CHECK ("TABLE_ID" IS NOT NULL) NOT DEFERRABLE INITIALLY IMMEDIATE NORELY VALIDATE;

-- ----------------------------
-- Primary Key structure for table GEN_TABLE_COLUMN
-- ----------------------------
ALTER TABLE "GEN_TABLE_COLUMN" ADD CONSTRAINT "SYS_C008686" PRIMARY KEY ("COLUMN_ID");

-- ----------------------------
-- Checks structure for table GEN_TABLE_COLUMN
-- ----------------------------
ALTER TABLE "GEN_TABLE_COLUMN" ADD CONSTRAINT "SYS_C008570" CHECK ("COLUMN_ID" IS NOT NULL) NOT DEFERRABLE INITIALLY IMMEDIATE NORELY VALIDATE;
ALTER TABLE "GEN_TABLE_COLUMN" ADD CONSTRAINT "SYS_C008878" CHECK ("COLUMN_ID" IS NOT NULL) NOT DEFERRABLE INITIALLY IMMEDIATE NORELY VALIDATE;

-- ----------------------------
-- Primary Key structure for table OA_LEAVE
-- ----------------------------
ALTER TABLE "OA_LEAVE" ADD CONSTRAINT "SYS_C008688" PRIMARY KEY ("ID");

-- ----------------------------
-- Checks structure for table OA_LEAVE
-- ----------------------------
ALTER TABLE "OA_LEAVE" ADD CONSTRAINT "SYS_C008577" CHECK ("ID" IS NOT NULL) NOT DEFERRABLE INITIALLY IMMEDIATE NORELY VALIDATE;
ALTER TABLE "OA_LEAVE" ADD CONSTRAINT "SYS_C008578" CHECK ("START_TIME" IS NOT NULL) NOT DEFERRABLE INITIALLY IMMEDIATE NORELY VALIDATE;
ALTER TABLE "OA_LEAVE" ADD CONSTRAINT "SYS_C008579" CHECK ("END_TIME" IS NOT NULL) NOT DEFERRABLE INITIALLY IMMEDIATE NORELY VALIDATE;
ALTER TABLE "OA_LEAVE" ADD CONSTRAINT "SYS_C008580" CHECK ("CREATE_BY" IS NOT NULL) NOT DEFERRABLE INITIALLY IMMEDIATE NORELY VALIDATE;
ALTER TABLE "OA_LEAVE" ADD CONSTRAINT "SYS_C008581" CHECK ("CREATE_DATE" IS NOT NULL) NOT DEFERRABLE INITIALLY IMMEDIATE NORELY VALIDATE;
ALTER TABLE "OA_LEAVE" ADD CONSTRAINT "SYS_C008582" CHECK ("UPDATE_BY" IS NOT NULL) NOT DEFERRABLE INITIALLY IMMEDIATE NORELY VALIDATE;
ALTER TABLE "OA_LEAVE" ADD CONSTRAINT "SYS_C008583" CHECK ("UPDATE_DATE" IS NOT NULL) NOT DEFERRABLE INITIALLY IMMEDIATE NORELY VALIDATE;
ALTER TABLE "OA_LEAVE" ADD CONSTRAINT "SYS_C008584" CHECK ("DEL_FLAG" IS NOT NULL) NOT DEFERRABLE INITIALLY IMMEDIATE NORELY VALIDATE;
ALTER TABLE "OA_LEAVE" ADD CONSTRAINT "SYS_C008879" CHECK ("ID" IS NOT NULL) NOT DEFERRABLE INITIALLY IMMEDIATE NORELY VALIDATE;
ALTER TABLE "OA_LEAVE" ADD CONSTRAINT "SYS_C008880" CHECK ("START_TIME" IS NOT NULL) NOT DEFERRABLE INITIALLY IMMEDIATE NORELY VALIDATE;
ALTER TABLE "OA_LEAVE" ADD CONSTRAINT "SYS_C008881" CHECK ("END_TIME" IS NOT NULL) NOT DEFERRABLE INITIALLY IMMEDIATE NORELY VALIDATE;
ALTER TABLE "OA_LEAVE" ADD CONSTRAINT "SYS_C008882" CHECK ("CREATE_BY" IS NOT NULL) NOT DEFERRABLE INITIALLY IMMEDIATE NORELY VALIDATE;
ALTER TABLE "OA_LEAVE" ADD CONSTRAINT "SYS_C008883" CHECK ("CREATE_DATE" IS NOT NULL) NOT DEFERRABLE INITIALLY IMMEDIATE NORELY VALIDATE;
ALTER TABLE "OA_LEAVE" ADD CONSTRAINT "SYS_C008884" CHECK ("UPDATE_BY" IS NOT NULL) NOT DEFERRABLE INITIALLY IMMEDIATE NORELY VALIDATE;
ALTER TABLE "OA_LEAVE" ADD CONSTRAINT "SYS_C008885" CHECK ("UPDATE_DATE" IS NOT NULL) NOT DEFERRABLE INITIALLY IMMEDIATE NORELY VALIDATE;
ALTER TABLE "OA_LEAVE" ADD CONSTRAINT "SYS_C008886" CHECK ("DEL_FLAG" IS NOT NULL) NOT DEFERRABLE INITIALLY IMMEDIATE NORELY VALIDATE;

-- ----------------------------
-- Indexes structure for table OA_LEAVE
-- ----------------------------
CREATE INDEX "OA_LEAVE_DEL_FLAG"
  ON "OA_LEAVE" ("DEL_FLAG" ASC)
  LOGGING
  VISIBLE
PCTFREE 10
INITRANS 2
STORAGE (
  INITIAL 65536 
  NEXT 1048576 
  MINEXTENTS 1
  MAXEXTENTS 2147483645
  BUFFER_POOL DEFAULT
  FLASH_CACHE DEFAULT
)
   USABLE;

-- ----------------------------
-- Primary Key structure for table OA_NOTIFY
-- ----------------------------
ALTER TABLE "OA_NOTIFY" ADD CONSTRAINT "SYS_C008687" PRIMARY KEY ("ID");

-- ----------------------------
-- Checks structure for table OA_NOTIFY
-- ----------------------------
ALTER TABLE "OA_NOTIFY" ADD CONSTRAINT "SYS_C008571" CHECK ("ID" IS NOT NULL) NOT DEFERRABLE INITIALLY IMMEDIATE NORELY VALIDATE;
ALTER TABLE "OA_NOTIFY" ADD CONSTRAINT "SYS_C008572" CHECK ("CREATE_BY" IS NOT NULL) NOT DEFERRABLE INITIALLY IMMEDIATE NORELY VALIDATE;
ALTER TABLE "OA_NOTIFY" ADD CONSTRAINT "SYS_C008573" CHECK ("CREATE_TIME" IS NOT NULL) NOT DEFERRABLE INITIALLY IMMEDIATE NORELY VALIDATE;
ALTER TABLE "OA_NOTIFY" ADD CONSTRAINT "SYS_C008574" CHECK ("UPDATE_BY" IS NOT NULL) NOT DEFERRABLE INITIALLY IMMEDIATE NORELY VALIDATE;
ALTER TABLE "OA_NOTIFY" ADD CONSTRAINT "SYS_C008575" CHECK ("UPDATE_TIME" IS NOT NULL) NOT DEFERRABLE INITIALLY IMMEDIATE NORELY VALIDATE;
ALTER TABLE "OA_NOTIFY" ADD CONSTRAINT "SYS_C008576" CHECK ("DEL_FLAG" IS NOT NULL) NOT DEFERRABLE INITIALLY IMMEDIATE NORELY VALIDATE;
ALTER TABLE "OA_NOTIFY" ADD CONSTRAINT "SYS_C008887" CHECK ("ID" IS NOT NULL) NOT DEFERRABLE INITIALLY IMMEDIATE NORELY VALIDATE;
ALTER TABLE "OA_NOTIFY" ADD CONSTRAINT "SYS_C008888" CHECK ("CREATE_BY" IS NOT NULL) NOT DEFERRABLE INITIALLY IMMEDIATE NORELY VALIDATE;
ALTER TABLE "OA_NOTIFY" ADD CONSTRAINT "SYS_C008889" CHECK ("CREATE_TIME" IS NOT NULL) NOT DEFERRABLE INITIALLY IMMEDIATE NORELY VALIDATE;
ALTER TABLE "OA_NOTIFY" ADD CONSTRAINT "SYS_C008890" CHECK ("UPDATE_BY" IS NOT NULL) NOT DEFERRABLE INITIALLY IMMEDIATE NORELY VALIDATE;
ALTER TABLE "OA_NOTIFY" ADD CONSTRAINT "SYS_C008891" CHECK ("UPDATE_TIME" IS NOT NULL) NOT DEFERRABLE INITIALLY IMMEDIATE NORELY VALIDATE;
ALTER TABLE "OA_NOTIFY" ADD CONSTRAINT "SYS_C008892" CHECK ("DEL_FLAG" IS NOT NULL) NOT DEFERRABLE INITIALLY IMMEDIATE NORELY VALIDATE;

-- ----------------------------
-- Indexes structure for table OA_NOTIFY
-- ----------------------------
CREATE INDEX "OA_NOTIFY_DEL_FLAG"
  ON "OA_NOTIFY" ("DEL_FLAG" ASC)
  LOGGING
  VISIBLE
PCTFREE 10
INITRANS 2
STORAGE (
  INITIAL 65536 
  NEXT 1048576 
  MINEXTENTS 1
  MAXEXTENTS 2147483645
  BUFFER_POOL DEFAULT
  FLASH_CACHE DEFAULT
)
   USABLE;

-- ----------------------------
-- Primary Key structure for table OA_NOTIFY_RECORD
-- ----------------------------
ALTER TABLE "OA_NOTIFY_RECORD" ADD CONSTRAINT "SYS_C008689" PRIMARY KEY ("ID");

-- ----------------------------
-- Checks structure for table OA_NOTIFY_RECORD
-- ----------------------------
ALTER TABLE "OA_NOTIFY_RECORD" ADD CONSTRAINT "SYS_C008585" CHECK ("ID" IS NOT NULL) NOT DEFERRABLE INITIALLY IMMEDIATE NORELY VALIDATE;
ALTER TABLE "OA_NOTIFY_RECORD" ADD CONSTRAINT "SYS_C008893" CHECK ("ID" IS NOT NULL) NOT DEFERRABLE INITIALLY IMMEDIATE NORELY VALIDATE;

-- ----------------------------
-- Indexes structure for table OA_NOTIFY_RECORD
-- ----------------------------
CREATE INDEX "OA_NOTIFY_RECORD_NOTIFY_ID"
  ON "OA_NOTIFY_RECORD" ("NOTIFY_ID" ASC)
  LOGGING
  VISIBLE
PCTFREE 10
INITRANS 2
STORAGE (
  INITIAL 65536 
  NEXT 1048576 
  MINEXTENTS 1
  MAXEXTENTS 2147483645
  BUFFER_POOL DEFAULT
  FLASH_CACHE DEFAULT
)
   USABLE;
CREATE INDEX "OA_NOTIFY_RECORD_READ_FLAG"
  ON "OA_NOTIFY_RECORD" ("READ_FLAG" ASC)
  LOGGING
  VISIBLE
PCTFREE 10
INITRANS 2
STORAGE (
  INITIAL 65536 
  NEXT 1048576 
  MINEXTENTS 1
  MAXEXTENTS 2147483645
  BUFFER_POOL DEFAULT
  FLASH_CACHE DEFAULT
)
   USABLE;
CREATE INDEX "OA_NOTIFY_RECORD_USER_ID"
  ON "OA_NOTIFY_RECORD" ("USER_ID" ASC)
  LOGGING
  VISIBLE
PCTFREE 10
INITRANS 2
STORAGE (
  INITIAL 65536 
  NEXT 1048576 
  MINEXTENTS 1
  MAXEXTENTS 2147483645
  BUFFER_POOL DEFAULT
  FLASH_CACHE DEFAULT
)
   USABLE;

-- ----------------------------
-- Primary Key structure for table QRTZ_BLOB_TRIGGERS
-- ----------------------------
ALTER TABLE "QRTZ_BLOB_TRIGGERS" ADD CONSTRAINT "SYS_C008690" PRIMARY KEY ("SCHED_NAME", "TRIGGER_NAME", "TRIGGER_GROUP");

-- ----------------------------
-- Checks structure for table QRTZ_BLOB_TRIGGERS
-- ----------------------------
ALTER TABLE "QRTZ_BLOB_TRIGGERS" ADD CONSTRAINT "SYS_C008586" CHECK ("SCHED_NAME" IS NOT NULL) NOT DEFERRABLE INITIALLY IMMEDIATE NORELY VALIDATE;
ALTER TABLE "QRTZ_BLOB_TRIGGERS" ADD CONSTRAINT "SYS_C008587" CHECK ("TRIGGER_NAME" IS NOT NULL) NOT DEFERRABLE INITIALLY IMMEDIATE NORELY VALIDATE;
ALTER TABLE "QRTZ_BLOB_TRIGGERS" ADD CONSTRAINT "SYS_C008588" CHECK ("TRIGGER_GROUP" IS NOT NULL) NOT DEFERRABLE INITIALLY IMMEDIATE NORELY VALIDATE;
ALTER TABLE "QRTZ_BLOB_TRIGGERS" ADD CONSTRAINT "SYS_C008894" CHECK ("SCHED_NAME" IS NOT NULL) NOT DEFERRABLE INITIALLY IMMEDIATE NORELY VALIDATE;
ALTER TABLE "QRTZ_BLOB_TRIGGERS" ADD CONSTRAINT "SYS_C008895" CHECK ("TRIGGER_NAME" IS NOT NULL) NOT DEFERRABLE INITIALLY IMMEDIATE NORELY VALIDATE;
ALTER TABLE "QRTZ_BLOB_TRIGGERS" ADD CONSTRAINT "SYS_C008896" CHECK ("TRIGGER_GROUP" IS NOT NULL) NOT DEFERRABLE INITIALLY IMMEDIATE NORELY VALIDATE;

-- ----------------------------
-- Primary Key structure for table QRTZ_CALENDARS
-- ----------------------------
ALTER TABLE "QRTZ_CALENDARS" ADD CONSTRAINT "SYS_C008691" PRIMARY KEY ("SCHED_NAME", "CALENDAR_NAME");

-- ----------------------------
-- Checks structure for table QRTZ_CALENDARS
-- ----------------------------
ALTER TABLE "QRTZ_CALENDARS" ADD CONSTRAINT "SYS_C008589" CHECK ("SCHED_NAME" IS NOT NULL) NOT DEFERRABLE INITIALLY IMMEDIATE NORELY VALIDATE;
ALTER TABLE "QRTZ_CALENDARS" ADD CONSTRAINT "SYS_C008590" CHECK ("CALENDAR_NAME" IS NOT NULL) NOT DEFERRABLE INITIALLY IMMEDIATE NORELY VALIDATE;
ALTER TABLE "QRTZ_CALENDARS" ADD CONSTRAINT "SYS_C008591" CHECK ("CALENDAR" IS NOT NULL) NOT DEFERRABLE INITIALLY IMMEDIATE NORELY VALIDATE;
ALTER TABLE "QRTZ_CALENDARS" ADD CONSTRAINT "SYS_C008897" CHECK ("SCHED_NAME" IS NOT NULL) NOT DEFERRABLE INITIALLY IMMEDIATE NORELY VALIDATE;
ALTER TABLE "QRTZ_CALENDARS" ADD CONSTRAINT "SYS_C008898" CHECK ("CALENDAR_NAME" IS NOT NULL) NOT DEFERRABLE INITIALLY IMMEDIATE NORELY VALIDATE;
ALTER TABLE "QRTZ_CALENDARS" ADD CONSTRAINT "SYS_C008899" CHECK ("CALENDAR" IS NOT NULL) NOT DEFERRABLE INITIALLY IMMEDIATE NORELY VALIDATE;

-- ----------------------------
-- Primary Key structure for table QRTZ_CRON_TRIGGERS
-- ----------------------------
ALTER TABLE "QRTZ_CRON_TRIGGERS" ADD CONSTRAINT "SYS_C008693" PRIMARY KEY ("SCHED_NAME", "TRIGGER_NAME", "TRIGGER_GROUP");

-- ----------------------------
-- Checks structure for table QRTZ_CRON_TRIGGERS
-- ----------------------------
ALTER TABLE "QRTZ_CRON_TRIGGERS" ADD CONSTRAINT "SYS_C008601" CHECK ("SCHED_NAME" IS NOT NULL) NOT DEFERRABLE INITIALLY IMMEDIATE NORELY VALIDATE;
ALTER TABLE "QRTZ_CRON_TRIGGERS" ADD CONSTRAINT "SYS_C008602" CHECK ("TRIGGER_NAME" IS NOT NULL) NOT DEFERRABLE INITIALLY IMMEDIATE NORELY VALIDATE;
ALTER TABLE "QRTZ_CRON_TRIGGERS" ADD CONSTRAINT "SYS_C008603" CHECK ("TRIGGER_GROUP" IS NOT NULL) NOT DEFERRABLE INITIALLY IMMEDIATE NORELY VALIDATE;
ALTER TABLE "QRTZ_CRON_TRIGGERS" ADD CONSTRAINT "SYS_C008604" CHECK ("CRON_EXPRESSION" IS NOT NULL) NOT DEFERRABLE INITIALLY IMMEDIATE NORELY VALIDATE;
ALTER TABLE "QRTZ_CRON_TRIGGERS" ADD CONSTRAINT "SYS_C008900" CHECK ("SCHED_NAME" IS NOT NULL) NOT DEFERRABLE INITIALLY IMMEDIATE NORELY VALIDATE;
ALTER TABLE "QRTZ_CRON_TRIGGERS" ADD CONSTRAINT "SYS_C008901" CHECK ("TRIGGER_NAME" IS NOT NULL) NOT DEFERRABLE INITIALLY IMMEDIATE NORELY VALIDATE;
ALTER TABLE "QRTZ_CRON_TRIGGERS" ADD CONSTRAINT "SYS_C008902" CHECK ("TRIGGER_GROUP" IS NOT NULL) NOT DEFERRABLE INITIALLY IMMEDIATE NORELY VALIDATE;
ALTER TABLE "QRTZ_CRON_TRIGGERS" ADD CONSTRAINT "SYS_C008903" CHECK ("CRON_EXPRESSION" IS NOT NULL) NOT DEFERRABLE INITIALLY IMMEDIATE NORELY VALIDATE;

-- ----------------------------
-- Primary Key structure for table QRTZ_FIRED_TRIGGERS
-- ----------------------------
ALTER TABLE "QRTZ_FIRED_TRIGGERS" ADD CONSTRAINT "SYS_C008692" PRIMARY KEY ("SCHED_NAME", "ENTRY_ID");

-- ----------------------------
-- Checks structure for table QRTZ_FIRED_TRIGGERS
-- ----------------------------
ALTER TABLE "QRTZ_FIRED_TRIGGERS" ADD CONSTRAINT "SYS_C008592" CHECK ("SCHED_NAME" IS NOT NULL) NOT DEFERRABLE INITIALLY IMMEDIATE NORELY VALIDATE;
ALTER TABLE "QRTZ_FIRED_TRIGGERS" ADD CONSTRAINT "SYS_C008593" CHECK ("ENTRY_ID" IS NOT NULL) NOT DEFERRABLE INITIALLY IMMEDIATE NORELY VALIDATE;
ALTER TABLE "QRTZ_FIRED_TRIGGERS" ADD CONSTRAINT "SYS_C008594" CHECK ("TRIGGER_NAME" IS NOT NULL) NOT DEFERRABLE INITIALLY IMMEDIATE NORELY VALIDATE;
ALTER TABLE "QRTZ_FIRED_TRIGGERS" ADD CONSTRAINT "SYS_C008595" CHECK ("TRIGGER_GROUP" IS NOT NULL) NOT DEFERRABLE INITIALLY IMMEDIATE NORELY VALIDATE;
ALTER TABLE "QRTZ_FIRED_TRIGGERS" ADD CONSTRAINT "SYS_C008596" CHECK ("INSTANCE_NAME" IS NOT NULL) NOT DEFERRABLE INITIALLY IMMEDIATE NORELY VALIDATE;
ALTER TABLE "QRTZ_FIRED_TRIGGERS" ADD CONSTRAINT "SYS_C008597" CHECK ("FIRED_TIME" IS NOT NULL) NOT DEFERRABLE INITIALLY IMMEDIATE NORELY VALIDATE;
ALTER TABLE "QRTZ_FIRED_TRIGGERS" ADD CONSTRAINT "SYS_C008598" CHECK ("SCHED_TIME" IS NOT NULL) NOT DEFERRABLE INITIALLY IMMEDIATE NORELY VALIDATE;
ALTER TABLE "QRTZ_FIRED_TRIGGERS" ADD CONSTRAINT "SYS_C008599" CHECK ("PRIORITY" IS NOT NULL) NOT DEFERRABLE INITIALLY IMMEDIATE NORELY VALIDATE;
ALTER TABLE "QRTZ_FIRED_TRIGGERS" ADD CONSTRAINT "SYS_C008600" CHECK ("STATE" IS NOT NULL) NOT DEFERRABLE INITIALLY IMMEDIATE NORELY VALIDATE;
ALTER TABLE "QRTZ_FIRED_TRIGGERS" ADD CONSTRAINT "SYS_C008904" CHECK ("SCHED_NAME" IS NOT NULL) NOT DEFERRABLE INITIALLY IMMEDIATE NORELY VALIDATE;
ALTER TABLE "QRTZ_FIRED_TRIGGERS" ADD CONSTRAINT "SYS_C008905" CHECK ("ENTRY_ID" IS NOT NULL) NOT DEFERRABLE INITIALLY IMMEDIATE NORELY VALIDATE;
ALTER TABLE "QRTZ_FIRED_TRIGGERS" ADD CONSTRAINT "SYS_C008906" CHECK ("TRIGGER_NAME" IS NOT NULL) NOT DEFERRABLE INITIALLY IMMEDIATE NORELY VALIDATE;
ALTER TABLE "QRTZ_FIRED_TRIGGERS" ADD CONSTRAINT "SYS_C008907" CHECK ("TRIGGER_GROUP" IS NOT NULL) NOT DEFERRABLE INITIALLY IMMEDIATE NORELY VALIDATE;
ALTER TABLE "QRTZ_FIRED_TRIGGERS" ADD CONSTRAINT "SYS_C008908" CHECK ("INSTANCE_NAME" IS NOT NULL) NOT DEFERRABLE INITIALLY IMMEDIATE NORELY VALIDATE;
ALTER TABLE "QRTZ_FIRED_TRIGGERS" ADD CONSTRAINT "SYS_C008909" CHECK ("FIRED_TIME" IS NOT NULL) NOT DEFERRABLE INITIALLY IMMEDIATE NORELY VALIDATE;
ALTER TABLE "QRTZ_FIRED_TRIGGERS" ADD CONSTRAINT "SYS_C008910" CHECK ("SCHED_TIME" IS NOT NULL) NOT DEFERRABLE INITIALLY IMMEDIATE NORELY VALIDATE;
ALTER TABLE "QRTZ_FIRED_TRIGGERS" ADD CONSTRAINT "SYS_C008911" CHECK ("PRIORITY" IS NOT NULL) NOT DEFERRABLE INITIALLY IMMEDIATE NORELY VALIDATE;
ALTER TABLE "QRTZ_FIRED_TRIGGERS" ADD CONSTRAINT "SYS_C008912" CHECK ("STATE" IS NOT NULL) NOT DEFERRABLE INITIALLY IMMEDIATE NORELY VALIDATE;

-- ----------------------------
-- Primary Key structure for table QRTZ_JOB_DETAILS
-- ----------------------------
ALTER TABLE "QRTZ_JOB_DETAILS" ADD CONSTRAINT "SYS_C008694" PRIMARY KEY ("SCHED_NAME", "JOB_NAME", "JOB_GROUP");

-- ----------------------------
-- Checks structure for table QRTZ_JOB_DETAILS
-- ----------------------------
ALTER TABLE "QRTZ_JOB_DETAILS" ADD CONSTRAINT "SYS_C008605" CHECK ("SCHED_NAME" IS NOT NULL) NOT DEFERRABLE INITIALLY IMMEDIATE NORELY VALIDATE;
ALTER TABLE "QRTZ_JOB_DETAILS" ADD CONSTRAINT "SYS_C008606" CHECK ("JOB_NAME" IS NOT NULL) NOT DEFERRABLE INITIALLY IMMEDIATE NORELY VALIDATE;
ALTER TABLE "QRTZ_JOB_DETAILS" ADD CONSTRAINT "SYS_C008607" CHECK ("JOB_GROUP" IS NOT NULL) NOT DEFERRABLE INITIALLY IMMEDIATE NORELY VALIDATE;
ALTER TABLE "QRTZ_JOB_DETAILS" ADD CONSTRAINT "SYS_C008608" CHECK ("JOB_CLASS_NAME" IS NOT NULL) NOT DEFERRABLE INITIALLY IMMEDIATE NORELY VALIDATE;
ALTER TABLE "QRTZ_JOB_DETAILS" ADD CONSTRAINT "SYS_C008609" CHECK ("IS_DURABLE" IS NOT NULL) NOT DEFERRABLE INITIALLY IMMEDIATE NORELY VALIDATE;
ALTER TABLE "QRTZ_JOB_DETAILS" ADD CONSTRAINT "SYS_C008610" CHECK ("IS_NONCONCURRENT" IS NOT NULL) NOT DEFERRABLE INITIALLY IMMEDIATE NORELY VALIDATE;
ALTER TABLE "QRTZ_JOB_DETAILS" ADD CONSTRAINT "SYS_C008611" CHECK ("IS_UPDATE_DATA" IS NOT NULL) NOT DEFERRABLE INITIALLY IMMEDIATE NORELY VALIDATE;
ALTER TABLE "QRTZ_JOB_DETAILS" ADD CONSTRAINT "SYS_C008612" CHECK ("REQUESTS_RECOVERY" IS NOT NULL) NOT DEFERRABLE INITIALLY IMMEDIATE NORELY VALIDATE;
ALTER TABLE "QRTZ_JOB_DETAILS" ADD CONSTRAINT "SYS_C008913" CHECK ("SCHED_NAME" IS NOT NULL) NOT DEFERRABLE INITIALLY IMMEDIATE NORELY VALIDATE;
ALTER TABLE "QRTZ_JOB_DETAILS" ADD CONSTRAINT "SYS_C008914" CHECK ("JOB_NAME" IS NOT NULL) NOT DEFERRABLE INITIALLY IMMEDIATE NORELY VALIDATE;
ALTER TABLE "QRTZ_JOB_DETAILS" ADD CONSTRAINT "SYS_C008915" CHECK ("JOB_GROUP" IS NOT NULL) NOT DEFERRABLE INITIALLY IMMEDIATE NORELY VALIDATE;
ALTER TABLE "QRTZ_JOB_DETAILS" ADD CONSTRAINT "SYS_C008916" CHECK ("JOB_CLASS_NAME" IS NOT NULL) NOT DEFERRABLE INITIALLY IMMEDIATE NORELY VALIDATE;
ALTER TABLE "QRTZ_JOB_DETAILS" ADD CONSTRAINT "SYS_C008917" CHECK ("IS_DURABLE" IS NOT NULL) NOT DEFERRABLE INITIALLY IMMEDIATE NORELY VALIDATE;
ALTER TABLE "QRTZ_JOB_DETAILS" ADD CONSTRAINT "SYS_C008918" CHECK ("IS_NONCONCURRENT" IS NOT NULL) NOT DEFERRABLE INITIALLY IMMEDIATE NORELY VALIDATE;
ALTER TABLE "QRTZ_JOB_DETAILS" ADD CONSTRAINT "SYS_C008919" CHECK ("IS_UPDATE_DATA" IS NOT NULL) NOT DEFERRABLE INITIALLY IMMEDIATE NORELY VALIDATE;
ALTER TABLE "QRTZ_JOB_DETAILS" ADD CONSTRAINT "SYS_C008920" CHECK ("REQUESTS_RECOVERY" IS NOT NULL) NOT DEFERRABLE INITIALLY IMMEDIATE NORELY VALIDATE;

-- ----------------------------
-- Primary Key structure for table QRTZ_LOCKS
-- ----------------------------
ALTER TABLE "QRTZ_LOCKS" ADD CONSTRAINT "SYS_C008695" PRIMARY KEY ("SCHED_NAME", "LOCK_NAME");

-- ----------------------------
-- Checks structure for table QRTZ_LOCKS
-- ----------------------------
ALTER TABLE "QRTZ_LOCKS" ADD CONSTRAINT "SYS_C008613" CHECK ("SCHED_NAME" IS NOT NULL) NOT DEFERRABLE INITIALLY IMMEDIATE NORELY VALIDATE;
ALTER TABLE "QRTZ_LOCKS" ADD CONSTRAINT "SYS_C008614" CHECK ("LOCK_NAME" IS NOT NULL) NOT DEFERRABLE INITIALLY IMMEDIATE NORELY VALIDATE;
ALTER TABLE "QRTZ_LOCKS" ADD CONSTRAINT "SYS_C008921" CHECK ("SCHED_NAME" IS NOT NULL) NOT DEFERRABLE INITIALLY IMMEDIATE NORELY VALIDATE;
ALTER TABLE "QRTZ_LOCKS" ADD CONSTRAINT "SYS_C008922" CHECK ("LOCK_NAME" IS NOT NULL) NOT DEFERRABLE INITIALLY IMMEDIATE NORELY VALIDATE;

-- ----------------------------
-- Primary Key structure for table QRTZ_PAUSED_TRIGGER_GRPS
-- ----------------------------
ALTER TABLE "QRTZ_PAUSED_TRIGGER_GRPS" ADD CONSTRAINT "SYS_C008696" PRIMARY KEY ("SCHED_NAME", "TRIGGER_GROUP");

-- ----------------------------
-- Checks structure for table QRTZ_PAUSED_TRIGGER_GRPS
-- ----------------------------
ALTER TABLE "QRTZ_PAUSED_TRIGGER_GRPS" ADD CONSTRAINT "SYS_C008615" CHECK ("SCHED_NAME" IS NOT NULL) NOT DEFERRABLE INITIALLY IMMEDIATE NORELY VALIDATE;
ALTER TABLE "QRTZ_PAUSED_TRIGGER_GRPS" ADD CONSTRAINT "SYS_C008616" CHECK ("TRIGGER_GROUP" IS NOT NULL) NOT DEFERRABLE INITIALLY IMMEDIATE NORELY VALIDATE;
ALTER TABLE "QRTZ_PAUSED_TRIGGER_GRPS" ADD CONSTRAINT "SYS_C008923" CHECK ("SCHED_NAME" IS NOT NULL) NOT DEFERRABLE INITIALLY IMMEDIATE NORELY VALIDATE;
ALTER TABLE "QRTZ_PAUSED_TRIGGER_GRPS" ADD CONSTRAINT "SYS_C008924" CHECK ("TRIGGER_GROUP" IS NOT NULL) NOT DEFERRABLE INITIALLY IMMEDIATE NORELY VALIDATE;

-- ----------------------------
-- Primary Key structure for table QRTZ_SCHEDULER_STATE
-- ----------------------------
ALTER TABLE "QRTZ_SCHEDULER_STATE" ADD CONSTRAINT "SYS_C008697" PRIMARY KEY ("SCHED_NAME", "INSTANCE_NAME");

-- ----------------------------
-- Checks structure for table QRTZ_SCHEDULER_STATE
-- ----------------------------
ALTER TABLE "QRTZ_SCHEDULER_STATE" ADD CONSTRAINT "SYS_C008617" CHECK ("SCHED_NAME" IS NOT NULL) NOT DEFERRABLE INITIALLY IMMEDIATE NORELY VALIDATE;
ALTER TABLE "QRTZ_SCHEDULER_STATE" ADD CONSTRAINT "SYS_C008618" CHECK ("INSTANCE_NAME" IS NOT NULL) NOT DEFERRABLE INITIALLY IMMEDIATE NORELY VALIDATE;
ALTER TABLE "QRTZ_SCHEDULER_STATE" ADD CONSTRAINT "SYS_C008619" CHECK ("LAST_CHECKIN_TIME" IS NOT NULL) NOT DEFERRABLE INITIALLY IMMEDIATE NORELY VALIDATE;
ALTER TABLE "QRTZ_SCHEDULER_STATE" ADD CONSTRAINT "SYS_C008620" CHECK ("CHECKIN_INTERVAL" IS NOT NULL) NOT DEFERRABLE INITIALLY IMMEDIATE NORELY VALIDATE;
ALTER TABLE "QRTZ_SCHEDULER_STATE" ADD CONSTRAINT "SYS_C008925" CHECK ("SCHED_NAME" IS NOT NULL) NOT DEFERRABLE INITIALLY IMMEDIATE NORELY VALIDATE;
ALTER TABLE "QRTZ_SCHEDULER_STATE" ADD CONSTRAINT "SYS_C008926" CHECK ("INSTANCE_NAME" IS NOT NULL) NOT DEFERRABLE INITIALLY IMMEDIATE NORELY VALIDATE;
ALTER TABLE "QRTZ_SCHEDULER_STATE" ADD CONSTRAINT "SYS_C008927" CHECK ("LAST_CHECKIN_TIME" IS NOT NULL) NOT DEFERRABLE INITIALLY IMMEDIATE NORELY VALIDATE;
ALTER TABLE "QRTZ_SCHEDULER_STATE" ADD CONSTRAINT "SYS_C008928" CHECK ("CHECKIN_INTERVAL" IS NOT NULL) NOT DEFERRABLE INITIALLY IMMEDIATE NORELY VALIDATE;

-- ----------------------------
-- Primary Key structure for table QRTZ_SIMPLE_TRIGGERS
-- ----------------------------
ALTER TABLE "QRTZ_SIMPLE_TRIGGERS" ADD CONSTRAINT "SYS_C008698" PRIMARY KEY ("SCHED_NAME", "TRIGGER_NAME", "TRIGGER_GROUP");

-- ----------------------------
-- Checks structure for table QRTZ_SIMPLE_TRIGGERS
-- ----------------------------
ALTER TABLE "QRTZ_SIMPLE_TRIGGERS" ADD CONSTRAINT "SYS_C008621" CHECK ("SCHED_NAME" IS NOT NULL) NOT DEFERRABLE INITIALLY IMMEDIATE NORELY VALIDATE;
ALTER TABLE "QRTZ_SIMPLE_TRIGGERS" ADD CONSTRAINT "SYS_C008622" CHECK ("TRIGGER_NAME" IS NOT NULL) NOT DEFERRABLE INITIALLY IMMEDIATE NORELY VALIDATE;
ALTER TABLE "QRTZ_SIMPLE_TRIGGERS" ADD CONSTRAINT "SYS_C008623" CHECK ("TRIGGER_GROUP" IS NOT NULL) NOT DEFERRABLE INITIALLY IMMEDIATE NORELY VALIDATE;
ALTER TABLE "QRTZ_SIMPLE_TRIGGERS" ADD CONSTRAINT "SYS_C008624" CHECK ("REPEAT_COUNT" IS NOT NULL) NOT DEFERRABLE INITIALLY IMMEDIATE NORELY VALIDATE;
ALTER TABLE "QRTZ_SIMPLE_TRIGGERS" ADD CONSTRAINT "SYS_C008625" CHECK ("REPEAT_INTERVAL" IS NOT NULL) NOT DEFERRABLE INITIALLY IMMEDIATE NORELY VALIDATE;
ALTER TABLE "QRTZ_SIMPLE_TRIGGERS" ADD CONSTRAINT "SYS_C008626" CHECK ("TIMES_TRIGGERED" IS NOT NULL) NOT DEFERRABLE INITIALLY IMMEDIATE NORELY VALIDATE;
ALTER TABLE "QRTZ_SIMPLE_TRIGGERS" ADD CONSTRAINT "SYS_C008929" CHECK ("SCHED_NAME" IS NOT NULL) NOT DEFERRABLE INITIALLY IMMEDIATE NORELY VALIDATE;
ALTER TABLE "QRTZ_SIMPLE_TRIGGERS" ADD CONSTRAINT "SYS_C008930" CHECK ("TRIGGER_NAME" IS NOT NULL) NOT DEFERRABLE INITIALLY IMMEDIATE NORELY VALIDATE;
ALTER TABLE "QRTZ_SIMPLE_TRIGGERS" ADD CONSTRAINT "SYS_C008931" CHECK ("TRIGGER_GROUP" IS NOT NULL) NOT DEFERRABLE INITIALLY IMMEDIATE NORELY VALIDATE;
ALTER TABLE "QRTZ_SIMPLE_TRIGGERS" ADD CONSTRAINT "SYS_C008932" CHECK ("REPEAT_COUNT" IS NOT NULL) NOT DEFERRABLE INITIALLY IMMEDIATE NORELY VALIDATE;
ALTER TABLE "QRTZ_SIMPLE_TRIGGERS" ADD CONSTRAINT "SYS_C008933" CHECK ("REPEAT_INTERVAL" IS NOT NULL) NOT DEFERRABLE INITIALLY IMMEDIATE NORELY VALIDATE;
ALTER TABLE "QRTZ_SIMPLE_TRIGGERS" ADD CONSTRAINT "SYS_C008934" CHECK ("TIMES_TRIGGERED" IS NOT NULL) NOT DEFERRABLE INITIALLY IMMEDIATE NORELY VALIDATE;

-- ----------------------------
-- Primary Key structure for table QRTZ_SIMPROP_TRIGGERS
-- ----------------------------
ALTER TABLE "QRTZ_SIMPROP_TRIGGERS" ADD CONSTRAINT "SYS_C008699" PRIMARY KEY ("SCHED_NAME", "TRIGGER_NAME", "TRIGGER_GROUP");

-- ----------------------------
-- Checks structure for table QRTZ_SIMPROP_TRIGGERS
-- ----------------------------
ALTER TABLE "QRTZ_SIMPROP_TRIGGERS" ADD CONSTRAINT "SYS_C008627" CHECK ("SCHED_NAME" IS NOT NULL) NOT DEFERRABLE INITIALLY IMMEDIATE NORELY VALIDATE;
ALTER TABLE "QRTZ_SIMPROP_TRIGGERS" ADD CONSTRAINT "SYS_C008628" CHECK ("TRIGGER_NAME" IS NOT NULL) NOT DEFERRABLE INITIALLY IMMEDIATE NORELY VALIDATE;
ALTER TABLE "QRTZ_SIMPROP_TRIGGERS" ADD CONSTRAINT "SYS_C008629" CHECK ("TRIGGER_GROUP" IS NOT NULL) NOT DEFERRABLE INITIALLY IMMEDIATE NORELY VALIDATE;
ALTER TABLE "QRTZ_SIMPROP_TRIGGERS" ADD CONSTRAINT "SYS_C008935" CHECK ("SCHED_NAME" IS NOT NULL) NOT DEFERRABLE INITIALLY IMMEDIATE NORELY VALIDATE;
ALTER TABLE "QRTZ_SIMPROP_TRIGGERS" ADD CONSTRAINT "SYS_C008936" CHECK ("TRIGGER_NAME" IS NOT NULL) NOT DEFERRABLE INITIALLY IMMEDIATE NORELY VALIDATE;
ALTER TABLE "QRTZ_SIMPROP_TRIGGERS" ADD CONSTRAINT "SYS_C008937" CHECK ("TRIGGER_GROUP" IS NOT NULL) NOT DEFERRABLE INITIALLY IMMEDIATE NORELY VALIDATE;

-- ----------------------------
-- Primary Key structure for table QRTZ_TRIGGERS
-- ----------------------------
ALTER TABLE "QRTZ_TRIGGERS" ADD CONSTRAINT "SYS_C008700" PRIMARY KEY ("SCHED_NAME", "TRIGGER_NAME", "TRIGGER_GROUP");

-- ----------------------------
-- Checks structure for table QRTZ_TRIGGERS
-- ----------------------------
ALTER TABLE "QRTZ_TRIGGERS" ADD CONSTRAINT "SYS_C008630" CHECK ("SCHED_NAME" IS NOT NULL) NOT DEFERRABLE INITIALLY IMMEDIATE NORELY VALIDATE;
ALTER TABLE "QRTZ_TRIGGERS" ADD CONSTRAINT "SYS_C008631" CHECK ("TRIGGER_NAME" IS NOT NULL) NOT DEFERRABLE INITIALLY IMMEDIATE NORELY VALIDATE;
ALTER TABLE "QRTZ_TRIGGERS" ADD CONSTRAINT "SYS_C008632" CHECK ("TRIGGER_GROUP" IS NOT NULL) NOT DEFERRABLE INITIALLY IMMEDIATE NORELY VALIDATE;
ALTER TABLE "QRTZ_TRIGGERS" ADD CONSTRAINT "SYS_C008633" CHECK ("JOB_NAME" IS NOT NULL) NOT DEFERRABLE INITIALLY IMMEDIATE NORELY VALIDATE;
ALTER TABLE "QRTZ_TRIGGERS" ADD CONSTRAINT "SYS_C008634" CHECK ("JOB_GROUP" IS NOT NULL) NOT DEFERRABLE INITIALLY IMMEDIATE NORELY VALIDATE;
ALTER TABLE "QRTZ_TRIGGERS" ADD CONSTRAINT "SYS_C008635" CHECK ("TRIGGER_STATE" IS NOT NULL) NOT DEFERRABLE INITIALLY IMMEDIATE NORELY VALIDATE;
ALTER TABLE "QRTZ_TRIGGERS" ADD CONSTRAINT "SYS_C008636" CHECK ("TRIGGER_TYPE" IS NOT NULL) NOT DEFERRABLE INITIALLY IMMEDIATE NORELY VALIDATE;
ALTER TABLE "QRTZ_TRIGGERS" ADD CONSTRAINT "SYS_C008637" CHECK ("START_TIME" IS NOT NULL) NOT DEFERRABLE INITIALLY IMMEDIATE NORELY VALIDATE;
ALTER TABLE "QRTZ_TRIGGERS" ADD CONSTRAINT "SYS_C008938" CHECK ("SCHED_NAME" IS NOT NULL) NOT DEFERRABLE INITIALLY IMMEDIATE NORELY VALIDATE;
ALTER TABLE "QRTZ_TRIGGERS" ADD CONSTRAINT "SYS_C008939" CHECK ("TRIGGER_NAME" IS NOT NULL) NOT DEFERRABLE INITIALLY IMMEDIATE NORELY VALIDATE;
ALTER TABLE "QRTZ_TRIGGERS" ADD CONSTRAINT "SYS_C008940" CHECK ("TRIGGER_GROUP" IS NOT NULL) NOT DEFERRABLE INITIALLY IMMEDIATE NORELY VALIDATE;
ALTER TABLE "QRTZ_TRIGGERS" ADD CONSTRAINT "SYS_C008941" CHECK ("JOB_NAME" IS NOT NULL) NOT DEFERRABLE INITIALLY IMMEDIATE NORELY VALIDATE;
ALTER TABLE "QRTZ_TRIGGERS" ADD CONSTRAINT "SYS_C008942" CHECK ("JOB_GROUP" IS NOT NULL) NOT DEFERRABLE INITIALLY IMMEDIATE NORELY VALIDATE;
ALTER TABLE "QRTZ_TRIGGERS" ADD CONSTRAINT "SYS_C008943" CHECK ("TRIGGER_STATE" IS NOT NULL) NOT DEFERRABLE INITIALLY IMMEDIATE NORELY VALIDATE;
ALTER TABLE "QRTZ_TRIGGERS" ADD CONSTRAINT "SYS_C008944" CHECK ("TRIGGER_TYPE" IS NOT NULL) NOT DEFERRABLE INITIALLY IMMEDIATE NORELY VALIDATE;
ALTER TABLE "QRTZ_TRIGGERS" ADD CONSTRAINT "SYS_C008945" CHECK ("START_TIME" IS NOT NULL) NOT DEFERRABLE INITIALLY IMMEDIATE NORELY VALIDATE;

-- ----------------------------
-- Indexes structure for table QRTZ_TRIGGERS
-- ----------------------------
CREATE INDEX "SCHED_NAME"
  ON "QRTZ_TRIGGERS" ("SCHED_NAME" ASC, "JOB_NAME" ASC, "JOB_GROUP" ASC)
  LOGGING
  VISIBLE
PCTFREE 10
INITRANS 2
STORAGE (
  INITIAL 65536 
  NEXT 1048576 
  MINEXTENTS 1
  MAXEXTENTS 2147483645
  BUFFER_POOL DEFAULT
  FLASH_CACHE DEFAULT
)
   USABLE;

-- ----------------------------
-- Primary Key structure for table SYS_CONFIG
-- ----------------------------
ALTER TABLE "SYS_CONFIG" ADD CONSTRAINT "SYS_C008701" PRIMARY KEY ("CONFIG_ID");

-- ----------------------------
-- Checks structure for table SYS_CONFIG
-- ----------------------------
ALTER TABLE "SYS_CONFIG" ADD CONSTRAINT "SYS_C008638" CHECK ("CONFIG_ID" IS NOT NULL) NOT DEFERRABLE INITIALLY IMMEDIATE NORELY VALIDATE;
ALTER TABLE "SYS_CONFIG" ADD CONSTRAINT "SYS_C008946" CHECK ("CONFIG_ID" IS NOT NULL) NOT DEFERRABLE INITIALLY IMMEDIATE NORELY VALIDATE;

-- ----------------------------
-- Primary Key structure for table SYS_DEPT
-- ----------------------------
ALTER TABLE "SYS_DEPT" ADD CONSTRAINT "SYS_C008702" PRIMARY KEY ("DEPT_ID");

-- ----------------------------
-- Checks structure for table SYS_DEPT
-- ----------------------------
ALTER TABLE "SYS_DEPT" ADD CONSTRAINT "SYS_C008639" CHECK ("DEPT_ID" IS NOT NULL) NOT DEFERRABLE INITIALLY IMMEDIATE NORELY VALIDATE;
ALTER TABLE "SYS_DEPT" ADD CONSTRAINT "SYS_C008947" CHECK ("DEPT_ID" IS NOT NULL) NOT DEFERRABLE INITIALLY IMMEDIATE NORELY VALIDATE;

-- ----------------------------
-- Primary Key structure for table SYS_DICT_DATA
-- ----------------------------
ALTER TABLE "SYS_DICT_DATA" ADD CONSTRAINT "SYS_C008703" PRIMARY KEY ("DICT_CODE");

-- ----------------------------
-- Checks structure for table SYS_DICT_DATA
-- ----------------------------
ALTER TABLE "SYS_DICT_DATA" ADD CONSTRAINT "SYS_C008640" CHECK ("DICT_CODE" IS NOT NULL) NOT DEFERRABLE INITIALLY IMMEDIATE NORELY VALIDATE;
ALTER TABLE "SYS_DICT_DATA" ADD CONSTRAINT "SYS_C008948" CHECK ("DICT_CODE" IS NOT NULL) NOT DEFERRABLE INITIALLY IMMEDIATE NORELY VALIDATE;

-- ----------------------------
-- Primary Key structure for table SYS_DICT_TYPE
-- ----------------------------
ALTER TABLE "SYS_DICT_TYPE" ADD CONSTRAINT "SYS_C008705" PRIMARY KEY ("DICT_ID");

-- ----------------------------
-- Checks structure for table SYS_DICT_TYPE
-- ----------------------------
ALTER TABLE "SYS_DICT_TYPE" ADD CONSTRAINT "SYS_C008645" CHECK ("DICT_ID" IS NOT NULL) NOT DEFERRABLE INITIALLY IMMEDIATE NORELY VALIDATE;
ALTER TABLE "SYS_DICT_TYPE" ADD CONSTRAINT "SYS_C008949" CHECK ("DICT_ID" IS NOT NULL) NOT DEFERRABLE INITIALLY IMMEDIATE NORELY VALIDATE;

-- ----------------------------
-- Indexes structure for table SYS_DICT_TYPE
-- ----------------------------
CREATE UNIQUE INDEX "DICT_TYPE"
  ON "SYS_DICT_TYPE" ("DICT_TYPE" ASC)
  LOGGING
  VISIBLE
PCTFREE 10
INITRANS 2
STORAGE (
  INITIAL 65536 
  NEXT 1048576 
  MINEXTENTS 1
  MAXEXTENTS 2147483645
  BUFFER_POOL DEFAULT
  FLASH_CACHE DEFAULT
)
   USABLE;

-- ----------------------------
-- Primary Key structure for table SYS_JOB
-- ----------------------------
ALTER TABLE "SYS_JOB" ADD CONSTRAINT "SYS_C008704" PRIMARY KEY ("JOB_ID", "JOB_NAME", "JOB_GROUP");

-- ----------------------------
-- Checks structure for table SYS_JOB
-- ----------------------------
ALTER TABLE "SYS_JOB" ADD CONSTRAINT "SYS_C008641" CHECK ("JOB_ID" IS NOT NULL) NOT DEFERRABLE INITIALLY IMMEDIATE NORELY VALIDATE;
ALTER TABLE "SYS_JOB" ADD CONSTRAINT "SYS_C008642" CHECK ("JOB_NAME" IS NOT NULL) NOT DEFERRABLE INITIALLY IMMEDIATE NORELY VALIDATE;
ALTER TABLE "SYS_JOB" ADD CONSTRAINT "SYS_C008643" CHECK ("JOB_GROUP" IS NOT NULL) NOT DEFERRABLE INITIALLY IMMEDIATE NORELY VALIDATE;
ALTER TABLE "SYS_JOB" ADD CONSTRAINT "SYS_C008644" CHECK ("INVOKE_TARGET" IS NOT NULL) NOT DEFERRABLE INITIALLY IMMEDIATE NORELY VALIDATE;
ALTER TABLE "SYS_JOB" ADD CONSTRAINT "SYS_C008950" CHECK ("JOB_ID" IS NOT NULL) NOT DEFERRABLE INITIALLY IMMEDIATE NORELY VALIDATE;
ALTER TABLE "SYS_JOB" ADD CONSTRAINT "SYS_C008951" CHECK ("JOB_NAME" IS NOT NULL) NOT DEFERRABLE INITIALLY IMMEDIATE NORELY VALIDATE;
ALTER TABLE "SYS_JOB" ADD CONSTRAINT "SYS_C008952" CHECK ("JOB_GROUP" IS NOT NULL) NOT DEFERRABLE INITIALLY IMMEDIATE NORELY VALIDATE;
ALTER TABLE "SYS_JOB" ADD CONSTRAINT "SYS_C008953" CHECK ("INVOKE_TARGET" IS NOT NULL) NOT DEFERRABLE INITIALLY IMMEDIATE NORELY VALIDATE;

-- ----------------------------
-- Primary Key structure for table SYS_JOB_LOG
-- ----------------------------
ALTER TABLE "SYS_JOB_LOG" ADD CONSTRAINT "SYS_C008706" PRIMARY KEY ("JOB_LOG_ID");

-- ----------------------------
-- Checks structure for table SYS_JOB_LOG
-- ----------------------------
ALTER TABLE "SYS_JOB_LOG" ADD CONSTRAINT "SYS_C008646" CHECK ("JOB_LOG_ID" IS NOT NULL) NOT DEFERRABLE INITIALLY IMMEDIATE NORELY VALIDATE;
ALTER TABLE "SYS_JOB_LOG" ADD CONSTRAINT "SYS_C008647" CHECK ("JOB_NAME" IS NOT NULL) NOT DEFERRABLE INITIALLY IMMEDIATE NORELY VALIDATE;
ALTER TABLE "SYS_JOB_LOG" ADD CONSTRAINT "SYS_C008648" CHECK ("JOB_GROUP" IS NOT NULL) NOT DEFERRABLE INITIALLY IMMEDIATE NORELY VALIDATE;
ALTER TABLE "SYS_JOB_LOG" ADD CONSTRAINT "SYS_C008649" CHECK ("INVOKE_TARGET" IS NOT NULL) NOT DEFERRABLE INITIALLY IMMEDIATE NORELY VALIDATE;
ALTER TABLE "SYS_JOB_LOG" ADD CONSTRAINT "SYS_C008954" CHECK ("JOB_LOG_ID" IS NOT NULL) NOT DEFERRABLE INITIALLY IMMEDIATE NORELY VALIDATE;
ALTER TABLE "SYS_JOB_LOG" ADD CONSTRAINT "SYS_C008955" CHECK ("JOB_NAME" IS NOT NULL) NOT DEFERRABLE INITIALLY IMMEDIATE NORELY VALIDATE;
ALTER TABLE "SYS_JOB_LOG" ADD CONSTRAINT "SYS_C008956" CHECK ("JOB_GROUP" IS NOT NULL) NOT DEFERRABLE INITIALLY IMMEDIATE NORELY VALIDATE;
ALTER TABLE "SYS_JOB_LOG" ADD CONSTRAINT "SYS_C008957" CHECK ("INVOKE_TARGET" IS NOT NULL) NOT DEFERRABLE INITIALLY IMMEDIATE NORELY VALIDATE;

-- ----------------------------
-- Primary Key structure for table SYS_LOGININFOR
-- ----------------------------
ALTER TABLE "SYS_LOGININFOR" ADD CONSTRAINT "SYS_C008714" PRIMARY KEY ("INFO_ID");

-- ----------------------------
-- Checks structure for table SYS_LOGININFOR
-- ----------------------------
ALTER TABLE "SYS_LOGININFOR" ADD CONSTRAINT "SYS_C008650" CHECK ("INFO_ID" IS NOT NULL) NOT DEFERRABLE INITIALLY IMMEDIATE NORELY VALIDATE;
ALTER TABLE "SYS_LOGININFOR" ADD CONSTRAINT "SYS_C008958" CHECK ("INFO_ID" IS NOT NULL) NOT DEFERRABLE INITIALLY IMMEDIATE NORELY VALIDATE;

-- ----------------------------
-- Primary Key structure for table SYS_MENU
-- ----------------------------
ALTER TABLE "SYS_MENU" ADD CONSTRAINT "SYS_C008707" PRIMARY KEY ("MENU_ID");

-- ----------------------------
-- Checks structure for table SYS_MENU
-- ----------------------------
ALTER TABLE "SYS_MENU" ADD CONSTRAINT "SYS_C008651" CHECK ("MENU_ID" IS NOT NULL) NOT DEFERRABLE INITIALLY IMMEDIATE NORELY VALIDATE;
ALTER TABLE "SYS_MENU" ADD CONSTRAINT "SYS_C008652" CHECK ("MENU_NAME" IS NOT NULL) NOT DEFERRABLE INITIALLY IMMEDIATE NORELY VALIDATE;
ALTER TABLE "SYS_MENU" ADD CONSTRAINT "SYS_C008959" CHECK ("MENU_ID" IS NOT NULL) NOT DEFERRABLE INITIALLY IMMEDIATE NORELY VALIDATE;
ALTER TABLE "SYS_MENU" ADD CONSTRAINT "SYS_C008960" CHECK ("MENU_NAME" IS NOT NULL) NOT DEFERRABLE INITIALLY IMMEDIATE NORELY VALIDATE;

-- ----------------------------
-- Primary Key structure for table SYS_NOTICE
-- ----------------------------
ALTER TABLE "SYS_NOTICE" ADD CONSTRAINT "SYS_C008708" PRIMARY KEY ("NOTICE_ID");

-- ----------------------------
-- Checks structure for table SYS_NOTICE
-- ----------------------------
ALTER TABLE "SYS_NOTICE" ADD CONSTRAINT "SYS_C008653" CHECK ("NOTICE_ID" IS NOT NULL) NOT DEFERRABLE INITIALLY IMMEDIATE NORELY VALIDATE;
ALTER TABLE "SYS_NOTICE" ADD CONSTRAINT "SYS_C008654" CHECK ("NOTICE_TITLE" IS NOT NULL) NOT DEFERRABLE INITIALLY IMMEDIATE NORELY VALIDATE;
ALTER TABLE "SYS_NOTICE" ADD CONSTRAINT "SYS_C008655" CHECK ("NOTICE_TYPE" IS NOT NULL) NOT DEFERRABLE INITIALLY IMMEDIATE NORELY VALIDATE;
ALTER TABLE "SYS_NOTICE" ADD CONSTRAINT "SYS_C008961" CHECK ("NOTICE_ID" IS NOT NULL) NOT DEFERRABLE INITIALLY IMMEDIATE NORELY VALIDATE;
ALTER TABLE "SYS_NOTICE" ADD CONSTRAINT "SYS_C008962" CHECK ("NOTICE_TITLE" IS NOT NULL) NOT DEFERRABLE INITIALLY IMMEDIATE NORELY VALIDATE;
ALTER TABLE "SYS_NOTICE" ADD CONSTRAINT "SYS_C008963" CHECK ("NOTICE_TYPE" IS NOT NULL) NOT DEFERRABLE INITIALLY IMMEDIATE NORELY VALIDATE;

-- ----------------------------
-- Primary Key structure for table SYS_OPER_LOG
-- ----------------------------
ALTER TABLE "SYS_OPER_LOG" ADD CONSTRAINT "SYS_C008711" PRIMARY KEY ("OPER_ID");

-- ----------------------------
-- Checks structure for table SYS_OPER_LOG
-- ----------------------------
ALTER TABLE "SYS_OPER_LOG" ADD CONSTRAINT "SYS_C008656" CHECK ("OPER_ID" IS NOT NULL) NOT DEFERRABLE INITIALLY IMMEDIATE NORELY VALIDATE;
ALTER TABLE "SYS_OPER_LOG" ADD CONSTRAINT "SYS_C008964" CHECK ("OPER_ID" IS NOT NULL) NOT DEFERRABLE INITIALLY IMMEDIATE NORELY VALIDATE;

-- ----------------------------
-- Primary Key structure for table SYS_POST
-- ----------------------------
ALTER TABLE "SYS_POST" ADD CONSTRAINT "SYS_C008710" PRIMARY KEY ("POST_ID");

-- ----------------------------
-- Checks structure for table SYS_POST
-- ----------------------------
ALTER TABLE "SYS_POST" ADD CONSTRAINT "SYS_C008662" CHECK ("POST_ID" IS NOT NULL) NOT DEFERRABLE INITIALLY IMMEDIATE NORELY VALIDATE;
ALTER TABLE "SYS_POST" ADD CONSTRAINT "SYS_C008663" CHECK ("POST_CODE" IS NOT NULL) NOT DEFERRABLE INITIALLY IMMEDIATE NORELY VALIDATE;
ALTER TABLE "SYS_POST" ADD CONSTRAINT "SYS_C008664" CHECK ("POST_NAME" IS NOT NULL) NOT DEFERRABLE INITIALLY IMMEDIATE NORELY VALIDATE;
ALTER TABLE "SYS_POST" ADD CONSTRAINT "SYS_C008665" CHECK ("POST_SORT" IS NOT NULL) NOT DEFERRABLE INITIALLY IMMEDIATE NORELY VALIDATE;
ALTER TABLE "SYS_POST" ADD CONSTRAINT "SYS_C008666" CHECK ("STATUS" IS NOT NULL) NOT DEFERRABLE INITIALLY IMMEDIATE NORELY VALIDATE;
ALTER TABLE "SYS_POST" ADD CONSTRAINT "SYS_C008965" CHECK ("POST_ID" IS NOT NULL) NOT DEFERRABLE INITIALLY IMMEDIATE NORELY VALIDATE;
ALTER TABLE "SYS_POST" ADD CONSTRAINT "SYS_C008966" CHECK ("POST_CODE" IS NOT NULL) NOT DEFERRABLE INITIALLY IMMEDIATE NORELY VALIDATE;
ALTER TABLE "SYS_POST" ADD CONSTRAINT "SYS_C008967" CHECK ("POST_NAME" IS NOT NULL) NOT DEFERRABLE INITIALLY IMMEDIATE NORELY VALIDATE;
ALTER TABLE "SYS_POST" ADD CONSTRAINT "SYS_C008968" CHECK ("POST_SORT" IS NOT NULL) NOT DEFERRABLE INITIALLY IMMEDIATE NORELY VALIDATE;
ALTER TABLE "SYS_POST" ADD CONSTRAINT "SYS_C008969" CHECK ("STATUS" IS NOT NULL) NOT DEFERRABLE INITIALLY IMMEDIATE NORELY VALIDATE;

-- ----------------------------
-- Primary Key structure for table SYS_ROLE
-- ----------------------------
ALTER TABLE "SYS_ROLE" ADD CONSTRAINT "SYS_C008709" PRIMARY KEY ("ROLE_ID");

-- ----------------------------
-- Checks structure for table SYS_ROLE
-- ----------------------------
ALTER TABLE "SYS_ROLE" ADD CONSTRAINT "SYS_C008657" CHECK ("ROLE_ID" IS NOT NULL) NOT DEFERRABLE INITIALLY IMMEDIATE NORELY VALIDATE;
ALTER TABLE "SYS_ROLE" ADD CONSTRAINT "SYS_C008658" CHECK ("ROLE_NAME" IS NOT NULL) NOT DEFERRABLE INITIALLY IMMEDIATE NORELY VALIDATE;
ALTER TABLE "SYS_ROLE" ADD CONSTRAINT "SYS_C008659" CHECK ("ROLE_KEY" IS NOT NULL) NOT DEFERRABLE INITIALLY IMMEDIATE NORELY VALIDATE;
ALTER TABLE "SYS_ROLE" ADD CONSTRAINT "SYS_C008660" CHECK ("ROLE_SORT" IS NOT NULL) NOT DEFERRABLE INITIALLY IMMEDIATE NORELY VALIDATE;
ALTER TABLE "SYS_ROLE" ADD CONSTRAINT "SYS_C008661" CHECK ("STATUS" IS NOT NULL) NOT DEFERRABLE INITIALLY IMMEDIATE NORELY VALIDATE;
ALTER TABLE "SYS_ROLE" ADD CONSTRAINT "SYS_C008970" CHECK ("ROLE_ID" IS NOT NULL) NOT DEFERRABLE INITIALLY IMMEDIATE NORELY VALIDATE;
ALTER TABLE "SYS_ROLE" ADD CONSTRAINT "SYS_C008971" CHECK ("ROLE_NAME" IS NOT NULL) NOT DEFERRABLE INITIALLY IMMEDIATE NORELY VALIDATE;
ALTER TABLE "SYS_ROLE" ADD CONSTRAINT "SYS_C008972" CHECK ("ROLE_KEY" IS NOT NULL) NOT DEFERRABLE INITIALLY IMMEDIATE NORELY VALIDATE;
ALTER TABLE "SYS_ROLE" ADD CONSTRAINT "SYS_C008973" CHECK ("ROLE_SORT" IS NOT NULL) NOT DEFERRABLE INITIALLY IMMEDIATE NORELY VALIDATE;
ALTER TABLE "SYS_ROLE" ADD CONSTRAINT "SYS_C008974" CHECK ("STATUS" IS NOT NULL) NOT DEFERRABLE INITIALLY IMMEDIATE NORELY VALIDATE;

-- ----------------------------
-- Primary Key structure for table SYS_ROLE_DEPT
-- ----------------------------
ALTER TABLE "SYS_ROLE_DEPT" ADD CONSTRAINT "SYS_C008712" PRIMARY KEY ("ROLE_ID", "DEPT_ID");

-- ----------------------------
-- Checks structure for table SYS_ROLE_DEPT
-- ----------------------------
ALTER TABLE "SYS_ROLE_DEPT" ADD CONSTRAINT "SYS_C008667" CHECK ("ROLE_ID" IS NOT NULL) NOT DEFERRABLE INITIALLY IMMEDIATE NORELY VALIDATE;
ALTER TABLE "SYS_ROLE_DEPT" ADD CONSTRAINT "SYS_C008668" CHECK ("DEPT_ID" IS NOT NULL) NOT DEFERRABLE INITIALLY IMMEDIATE NORELY VALIDATE;
ALTER TABLE "SYS_ROLE_DEPT" ADD CONSTRAINT "SYS_C008975" CHECK ("ROLE_ID" IS NOT NULL) NOT DEFERRABLE INITIALLY IMMEDIATE NORELY VALIDATE;
ALTER TABLE "SYS_ROLE_DEPT" ADD CONSTRAINT "SYS_C008976" CHECK ("DEPT_ID" IS NOT NULL) NOT DEFERRABLE INITIALLY IMMEDIATE NORELY VALIDATE;

-- ----------------------------
-- Primary Key structure for table SYS_ROLE_MENU
-- ----------------------------
ALTER TABLE "SYS_ROLE_MENU" ADD CONSTRAINT "SYS_C008713" PRIMARY KEY ("ROLE_ID", "MENU_ID");

-- ----------------------------
-- Checks structure for table SYS_ROLE_MENU
-- ----------------------------
ALTER TABLE "SYS_ROLE_MENU" ADD CONSTRAINT "SYS_C008669" CHECK ("ROLE_ID" IS NOT NULL) NOT DEFERRABLE INITIALLY IMMEDIATE NORELY VALIDATE;
ALTER TABLE "SYS_ROLE_MENU" ADD CONSTRAINT "SYS_C008670" CHECK ("MENU_ID" IS NOT NULL) NOT DEFERRABLE INITIALLY IMMEDIATE NORELY VALIDATE;
ALTER TABLE "SYS_ROLE_MENU" ADD CONSTRAINT "SYS_C008977" CHECK ("ROLE_ID" IS NOT NULL) NOT DEFERRABLE INITIALLY IMMEDIATE NORELY VALIDATE;
ALTER TABLE "SYS_ROLE_MENU" ADD CONSTRAINT "SYS_C008978" CHECK ("MENU_ID" IS NOT NULL) NOT DEFERRABLE INITIALLY IMMEDIATE NORELY VALIDATE;

-- ----------------------------
-- Primary Key structure for table SYS_USER
-- ----------------------------
ALTER TABLE "SYS_USER" ADD CONSTRAINT "SYS_C008715" PRIMARY KEY ("USER_ID");

-- ----------------------------
-- Checks structure for table SYS_USER
-- ----------------------------
ALTER TABLE "SYS_USER" ADD CONSTRAINT "SYS_C008671" CHECK ("USER_ID" IS NOT NULL) NOT DEFERRABLE INITIALLY IMMEDIATE NORELY VALIDATE;
ALTER TABLE "SYS_USER" ADD CONSTRAINT "SYS_C008672" CHECK ("LOGIN_NAME" IS NOT NULL) NOT DEFERRABLE INITIALLY IMMEDIATE NORELY VALIDATE;
ALTER TABLE "SYS_USER" ADD CONSTRAINT "SYS_C008673" CHECK ("USER_NAME" IS NOT NULL) NOT DEFERRABLE INITIALLY IMMEDIATE NORELY VALIDATE;
ALTER TABLE "SYS_USER" ADD CONSTRAINT "SYS_C008979" CHECK ("USER_ID" IS NOT NULL) NOT DEFERRABLE INITIALLY IMMEDIATE NORELY VALIDATE;
ALTER TABLE "SYS_USER" ADD CONSTRAINT "SYS_C008980" CHECK ("LOGIN_NAME" IS NOT NULL) NOT DEFERRABLE INITIALLY IMMEDIATE NORELY VALIDATE;
ALTER TABLE "SYS_USER" ADD CONSTRAINT "SYS_C008981" CHECK ("USER_NAME" IS NOT NULL) NOT DEFERRABLE INITIALLY IMMEDIATE NORELY VALIDATE;

-- ----------------------------
-- Primary Key structure for table SYS_USER_ONLINE
-- ----------------------------
ALTER TABLE "SYS_USER_ONLINE" ADD CONSTRAINT "SYS_C008716" PRIMARY KEY ("SESSIONID");

-- ----------------------------
-- Checks structure for table SYS_USER_ONLINE
-- ----------------------------
ALTER TABLE "SYS_USER_ONLINE" ADD CONSTRAINT "SYS_C008674" CHECK ("SESSIONID" IS NOT NULL) NOT DEFERRABLE INITIALLY IMMEDIATE NORELY VALIDATE;
ALTER TABLE "SYS_USER_ONLINE" ADD CONSTRAINT "SYS_C008982" CHECK ("SESSIONID" IS NOT NULL) NOT DEFERRABLE INITIALLY IMMEDIATE NORELY VALIDATE;

-- ----------------------------
-- Primary Key structure for table SYS_USER_POST
-- ----------------------------
ALTER TABLE "SYS_USER_POST" ADD CONSTRAINT "SYS_C008718" PRIMARY KEY ("USER_ID", "POST_ID");

-- ----------------------------
-- Checks structure for table SYS_USER_POST
-- ----------------------------
ALTER TABLE "SYS_USER_POST" ADD CONSTRAINT "SYS_C008677" CHECK ("USER_ID" IS NOT NULL) NOT DEFERRABLE INITIALLY IMMEDIATE NORELY VALIDATE;
ALTER TABLE "SYS_USER_POST" ADD CONSTRAINT "SYS_C008678" CHECK ("POST_ID" IS NOT NULL) NOT DEFERRABLE INITIALLY IMMEDIATE NORELY VALIDATE;
ALTER TABLE "SYS_USER_POST" ADD CONSTRAINT "SYS_C008983" CHECK ("USER_ID" IS NOT NULL) NOT DEFERRABLE INITIALLY IMMEDIATE NORELY VALIDATE;
ALTER TABLE "SYS_USER_POST" ADD CONSTRAINT "SYS_C008984" CHECK ("POST_ID" IS NOT NULL) NOT DEFERRABLE INITIALLY IMMEDIATE NORELY VALIDATE;

-- ----------------------------
-- Primary Key structure for table SYS_USER_ROLE
-- ----------------------------
ALTER TABLE "SYS_USER_ROLE" ADD CONSTRAINT "SYS_C008717" PRIMARY KEY ("USER_ID", "ROLE_ID");

-- ----------------------------
-- Checks structure for table SYS_USER_ROLE
-- ----------------------------
ALTER TABLE "SYS_USER_ROLE" ADD CONSTRAINT "SYS_C008675" CHECK ("USER_ID" IS NOT NULL) NOT DEFERRABLE INITIALLY IMMEDIATE NORELY VALIDATE;
ALTER TABLE "SYS_USER_ROLE" ADD CONSTRAINT "SYS_C008676" CHECK ("ROLE_ID" IS NOT NULL) NOT DEFERRABLE INITIALLY IMMEDIATE NORELY VALIDATE;
ALTER TABLE "SYS_USER_ROLE" ADD CONSTRAINT "SYS_C008985" CHECK ("USER_ID" IS NOT NULL) NOT DEFERRABLE INITIALLY IMMEDIATE NORELY VALIDATE;
ALTER TABLE "SYS_USER_ROLE" ADD CONSTRAINT "SYS_C008986" CHECK ("ROLE_ID" IS NOT NULL) NOT DEFERRABLE INITIALLY IMMEDIATE NORELY VALIDATE;

-- ----------------------------
-- Primary Key structure for table T_USER
-- ----------------------------
ALTER TABLE "T_USER" ADD CONSTRAINT "SYS_C008719" PRIMARY KEY ("USER_ID");

-- ----------------------------
-- Checks structure for table T_USER
-- ----------------------------
ALTER TABLE "T_USER" ADD CONSTRAINT "SYS_C008679" CHECK ("USER_ID" IS NOT NULL) NOT DEFERRABLE INITIALLY IMMEDIATE NORELY VALIDATE;
ALTER TABLE "T_USER" ADD CONSTRAINT "SYS_C008987" CHECK ("USER_ID" IS NOT NULL) NOT DEFERRABLE INITIALLY IMMEDIATE NORELY VALIDATE;

-- ----------------------------
-- Foreign Keys structure for table ACT_GE_BYTEARRAY
-- ----------------------------

-- ----------------------------
-- Foreign Keys structure for table ACT_ID_MEMBERSHIP
-- ----------------------------

-- ----------------------------
-- Foreign Keys structure for table ACT_PROCDEF_INFO
-- ----------------------------

-- ----------------------------
-- Foreign Keys structure for table ACT_RE_MODEL
-- ----------------------------

-- ----------------------------
-- Foreign Keys structure for table ACT_RU_EVENT_SUBSCR
-- ----------------------------

-- ----------------------------
-- Foreign Keys structure for table ACT_RU_EXECUTION
-- ----------------------------

-- ----------------------------
-- Foreign Keys structure for table ACT_RU_IDENTITYLINK
-- ----------------------------

-- ----------------------------
-- Foreign Keys structure for table ACT_RU_JOB
-- ----------------------------

-- ----------------------------
-- Foreign Keys structure for table ACT_RU_TASK
-- ----------------------------

-- ----------------------------
-- Foreign Keys structure for table ACT_RU_VARIABLE
-- ----------------------------

-- ----------------------------
-- Foreign Keys structure for table QRTZ_BLOB_TRIGGERS
-- ----------------------------
ALTER TABLE "QRTZ_BLOB_TRIGGERS" ADD CONSTRAINT "QRTZ_BLOB_TRIGGERS_IBFK_1" FOREIGN KEY ("SCHED_NAME", "TRIGGER_NAME", "TRIGGER_GROUP") REFERENCES "QRTZ_TRIGGERS" ("SCHED_NAME", "TRIGGER_NAME", "TRIGGER_GROUP") NOT DEFERRABLE INITIALLY IMMEDIATE NORELY VALIDATE;

-- ----------------------------
-- Foreign Keys structure for table QRTZ_CRON_TRIGGERS
-- ----------------------------
ALTER TABLE "QRTZ_CRON_TRIGGERS" ADD CONSTRAINT "QRTZ_CRON_TRIGGERS_IBFK_1" FOREIGN KEY ("SCHED_NAME", "TRIGGER_NAME", "TRIGGER_GROUP") REFERENCES "QRTZ_TRIGGERS" ("SCHED_NAME", "TRIGGER_NAME", "TRIGGER_GROUP") NOT DEFERRABLE INITIALLY IMMEDIATE NORELY VALIDATE;

-- ----------------------------
-- Foreign Keys structure for table QRTZ_SIMPLE_TRIGGERS
-- ----------------------------
ALTER TABLE "QRTZ_SIMPLE_TRIGGERS" ADD CONSTRAINT "QRTZ_SIMPLE_TRIGGERS_IBFK_1" FOREIGN KEY ("SCHED_NAME", "TRIGGER_NAME", "TRIGGER_GROUP") REFERENCES "QRTZ_TRIGGERS" ("SCHED_NAME", "TRIGGER_NAME", "TRIGGER_GROUP") NOT DEFERRABLE INITIALLY IMMEDIATE NORELY VALIDATE;

-- ----------------------------
-- Foreign Keys structure for table QRTZ_SIMPROP_TRIGGERS
-- ----------------------------
ALTER TABLE "QRTZ_SIMPROP_TRIGGERS" ADD CONSTRAINT "QRTZ_SIMPROP_TRIGGERS_IBFK_1" FOREIGN KEY ("SCHED_NAME", "TRIGGER_NAME", "TRIGGER_GROUP") REFERENCES "QRTZ_TRIGGERS" ("SCHED_NAME", "TRIGGER_NAME", "TRIGGER_GROUP") NOT DEFERRABLE INITIALLY IMMEDIATE NORELY VALIDATE;
